:020000040800F2
:10C0000000000120616C0108716A0108796A010869
:10C01000816A0108896A0108916A0108000000002C
:10C02000000000000000000000000000A1F901086D
:10C03000996A01080000000081FB0108C9FB0108A2
:10C04000A96C0108A96C0108A96C0108A96C010878
:10C05000A96C0108A96C0108356B0108A96C0108DD
:10C06000A96C0108A96C0108A96C0108A96C010858
:10C07000A96C0108A96C0108A96C0108A96C010848
:10C08000A96C0108A96C0108A96C0108A96C010838
:10C09000A96C0108A96C0108A96C0108A96C010828
:10C0A000A96C0108A96C0108A96C0108A96C010818
:10C0B000A56A0108B96A0108A96C0108A96C010800
:10C0C000A96C0108A96C0108A96C0108A96C0108F8
:10C0D000A96C0108CD6A0108A96C0108E16A010890
:10C0E000A96C0108A96C0108A96C0108A96C0108D8
:10C0F000F56A0108A96C0108A96C0108A96C01087E
:10C10000A96C0108A96C0108016B0108A96C010860
:10C11000A96C0108A96C0108156B0108216B0108C5
:10C12000A96C0108A96C0108A96C0108A96C010897
:10C1300000000000000000000000000000000000FF
:10C1400000000000000000000000000000000000EF
:10C1500000000000000000000000000000000000DF
:10C1600000000000000000000000000000000000CF
:10C1700000000000000000000000000000000000BF
:10C1800000000000000000000000000000000000AF
:10C19000000000000000000000000000000000009F
:10C1A000000000000000000000000000000000008F
:10C1B000000000000000000000000000000000007F
:10C1C000000000000000000000000000000000006F
:10C1D000000000000000000000000000000000005F
:04C1E0005FF8E0F133
:10C1F00010B5054C237833B9044B13B10448AFF3A1
:10C2000000800123237010BDB0000020000000005A
:10C210007035020808B5034B1BB103490348AFF35F
:10C22000008008BD00000000B40000207035020846
:10C23000034613F8012B002AFBD1181A0138704766
:10C2400081F0004102E000BF83F0004330B54FEAC7
:10C2500041044FEA430594EA050F08BF90EA020F34
:10C260001FBF54EA000C55EA020C7FEA645C7FEAC7
:10C27000655C00F0E2804FEA5454D4EB5555B8BFEA
:10C280006D420CDD2C4480EA020281EA030382EA5B
:10C29000000083EA010180EA020281EA0303362DED
:10C2A00088BF30BD11F0004F4FEA01314FF4801CC0
:10C2B0004CEA113102D0404261EB410113F0004FD2
:10C2C0004FEA03334CEA133302D0524263EB430389
:10C2D00094EA050F00F0A780A4F10104D5F1200E27
:10C2E0000DDB02FA0EFC22FA05F2801841F1000182
:10C2F00003FA0EF2801843FA05F359410EE0A5F156
:10C3000020050EF1200E012A03FA0EFC28BF4CF086
:10C31000020C43FA05F3C01851EBE37101F000453C
:10C3200007D54FF0000EDCF1000C7EEB00006EEB49
:10C330000101B1F5801F1BD3B1F5001F0CD34908D3
:10C340005FEA30004FEA3C0C04F101044FEA44522A
:10C3500012F5800F80F09A80BCF1004F08BF5FEAB1
:10C36000500C50F1000041EB045141EA050130BD91
:10C370005FEA4C0C404141EB0101013C28BFB1F5A3
:10C38000801FE9D291F0000F04BF01460020B1FAEE
:10C3900081F308BF2033A3F10B03B3F120020CDAC1
:10C3A0000C3208DD02F1140CC2F10C0201FA0CF09F
:10C3B00021FA02F10CE002F11402D8BFC2F1200C04
:10C3C00001FA02F120FA0CFCDCBF41EA0C019040BA
:10C3D000E41AA2BF01EB0451294330BD6FEA040403
:10C3E0001F3C1CDA0C340EDC04F11404C4F12002EE
:10C3F00020FA04F001FA02F340EA030021FA04F300
:10C4000045EA030130BDC4F10C04C4F1200220FA56
:10C4100002F001FA04F340EA0300294630BD21FA94
:10C4200004F0294630BD94F0000F83F4801306BF5A
:10C4300081F480110134013D4EE77FEA645C18BF4E
:10C440007FEA655C29D094EA050F08BF90EA020FE5
:10C4500005D054EA000C04BF1946104630BD91EADD
:10C46000030F1EBF0021002030BD5FEA545C05D1E0
:10C470004000494128BF41F0004130BD14F580041F
:10C480003CBF01F5801130BD01F0004545F0FE4193
:10C4900041F470014FF0000030BD7FEA645C1ABFC8
:10C4A000194610467FEA655C1CBF0B46024650EAFF
:10C4B000013406BF52EA033591EA030F41F400212B
:10C4C00030BD00BF90F0000F04BF0021704730B5B1
:10C4D0004FF4806404F132044FF000054FF0000186
:10C4E00050E700BF90F0000F04BF0021704730B547
:10C4F0004FF4806404F1320410F0004548BF40421C
:10C500004FF000013EE700BF42004FEAE2014FEA70
:10C5100031014FEA02701FBF12F07F4393F07F4F4B
:10C5200081F06051704732F07F4208BF704793F04E
:10C530007F4F04BF41F40021704730B54FF4607461
:10C5400001F0004521F000411CE700BF50EA010264
:10C5500008BF704730B54FF000050AE050EA01020D
:10C5600008BF704730B511F0004502D5404261EB7D
:10C5700041014FF4806404F132045FEA915C3FF4BE
:10C58000D8AE4FF003025FEADC0C18BF03325FEA5B
:10C59000DC0C18BF033202EBDC02C2F1200300FA0C
:10C5A00003FC20FA02F001FA03FE40EA0E0021FA31
:10C5B00002F11444BDE600BF70B54FF0FF0C4CF41F
:10C5C000E06C1CEA11541DBF1CEA135594EA0C0FD1
:10C5D00095EA0C0F00F0DEF82C4481EA030621EA0C
:10C5E0004C5123EA4C5350EA013518BF52EA033547
:10C5F00041F4801143F4801338D0A0FB02CE4FF0F9
:10C600000005E1FB02E506F00042E0FB03E54FF028
:10C610000006E1FB03569CF0000F18BF4EF0010E20
:10C62000A4F1FF04B6F5007F64F5407404D25FEA1C
:10C630004E0E6D4146EB060642EAC62141EA5551CF
:10C640004FEAC52040EA5E504FEACE2EB4F1FD0C11
:10C6500088BFBCF5E06F1ED8BEF1004F08BF5FEA8F
:10C66000500E50F1000041EB045170BD06F0004641
:10C6700046EA010140EA020081EA0301B4EB5C04EE
:10C68000C2BFD4EB0C0541EA045170BD41F48011E6
:10C690004FF0000E013C00F3AB8014F1360FDEBF0B
:10C6A000002001F0004170BDC4F10004203C35DAE7
:10C6B0000C341BDC04F11404C4F1200500FA05F36A
:10C6C00020FA04F001FA05F240EA020001F000420B
:10C6D00021F0004110EBD37021FA04F642EB060181
:10C6E0005EEA430E08BF20EAD37070BDC4F10C04AB
:10C6F000C4F1200500FA04F320FA05F001FA04F26F
:10C7000040EA020001F0004110EBD37041F100015A
:10C710005EEA430E08BF20EAD37070BDC4F1200565
:10C7200000FA05F24EEA020E20FA04F301FA05F2CD
:10C7300043EA020321FA04F001F0004121FA04F275
:10C7400020EA020000EBD3705EEA430E08BF20EA45
:10C75000D37070BD94F0000F0FD101F0004640007F
:10C7600041EB010111F4801F08BF013CF7D041EA01
:10C77000060195F0000F18BF704703F00046520005
:10C7800043EB030313F4801F08BF013DF7D043EAD6
:10C790000603704794EA0C0F0CEA135518BF95EA8C
:10C7A0000C0F0CD050EA410618BF52EA4306D1D113
:10C7B00081EA030101F000414FF0000070BD50EA32
:10C7C000410606BF1046194652EA430619D094EABC
:10C7D0000C0F02D150EA013613D195EA0C0F05D1A6
:10C7E00052EA03361CBF104619460AD181EA0301FA
:10C7F00001F0004141F0FE4141F470014FF00000B2
:10C8000070BD41F0FE4141F4780170BD70B54FF04C
:10C81000FF0C4CF4E06C1CEA11541DBF1CEA1355CC
:10C8200094EA0C0F95EA0C0F00F0A7F8A4EB0504AE
:10C8300081EA030E52EA03354FEA013100F08880A5
:10C840004FEA03334FF0805545EA131343EA12636E
:10C850004FEA022245EA111545EA10654FEA002623
:10C860000EF000419D4208BF964244F1FD0404F5DC
:10C87000407402D25B084FEA3202B61A65EB030538
:10C880005B084FEA32024FF480104FF4002CB6EBF5
:10C89000020E75EB030E22BFB61A754640EA0C0075
:10C8A0005B084FEA3202B6EB020E75EB030E22BFB5
:10C8B000B61A754640EA5C005B084FEA3202B6EBF6
:10C8C000020E75EB030E22BFB61A754640EA9C00B5
:10C8D0005B084FEA3202B6EB020E75EB030E22BF85
:10C8E000B61A754640EADC0055EA060E18D04FEA43
:10C8F000051545EA16754FEA06164FEAC30343EAE3
:10C9000052734FEAC2025FEA1C1CC0D111F4801FAF
:10C910000BD141EA00014FF000004FF0004CB6E7A8
:10C9200011F4801F04BF01430020B4F1FD0C88BF47
:10C93000BCF5E06F3FF6AFAEB5EB030C04BFB6EB52
:10C94000020C5FEA500C50F1000041EB045170BD45
:10C950000EF0004E4EEA113114EB5C04C2BFD4EB72
:10C960000C0541EA045170BD41F480114FF0000EF6
:10C97000013C90E645EA060E8DE60CEA135594EA72
:10C980000C0F08BF95EA0C0F3FF43BAF94EA0C0F75
:10C990000AD150EA01347FF434AF95EA0C0F7FF4EA
:10C9A00025AF104619462CE795EA0C0F06D152EA3E
:10C9B00003353FF4FDAE1046194622E750EA410622
:10C9C00018BF52EA43067FF4C5AE50EA41047FF433
:10C9D0000DAF52EA43057FF4EBAE12E74FF0FF3C98
:10C9E00006E000BF4FF0010C02E000BF4FF0010C69
:10C9F0004DF804CD4FEA410C7FEA6C5C4FEA430CE2
:10CA000018BF7FEA6C5C1BD001B050EA410C0CBF30
:10CA100052EA430C91EA030F02BF90EA020F002092
:10CA2000704710F1000F91EA030F58BF994208BFF9
:10CA300090422CBFD8176FEAE37040F001007047B6
:10CA40004FEA410C7FEA6C5C02D150EA013C07D10D
:10CA50004FEA430C7FEA6C5CD6D152EA033CD3D058
:10CA60005DF8040B704700BF8446104662468C4652
:10CA70001946634600E000BF01B5FFF7B7FF002885
:10CA800048BF10F1000F01BD4DF808EDFFF7F4FFAE
:10CA90000CBF012000205DF808FB00BF4DF808ED39
:10CAA000FFF7EAFF34BF012000205DF808FB00BF5C
:10CAB0004DF808EDFFF7E0FF94BF012000205DF87E
:10CAC00008FB00BF4DF808EDFFF7CEFF94BF012033
:10CAD00000205DF808FB00BF4DF808EDFFF7C4FF2C
:10CAE00034BF012000205DF808FB00BF4FEA410C75
:10CAF0007FEA6C5C02D150EA013C0AD14FEA430C58
:10CB00007FEA6C5C02D152EA033C02D14FF0000094
:10CB100070474FF0010070474FEA410212F50012D2
:10CB200015D211D56FF47873B3EB625212D94FEA74
:10CB3000C12343F0004343EA505311F0004F23FA5E
:10CB400002F018BF404270474FF00000704750EAB3
:10CB5000013005D111F0004008BF6FF00040704770
:10CB60004FF00000704700BF4FEA4102B2F1E043CE
:10CB700024BFB3F5001CDCF1FE5C0DD901F0004CC4
:10CB80004FEAC0024CEA5070B2F1004F40EB830014
:10CB900008BF20F00100704711F0804F21D113F140
:10CBA0003872BCBF01F00040704741F480114FEA79
:10CBB0005252C2F11802C2F1200C10FA0CF320FA02
:10CBC00002F018BF40F001004FEAC1234FEAD3231F
:10CBD00003FA0CFC40EA0C0023FA02F34FEA430389
:10CBE000CCE77FEA625307D150EA01331EBF4FF012
:10CBF000FE4040F44000704701F0004040F0FE402D
:10CC000040F40000704700BF80F0004002E000BF29
:10CC100081F0004142001FBF5FEA410392EA030F27
:10CC20007FEA226C7FEA236C6AD04FEA1262D2EB71
:10CC30001363C1BFD218414048404140B8BF5B4276
:10CC4000192B88BF704710F0004F40F4000020F00F
:10CC50007F4018BF404211F0004F41F4000121F025
:10CC60007F4118BF494292EA030F3FD0A2F101026F
:10CC700041FA03FC10EB0C00C3F1200301FA03F1AD
:10CC800000F0004302D5494260EB4000B0F5000FD0
:10CC900013D3B0F1807F06D340084FEA310102F18F
:10CCA0000102FE2A51D2B1F1004F40EBC25008BF41
:10CCB00020F0010040EA03007047490040EB00000B
:10CCC000013A28BFB0F5000FEDD2B0FA80FCACF10C
:10CCD000080CB2EB0C0200FA0CF0AABF00EBC25039
:10CCE00052421843BCBFD0401843704792F0000F27
:10CCF00081F4000106BF80F400000132013BB5E77A
:10CD00004FEA41037FEA226C18BF7FEA236C21D0EF
:10CD100092EA030F04D092F0000F08BF0846704754
:10CD200090EA010F1CBF0020704712F07F4F04D122
:10CD3000400028BF40F00040704712F100723CBF35
:10CD400000F50000704700F0004343F0FE4040F45F
:10CD5000000070477FEA226216BF08467FEA23631D
:10CD60000146420206BF5FEA412390EA010F40F408
:10CD7000800070474FF0000304E000BF10F0004354
:10CD800048BF40425FEA000C08BF704743F096433B
:10CD900001464FF000001CE050EA010208BF704756
:10CDA0004FF000030AE000BF50EA010208BF7047DD
:10CDB00011F0004302D5404261EB41015FEA010CF2
:10CDC00002BF84460146002043F0B64308BFA3F1EA
:10CDD0008053A3F50003BCFA8CF2083AA3EBC253CC
:10CDE00010DB01FA02FC634400FA02FCC2F12002EB
:10CDF000BCF1004F20FA02F243EB020008BF20F022
:10CE00000100704702F1200201FA02FCC2F1200287
:10CE100050EA4C0021FA02F243EB020008BF20EA7C
:10CE2000DC7070474FF0FF0C1CEAD0521EBF1CEAAA
:10CE3000D15392EA0C0F93EA0C0F6FD01A4480EA98
:10CE4000010C400218BF5FEA41211ED04FF0006381
:10CE500043EA501043EA5111A0FB01310CF00040AD
:10CE6000B1F5000F3EBF490041EAD3715B0040EAD3
:10CE7000010062F17F02FD2A1DD8B3F1004F40EBA3
:10CE8000C25008BF20F00100704790F0000F0CF076
:10CE9000004C08BF49024CEA502040EA51207F3A3A
:10CEA000C2BFD2F1FF0340EAC250704740F4000015
:10CEB0004FF00003013A5DDC12F1190FDCBF00F006
:10CEC00000407047C2F10002410021FA02F1C2F1B4
:10CED000200200FA02FC5FEA310040F1000053EA50
:10CEE0004C0308BF20EADC70704792F0000F00F09E
:10CEF000004C02BF400010F4000F013AF9D040EAA4
:10CF00000C0093F0000F01F0004C02BF490011F437
:10CF1000000F013BF9D041EA0C018FE70CEAD15335
:10CF200092EA0C0F18BF93EA0C0F0AD030F0004CB5
:10CF300018BF31F0004CD8D180EA010000F0004069
:10CF4000704790F0000F17BF90F0004F084691F027
:10CF5000000F91F0004F14D092EA0C0F01D1420261
:10CF60000FD193EA0C0F03D14B0218BF084608D12A
:10CF700080EA010000F0004040F0FE4040F4000074
:10CF8000704740F0FE4040F4400070474FF0FF0C07
:10CF90001CEAD0521EBF1CEAD15392EA0C0F93EA4E
:10CFA0000C0F69D0A2EB030280EA010C49024FEAA0
:10CFB000402037D04FF0805343EA111143EA101359
:10CFC0000CF000408B4238BF5B0042F17D024FF411
:10CFD000000C8B4224BF5B1A40EA0C00B3EB510FEC
:10CFE00024BFA3EB510340EA5C00B3EB910F24BFD5
:10CFF000A3EB910340EA9C00B3EBD10F24BFA3EB5A
:10D00000D10340EADC001B0118BF5FEA1C1CE0D121
:10D01000FD2A3FF650AF8B4240EBC25008BF20F0D4
:10D02000010070470CF0004C4CEA50207F32C2BF28
:10D03000D2F1FF0340EAC250704740F400004FF0C5
:10D040000003013A37E792F0000F00F0004C02BFF6
:10D05000400010F4000F013AF9D040EA0C0093F0C0
:10D06000000F01F0004C02BF490011F4000F013B1A
:10D07000F9D041EA0C0195E70CEAD15392EA0C0F82
:10D0800008D142027FF47DAF93EA0C0F7FF470AFBA
:10D09000084676E793EA0C0F04D14B023FF44CAFFD
:10D0A00008466EE730F0004C18BF31F0004CCAD192
:10D0B00030F000427FF45CAF31F000437FF43CAFCE
:10D0C0005FE700BF4FF0FF3C06E000BF4FF0010CF0
:10D0D00002E000BF4FF0010C4DF804CD4FEA4002D2
:10D0E0004FEA41037FEA226C18BF7FEA236C11D01C
:10D0F00001B052EA530C18BF90EA010F58BFB2EBCF
:10D10000030088BFC81738BF6FEAE17018BF40F04E
:10D11000010070477FEA226C02D15FEA402C05D102
:10D120007FEA236CE4D15FEA412CE1D05DF8040B87
:10D13000704700BF844608466146FFE70FB5FFF71A
:10D14000C9FF002848BF10F1000F0FBD4DF808EDD2
:10D15000FFF7F4FF0CBF012000205DF808FB00BFC3
:10D160004DF808EDFFF7EAFF34BF012000205DF81D
:10D1700008FB00BF4DF808EDFFF7E0FF94BF01206A
:10D1800000205DF808FB00BF4DF808EDFFF7D2FF67
:10D1900094BF012000205DF808FB00BF4DF808EDAA
:10D1A000FFF7C8FF34BF012000205DF808FB00BF77
:10D1B0004FEA40024FEA41037FEA226C02D15FEA64
:10D1C000402C08D17FEA236C02D15FEA412C02D1C6
:10D1D0004FF0000070474FF0010070474FEA4002E7
:10D1E000B2F1FE4F0FD34FF09E03B3EB12620DD995
:10D1F0004FEA002343F0004310F0004F23FA02F0FF
:10D2000018BF404270474FF00000704712F1610FA5
:10D2100001D1420205D110F0004008BF6FF000407C
:10D2200070474FF00000704742000ED2B2F1FE4F3F
:10D230000BD34FF09E03B3EB126209D44FEA0023E5
:10D2400043F0004323FA02F070474FF000007047AC
:10D2500012F1610F01D1420202D14FF0FF3070474D
:10D260004FF00000704700BF80B588B004AF786011
:10D270000B46FB70FB78302B05D0302B06DC102BD7
:10D2800001D0202B02D1FB78FB7301E00023FB735C
:10D29000282302930123019307F10F030093012335
:10D2A0007F22D02178680BF025F803461846103706
:10D2B000BD4680BD80B588B004AF78600023FB72A6
:10D2C00000217868FFF7D0FF0346FB73FB7B002B40
:10D2D00003D0AF4B02221A70D6E228230293012317
:10D2E000019307F10B03009301230022D0217868FA
:10D2F0000BF0FAF80346FB73FB7B002B02D1FB7AA1
:10D30000EA2B03D0A24B03221A70BDE20023FB726A
:10D31000282302930123019307F10B0300930123B8
:10D320000622D02178680BF0DFF80346FB73FB7A06
:10D3300063F07F03DBB2FB72FB7B002B0FD1282352
:10D3400002930123019307F10B03009301230622AB
:10D35000D02178680AF0CEFF0346FB7327E0002354
:10D36000FB72282302930123019307F10B0300931F
:10D3700001230622D02178680BF0B6F80346FB7330
:10D38000FB7A63F07F03DBB2FB72FB7B002B0ED1D9
:10D39000282302930123019307F10B030093012338
:10D3A0000622D02178680AF0A5FF0346FB73FB7BB9
:10D3B000002B03D0764B04221A7065E2642009F03A
:10D3C000A7FC0023FB72282302930123019307F19A
:10D3D0000B03009301230622D02178680BF084F818
:10D3E0000346FB73FB7A23F00703DBB2FB72FB7A85
:10D3F00043F00103DBB2FB72FB7A23F00803DBB2DC
:10D40000FB72FB7B002B0ED1282302930123019397
:10D4100007F10B03009301230622D02178680AF05C
:10D4200069FF0346FB73FB7B002B03D0584B05229F
:10D430001A7029E20023FB7228230293012301932F
:10D4400007F10B03009301230622D02178680BF02B
:10D450004BF80346FB73FB7A03F04003002B16D016
:10D46000FB7A23F04003DBB2FB72FB7B002B0ED177
:10D47000282302930123019307F10B030093012357
:10D480000622D02178680AF035FF0346FB73FB7B48
:10D49000002B03D03E4B06221A70F5E10023FB72ED
:10D4A000282302930123019307F10B030093012327
:10D4B0000322D02178680BF017F80346FB73FB7A40
:10D4C00003F01003002B16D0FB7A23F01003DBB21D
:10D4D000FB72FB7B002B0ED12823029301230193C7
:10D4E00007F10B03009301230322D02178680AF08F
:10D4F00001FF0346FB73FB7B002B03D0244B072269
:10D500001A70C1E120217868FFF7AEFE0346FB7375
:10D51000FB7B002B05D020217868FFF7A5FE034692
:10D52000FB73FB7B002B03D0194B08221A70ABE175
:10D530000023FB72282302930123019307F10B03BD
:10D54000009301230022D02178680AF0CDFF034622
:10D55000FB73FB7AFF2B13D0FF23FB72FB7B002BAB
:10D560000ED1282302930123019307F10B030093AB
:10D5700001230022D02178680AF0BCFE0346FB7329
:10D58000FB7B002B06D0024B09221A707CE100BF06
:10D59000D00000200023FB72282302930123019373
:10D5A00007F10B03009301230122D02178680AF0D0
:10D5B0009BFF0346FB73FB7A03F00103002B09D0AA
:10D5C000FB7A03F00603042B04D1FB7A03F0380343
:10D5D000202B1BD0FB7A23F03F03DBB2FB72FB7ADC
:10D5E00043F02503DBB2FB72FB7B002B0ED128231B
:10D5F00002930123019307F10B03009301230122FE
:10D60000D02178680AF076FE0346FB73FB7B002B83
:10D6100003D09F4B0A221A7036E10023FB722823A5
:10D6200002930123019307F10B03009301230222CC
:10D63000D02178680AF058FF0346FB73FB7A03F0A9
:10D640000703072B1BD0FB7A23F00703DBB2FB7227
:10D65000FB7A43F00703DBB2FB72FB7B002B0ED19E
:10D66000282302930123019307F10B030093012365
:10D670000222D02178680AF03DFE0346FB73FB7B53
:10D68000002B03D0824B0B221A70FDE000233B815C
:10D690000023BB81322302930223019307F1080385
:10D6A000009301231022D02178680AF01DFF034661
:10D6B000FB733B7A1BB21B021AB27B7A1BB2134379
:10D6C0001BB2BB81BB89C3F30B03FF2B1CD03B7A7E
:10D6D00023F00F03DBB23B7200237B723B7A3B7279
:10D6E000FF237B72FB7B002B0ED13223029302239C
:10D6F000019307F10803009301231022D0217868D9
:10D700000AF0F8FD0346FB730023FB722823029303
:10D710000123019307F10B03009301231422D0216D
:10D7200078680AF0E1FE0346FB73FB7A03F001031D
:10D73000002B09D0FB7A03F00603042B04D1FB7AFB
:10D7400003F03803202B1BD0FB7A23F03F03DBB21E
:10D75000FB72FB7A43F02503DBB2FB72FB7B002BF1
:10D760000ED1282302930123019307F10B030093A9
:10D7700001231422D02178680AF0BCFD0346FB7314
:10D78000FB7B002B03D0424B0D221A707CE0002360
:10D79000FB72282302930123019307F10B030093EB
:10D7A00001231522D02178680AF09EFE0346FB7300
:10D7B000FB7A03F00303032B1BD0FB7A23F0030354
:10D7C000DBB2FB72FB7A43F00303DBB2FB72FB7B41
:10D7D000002B0ED1282302930123019307F10B03A1
:10D7E000009301231522D02178680AF083FD0346B7
:10D7F000FB73FB7B002B03D0254B0E221A7043E0FA
:10D8000000217868FFF730FD0346FB73FB7B002B9C
:10D8100003D01F4B0F221A7036E00023FB7228231F
:10D8200002930123019307F10B03009301230722C5
:10D83000D02178680AF058FE0346FB73FB7A002B70
:10D8400013D00023FB72FB7B002B0ED12823029305
:10D850000123019307F10B03009301230722D02139
:10D8600078680AF047FD0346FB73FB7B002B03D06F
:10D87000074B10221A7007E0054B01221A70102284
:10D880000021044813F0BEFE1037BD4680BD00BF26
:10D89000D0000020D4000020F0B58FB004AF786035
:10D8A0007B687B62FA237B847B8C4FF47A7202FB69
:10D8B00003F3A74AA2FB03239B09FB610123FB7629
:10D8C000F8690EF05BFEA34B1B78012B40F03A8108
:10D8D00007F108030C220021184613F093FE0021E3
:10D8E000786AFFF7C1FC0346FB76FB7E002B40F015
:10D8F0002B81642302930C23019307F10803009307
:10D9000001232D22D021786A0AF0EEFD0346FB7632
:10D91000FB7E002B40F01A818F4B1B781B018F4A36
:10D9200013447B613B7A1BB21B021AB27B7A1BB297
:10D9300013431AB27B691A80BB7A1BB21B021AB25C
:10D94000FB7A1BB213431AB27B695A803B7B1BB232
:10D950001B021AB27B7B1BB213431AB27B699A80FB
:10D96000BB7B1BB21B021AB2FB7B1BB213431AB266
:10D970007B69DA803B7C1BB21B021AB27B7C1BB238
:10D9800013431AB27B691A81BB7C1BB21B021AB209
:10D99000FB7C1BB213431AB27B695A817B69B3F9D2
:10D9A00000301A46642302FB03F3002B01DA03F66E
:10D9B000FF731B131AB27B691A807B69B3F90230BB
:10D9C0001A46642302FB03F3002B01DA03F6FF730C
:10D9D0001B131AB27B695A807B69B3F904301A466B
:10D9E000642302FB03F3002B01DA03F6FF731B131E
:10D9F0001AB27B699A807B69B3F906301A461346DE
:10DA00009B0013445B00564A82FB0312D211DB17C2
:10DA1000D31A1AB27B69DA807B69B3F908301A46E7
:10DA200013469B0013445B004D4A82FB0312D21144
:10DA3000DB17D31A1AB27B691A817B69B3F90A30F2
:10DA40001A4613469B0013445B00454A82FB0312AF
:10DA5000D211DB17D31A1AB27B695A817B69B3F9E9
:10DA600000301846FFF78AF9034683F000447B69CB
:10DA7000B3F902301846FFF781F905467B69B3F91F
:10DA800002301846FFF77AF9034619462846FFF791
:10DA9000C9F903461E467B69B3F904301846FFF7FF
:10DAA0006DF905467B69B3F904301846FFF766F94E
:10DAB000034619462846FFF7B5F90346194630468E
:10DAC000FFF7A8F80346184614F068FC0346194609
:10DAD000204614F061FC034622491846FFF7A2F9DC
:10DAE000034621491846FFF751FA03461846FFF747
:10DAF00075FB03461AB27B69DA817B69B3F90230A0
:10DB00001846FFF73BF904467B69B3F90430184621
:10DB1000FFF734F903461946204614F03DFC03464E
:10DB200010491846FFF77EF903460F491846FFF7DC
:10DB30002DFA03461846FFF751FB03461AB27B69DC
:10DB40009A81BDE600BFBBE600BFB9E600BFB7E6FD
:10DB5000D34D6210D0000020D1000020D40000205E
:10DB60003F06E76300003443DB0F494080B58CB0CB
:10DB700000AF7860844BDB69834A43F08053D36104
:10DB8000814BDB6903F080533B623B6A7E4BDB6970
:10DB90007D4A43F00063D3617B4BDB6903F0006394
:10DBA000FB61FB690BF03AFD774B1B6A03F0020344
:10DBB000002B1AD109F0A2F8F862734B1B6A724A63
:10DBC00043F0010313620AE009F098F80246FB6A89
:10DBD000D31AB3F5487F02D30BF02CFDD0E06A4B8B
:10DBE0001B6A03F00203002BEED0674B1B6ABB627B
:10DBF000BB6A03F44073B3F5807F0AD0BB6A23F499
:10DC00004073BB62BB6A43F48073BB625E4ABB6A0B
:10DC10001362BB6A03F40043002B05D15A4B1B6A05
:10DC2000594A43F400431362584B1B6B574A23F085
:10DC300001031363554B5B6B544A23F00403536396
:10DC40007B68534A1A607B684FF0FF325A607B68EA
:10DC500000229A60786808F0A7F80346002B02D0EB
:10DC60000BF0E8FC8CE00A21786808F067FE0346B8
:10DC70004AF2A552934240D007F1180300210A4608
:10DC80001A800A469A7000237B6100233B760023AA
:10DC90007B760023BB7607F11803002219467868CB
:10DCA00008F017F90346002B02D00BF0C3FC67E025
:10DCB00001237B750123BB750023FB7507F114035A
:10DCC00000221946786808F073FA0346002B02D048
:10DCD0000BF0B0FC54E0786900F05CF80346BB84BC
:10DCE000BB8C1A460921786808F00EFE4AF2A5524C
:10DCF0000A21786808F008FE40E007F110030021CF
:10DD00000A461A800A469A700023FB6007F1100346
:10DD100000221946786808F073F90346002B2DD1CC
:10DD200007F10C0300221946786808F0F7FA034659
:10DD3000002B23D17B7B012B20D1BB7B012B1DD161
:10DD4000FB7B002B1AD10023FB840921786808F0A3
:10DD5000F5FD0346FB84FB8C002B0FD00023BB603A
:10DD600007F10802FB8C1146184600F031F807F164
:10DD7000080300221946786808F01AFA0BF05AFCDA
:10DD80003037BD4680BD00BF00100240006C00402F
:10DD90000028004080B483B000AF7860FB791BB2EC
:10DDA0005B021AB27B791BB25B011BB203F4F07306
:10DDB0001BB213431AB2BB791BB203F01F031BB291
:10DDC00013431BB29BB218460C37BD4680BC70474C
:10DDD00080B483B000AF03463960FB80FB885B0AE8
:10DDE0009BB2DBB203F07F03DAB23B68DA70FB88E8
:10DDF0005B099BB2DBB203F00F03DAB23B685A70E7
:10DE0000FB88DBB203F01F03DAB23B689A7000BFF5
:10DE10000C37BD4680BC704780B586B000AF00238C
:10DE2000FB75414B414A1A6000233B6130E03E4B99
:10DE30001B68BB60BB681B884FF6FF7293421FD103
:10DE4000BB6802331B884FF6FF72934218D1BB6840
:10DE500004331B884FF6FF72934211D1BB6806331F
:10DE60001B884FF6FF7293420AD12F4B1B682F4A33
:10DE7000934211D10123FB752B4B2D4A1A600BE005
:10DE8000294B1B688033284A13603B6901333B618F
:10DE90003B690F2BCBD900E000BF254B7B60224BA9
:10DEA0001B687A689A423BD10023FB6033E01E4B2B
:10DEB0001B683B603B681B884FF6FF72934222D180
:10DEC0003B6802331B884FF6FF7293421BD13B68BD
:10DED00004331B884FF6FF72934214D13B6806331C
:10DEE0001B884FF6FF7293420DD10F4B1B687A6867
:10DEF0009A4214D1FB7D002B11D00B4B0B4A1A60B8
:10DF000000F05CF90BE0084B1B688033064A136095
:10DF1000FB680133FB60FB680F2BC8D900E000BF32
:10DF200000BF1837BD4680BD0000002000E807088C
:10DF300000F00708F0B400AF294A2A4B104603F15D
:10DF4000200402461946D1F800C04E688D68C968A1
:10DF5000C2F800C056609560D16010331030A34203
:10DF6000EFD102461B8813801E4B00221A801D4BE6
:10DF700046225A801B4B4FF6FB729A80194B552252
:10DF8000DA80184B0A221A81164B02225A81154B4D
:10DF900043F698229A81134B42F60412DA81114B10
:10DFA00032221A820F4B44F620625A820D4B052210
:10DFB0009A820C4B0522DA820A4B00221A83094B03
:10DFC00001225A83074B42F228329A83054B0122E1
:10DFD000DA83044B00221A8400BFBD46F0BC7047B0
:10DFE000280000200400002080B48BB000AF002384
:10DFF0007B626E4B1B686E4A934202D16D4B7B6213
:10E0000003E06A4B1B68803B7B627B6A1B887B84D6
:10E01000B7F92230B3F1FF3F02D0674A7B8C1380FF
:10E020007B6A02331B883B84B7F92030B3F1FF3F92
:10E0300002D0614A3B8C53807B6A04331B88FB838C
:10E04000B7F91E30B3F1FF3F02D05B4AFB8B9380E0
:10E050007B6A06331B88BB83B7F91C30B3F1FF3FE3
:10E0600002D0554ABB8BD3807B6A08331B887B83E5
:10E07000B7F91A30B3F1FF3F02D04F4A7B8B1381BF
:10E080007B6A0A331B883B83B7F91830B3F1FF3F33
:10E0900002D0494A3B8B53817B6A0C331B88FB823D
:10E0A000B7F91630B3F1FF3F02D0434AFB8A9381A0
:10E0B0007B6A0E331B88BB82B7F91430B3F1FF3F84
:10E0C00002D03D4ABB8AD3817B6A10331B887B8296
:10E0D0007B8A4FF6FF72934202D0374A7B8A1382C3
:10E0E0007B6A12331B883B823B8A4FF6FF72934256
:10E0F00002D0314A3B8A53827B6A14331B88FB81EE
:10E10000B7F90E30B3F1FF3F02D02B4AFB8993825F
:10E110007B6A16331B88BB81B7F90C30B3F1FF3F24
:10E1200002D0254ABB89D3827B6A18331B887B8146
:10E130007B894FF6FF72934202D01F4A7B8913837B
:10E140007B6A1A331B883B813B894FF6FF729342EF
:10E1500002D0194A3B8953837B6A1C331B88FB809E
:10E16000B7F90630B3F1FF3F02D0134AFB8893831F
:10E170007B6A1E331B88BB80BB884FF6FF729342BD
:10E1800002D00D4ABB88D3837B6A20331B887B80F7
:10E190007B884FF6FF72934202D0074A7B88138434
:10E1A00000BF2C37BD4680BC704700BF0000002078
:10E1B00000E8070880F70708040000202DE9B04FA9
:10E1C000A4B000AF002387F88F300023C7F8843055
:10E1D00000237B67A44BFB670123C7F8803011F055
:10E1E00075FC72B600BF09F049F8034687F88F3016
:10E1F00097F88F30002B40F02A8107F1840207F155
:10E2000074031146184609F021F9034687F88F3048
:10E21000D7F88430B3F1FF3F02D0012387F88F3065
:10E2200097F88F30002B40F012818F4BC7F8883061
:10E23000D7F8883019468D4B1B881BB21BB2DA17F2
:10E240001C46154622462B46012008F0A7FFD7F8AA
:10E25000883002331946854B5B881BB21BB2DA1734
:10E260009846914642464B46012008F097FFD7F862
:10E270008830043319467D4B9B881BB21BB2DA17DA
:10E280009A46934652465B46012008F087FFD7F82E
:10E29000883006331946754BDB881BB21BB2DA1780
:10E2A000BB66FA66D7E91A23012008F077FFD7F892
:10E2B0008830083319466D4B1B891BB21BB2DA1725
:10E2C0003B667A66D7E91823012008F067FFD7F884
:10E2D00088300A331946654B5B891BB21BB2DA17CB
:10E2E000BB65FA65D7E91623012008F057FFD7F878
:10E2F00088300C3319465D4B9B891BB21BB2DA1771
:10E300003B657A65D7E91423012008F047FFD7F869
:10E3100088300E331946554BDB891BB21BB2DA1716
:10E32000BB64FA64D7E91223012008F037FFD7F85D
:10E330008830103319464D4B1B8A9BB29BB200228A
:10E340003B647A64D7E91023012008F027FFD7F84F
:10E35000883012331946454B5B8A9BB29BB2002230
:10E36000BB63FA63D7E90E23012008F017FFD7F843
:10E370008830143319463D4B9B8A1BB21BB2DA1707
:10E380003B637A63D7E90C23012008F007FFD7F835
:10E39000883016331946354BDB8A1BB21BB2DA17AD
:10E3A000BB62FA62D7E90A23012008F0F7FED7F82A
:10E3B0008830183319462D4B1B8B9BB29BB2002221
:10E3C0003B627A62D7E90823012008F0E7FED7F81C
:10E3D00088301A331946254B5B8B9BB29BB20022C7
:10E3E000BB61FA61D7E90623012008F0D7FED7F810
:10E3F00088301C3319461D4B9B8B1BB21BB2DA179E
:10E400003B617A61D7E90423012008F0C7FED7F801
:10E4100088301E331946154BDB8B9BB29BB2002212
:10E42000BB60FA60D7E90223012008F0B7FED7F8F5
:10E430008830203319460D4B1B8C9BB29BB20022B7
:10E440003B607A60D7E90023012008F0A7FE08F0BE
:10E450003BFF62B600BF11F069FB97F88F3018469A
:10E460009037BD46BDE8B08F00E8070804000020E3
:10E470002DE9B04390B000AF7860002387F83F30BB
:10E480000023FB610023FB600123BB6111F01EFB35
:10E4900072B600BF08F0F2FE034687F83F3097F8E7
:10E4A0003F30002B06D062B600BF11F03FFB97F85B
:10E4B0003F3017E17B687B628D4B1B688D4A93422E
:10E4C00005D28B4B1B6811338A4A934202D3884B87
:10E4D000894A1A600023BB631CE0BB6B5A00844B63
:10E4E0001B68D118BB6B5B007A6A13441B889BB214
:10E4F00000229846914642464B46012008F04EFEC7
:10E50000034687F83F3097F83F30002B06D1BB6BAE
:10E510000133BB63BB6B102BDFD900E000BF97F862
:10E520003F30002B5BD0724B1B6823F4FF6323F05A
:10E5300007033B623B6A7B616D4A3B6A136007F1EC
:10E540001C0207F10C031146184608F07FFF034632
:10E5500087F83F30FB69B3F1FF3F17D0002387F8FE
:10E5600037300FE007F11C0207F10C031146184683
:10E5700008F06CFF034687F83F3097F837300133D7
:10E5800087F8373097F83730022BEBD997F83F30C0
:10E59000002B24D100233B631CE03B6B5A00544BFF
:10E5A0001B68D1183B6B5B007A6A13441B889BB2D3
:10E5B00000221C46154622462B46012008F0EEFD9F
:10E5C000034687F83F3097F83F30002B06D13B6B6E
:10E5D00001333B633B6B102BDFD900E000BF97F8A2
:10E5E0003F30002B76D1424B1B68424A934202D304
:10E5F0003F4B414A1A600023FB623D4B1B683E4A79
:10E60000934204D13D4B7B613C4BFB6208E0384BAD
:10E610001B683A4A934203D1374B7B61364BFB620E
:10E62000FB6A002B51D0FB6A1B884FF6FF729342A6
:10E630004BD0FB6A02331B884FF6FF72934244D0E3
:10E64000FB6A04331B884FF6FF7293423DD0FB6A8E
:10E6500006331B884FF6FF72934236D007F11C0237
:10E6600007F10C031146184608F0F0FE034687F840
:10E670003F30FB69B3F1FF3F17D0002387F82B3001
:10E680000FE007F11C0207F10C031146184608F0D1
:10E69000DDFE034687F83F3097F82B30013387F8CB
:10E6A0002B3097F82B30022BEBD997F83F30002B0B
:10E6B00003D1FB69B3F1FF3F07D008F005FE62B656
:10E6C00000BF11F033FA01230CE0094B1B688033C3
:10E6D000074A136008F0F8FD62B600BF11F026FA91
:10E6E00097F83F3018464037BD46BDE8B08300BFBD
:10E6F0000000002000F8070800E8070800F00708FD
:10E7000080B500AFFFF716FC0248FFF7B1FE0346E5
:10E71000184680BD040000202DE9F04F91B002AFF3
:10E720006B461E46402387F82F308F4B1B7887F8A7
:10E730002E30FF2387F83730FF2387F83630FF234A
:10E7400087F835304FF0FF33FB614FF0FF33BB618B
:10E750004FF0FF337B6197F82E30002B0CD1834BA9
:10E760001B7887F83730824B1B7887F83630814B1F
:10E770001B7887F8353012E097F82E30012B0CD13A
:10E780007D4B1B7887F837307C4B1B7887F8363009
:10E790007B4B1B7887F8353001E00223DEE007F180
:10E7A000180107F11C0207F1140300930B46754989
:10E7B000754812F0F9FE0346032B01D00323CDE088
:10E7C000FB69DBB297F837209A420DD1BB69DBB207
:10E7D00097F836209A4207D17B69DBB297F835204B
:10E7E0009A4201D10123B9E097F82F30013BBB6277
:10E7F00097F82F300022984691464FF000024FF0D4
:10E8000000034FEAC90343EA58734FEAC80297F876
:10E810002F3000221C4615464FF000024FF0000337
:10E82000EB0043EA5473E20097F82F300733DB081C
:10E83000DB00ADEB030D02AB00337B6297F82F30AA
:10E840001A464949786A12F06FFF97F82E30002B6C
:10E850000CD1FB69DAB27B6ADA71BB69DAB27B6A26
:10E860001A727B69DAB27B6A5A720FE097F82E301F
:10E87000012B0BD1FB69DAB27B6A5A73BB69DAB23E
:10E880007B6A9A737B69DAB27B6ADA73012387F851
:10E89000343072B600BF08F0F1FC0346002B52D1B1
:10E8A0003B1D00221A605A609A60DA602E4BFB60B2
:10E8B00001233B613A463B1D1146184608F0C6FD50
:10E8C000034687F8343097F83430002B3BD10123CE
:10E8D00087F8343000233B632EE03B6B03337A6AC6
:10E8E000D35C1A063B6B0233796ACB5C1B041A4378
:10E8F0003B6B0133796ACB5C1B021343796A3A6B39
:10E900000A44127813433B623B6B03F1006101F54B
:10E91000FF213B6A00229A46934652465B460220FC
:10E9200008F03CFC034687F8343097F83430002B6D
:10E9300008D13B6B04333B6397F82F303A6B9A4214
:10E94000CBD300E000BF08F0BFFC62B600BF97F871
:10E950003430012B01D1052300E00423B5461846CD
:10E960003C37BD46BDE8F08F00F8070807F80708F8
:10E9700008F8070809F807080DF807080EF807084F
:10E980000FF8070898350208A835020880B584B04A
:10E9900000AF786039604FF0500383F31188BFF304
:10E9A0006F8FBFF34F8FFB6000BF2021104808F02E
:10E9B00089FF0346012B04D0012220210C4808F0D6
:10E9C00098FF01224FF480510A4808F092FF01227B
:10E9D0004FF40051074808F08CFF4FF4FA6008F03C
:10E9E00097F905F0ADFF00BF1037BD4680BD00BFF1
:10E9F00000080140000C014080B582B000AF4FF02C
:10EA0000500383F31188BFF36F8FBFF34F8F7B6089
:10EA100000BF2021104808F055FF0346012B04D009
:10EA2000012220210C4808F064FF01224FF480519C
:10EA30000A4808F05EFF01224FF40051074808F031
:10EA400058FF4FF4FA6008F063F905F079FF00BF52
:10EA50000837BD4680BD00BF00080140000C0140E2
:10EA600080B58AB000AF78600A23FB8400233B6244
:10EA70005F4B1B685B6BFB615D4B1B689B6BBB61FA
:10EA80005C4B186807F108014FF0FF3300220DF0CE
:10EA9000F7FF0346002BF3D1BB68002B01D1FB69C4
:10EAA00000E0BB693B623B7C002B32D1524B9A6841
:10EAB000FB681340002B2CD0BB6819464C480BF068
:10EAC000BDFCBB68002B04D1494B1B683A6A5A63F2
:10EAD00013E0BB68042B04D1454B1A683B6A93636F
:10EAE0000BE0BB68082B04D1414B1A683B6AD36327
:10EAF00003E03F4B1A683B6A136410F0E7FF3E4B9C
:10EB00009A68FB68DB4313403B4A936011F00EF8B0
:10EB10006DE03B7CFF2BB3D1374B9A68FB68134009
:10EB2000002BADD17B7C1A46FB8C02FB03F31A460B
:10EB30003B6A13447B612E4BDB687A699A429FD80B
:10EB40007B7C002B24D1BB68002B06D1284BDA68D4
:10EB5000274B1B6801325A6336E0BB68042B06D191
:10EB6000234BDB68224A1268013393632CE0BB68B5
:10EB7000082B06D11E4BDB681D4A12680133D36394
:10EB800022E01B4BDB681A4A1268013313641BE056
:10EB9000BB68002B04D1164B1B687A695A6313E0DB
:10EBA000BB68042B04D1124B1A687B6993630BE09A
:10EBB000BB68082B04D10E4B1A687B69D36303E052
:10EBC0000B4B1A687B691364BB68194608480BF045
:10EBD0007BFB0346002B7FF453AF10F077FF064B0F
:10EBE0009A68FB681343044A936010F09FFF47E75D
:10EBF000A8010020000100206008002080B586B038
:10EC000000AF78600B46FB707B681B88FB82FB8A39
:10EC1000072B02D8FB8ADBB200E003237B75FB786D
:10EC2000FF2B40F0EB807B7D072B00F2488101A297
:10EC300052F823F055EC00089BEC0008E1EC0008CA
:10EC400027ED00086DED000891ED0008B5ED000816
:10EC5000D9ED00080023BB600423FB60FF233B7455
:10EC600000237B74984B186807F108014FF0FF33BD
:10EC700000220DF091FE0423BB600823FB60FF23FC
:10EC80003B7400237B74904B186807F108014FF028
:10EC9000FF3300220DF080FE11E10023BB6004234E
:10ECA000FB60FF233B7412237B74874B186807F1CA
:10ECB00008014FF0FF3300220DF06EFE0423BB600D
:10ECC0000823FB60FF233B7400237B747E4B186892
:10ECD00007F108014FF0FF3300220DF05DFEEEE07A
:10ECE0000023BB600423FB60FF233B7400237B7481
:10ECF000754B186807F108014FF0FF3300220DF043
:10ED00004BFE0423BB600823FB60FF233B741223EC
:10ED10007B746D4B186807F108014FF0FF33002238
:10ED20000DF03AFECBE00023BB600423FB60FF2321
:10ED30003B7412237B74644B186807F108014FF091
:10ED4000FF3300220DF028FE0423BB600823FB6084
:10ED5000FF233B7412237B745B4B186807F1080197
:10ED60004FF0FF3300220DF017FEA8E00023BB6038
:10ED70000423FB60FF233B7400237B74524B186811
:10ED800007F108014FF0FF3300220DF005FE96E079
:10ED90000423BB600823FB60FF233B7400237B74C8
:10EDA000494B186807F108014FF0FF3300220DF0BE
:10EDB000F3FD84E00023BB600423FB60FF233B746E
:10EDC00012237B74404B186807F108014FF0FF33A2
:10EDD00000220DF0E1FD72E00423BB600823FB601C
:10EDE000FF233B7412237B74374B186807F108012B
:10EDF0004FF0FF3300220DF0CFFD60E0FB78002BD9
:10EE00005DD17B7D072B5AD801A252F823F000BFB9
:10EE100031EE000831EE000831EE000831EE000856
:10EE200077EE00089BEE000877EE00089BEE0008E6
:10EE30000023BB600423FB6000233B7400237B742E
:10EE4000214B186807F108014FF0FF3300220DF045
:10EE5000A3FD0423BB600823FB6000233B74002355
:10EE60007B74194B186807F108014FF0FF3300223B
:10EE70000DF092FD23E00023BB600423FB60002320
:10EE80003B7400237B74104B186807F108014FF0A6
:10EE9000FF3300220DF080FD11E00423BB60082346
:10EEA000FB6000233B7400237B74074B186807F159
:10EEB00008014FF0FF3300220DF06EFD00BF00BFD0
:10EEC0001837BD4680BD00BF0001002080B592B05C
:10EED00000AF07F1280300221A605A609A60DA60D6
:10EEE0001A615A61224BBB6207F128031A460C21B2
:10EEF00004200DF0CBFC03461E4A13601D4B1B681B
:10EF0000002B0BD14FF0500383F31188BFF36F8FA9
:10EF1000BFF34F8F7B6400BF00BFFDE73B1D242282
:10EF20000021184612F06EFB134B7B604FF4007308
:10EF3000BB611823FB613B1D1A4600210F480DF0F1
:10EF400073FA03460E4A13600D4B1B68002B0BD15E
:10EF50004FF0500383F31188BFF36F8FBFF34F8FD0
:10EF60003B6400BF00BFFDE700BF4837BD4680BD22
:10EF7000CC35020804010020D835020845F000080D
:10EF80000801002080B586B000AF78600B46FB70AA
:10EF90000023FB6000233B82FB78BB740323FB74DC
:10EFA00000233B7500237B757B68B3F5802F04D06D
:10EFB0007B68B3F5002F06D03DE0204BFB604FF49B
:10EFC00080533B8205E01D4BFB604FF400533B82B6
:10EFD00000BFBB7C052B2BD801A252F823F000BF49
:10EFE00011F00008F9EF0008FFEF000811F0000829
:10EFF00005F000080BF0000801237B7509E00023F1
:10F000007B7506E004233B7503E008233B7500E0B5
:10F0100000BFFB68002B0DD03B8A002B0AD0084BA9
:10F02000186807F10C01002300220DF0B5FC02E086
:10F0300000BF00E000BF1837BD4680BD000C014096
:10F0400004010020B0B58EB000AF7860FA233B63B6
:10F05000C84B07F10C041D460FCD0FC495E8030003
:10F0600084E80300002387F837301CE097F8372046
:10F0700013465B0013449B0038333B442C3B186819
:10F0800097F8372013465B0013449B0038333B440A
:10F09000283B1B880022194608F02BFC97F83730D4
:10F0A000013387F8373097F83730012BDED921E16B
:10F0B000002387F8363018E197F8362013465B00B6
:10F0C00013449B0038333B442C3B1B68002B00F05F
:10F0D000008197F8362013465B0013449B003833B9
:10F0E0003B44283B1B88002B00F0F38097F8362028
:10F0F00013465B0013449B0038333B442C3B1A6897
:10F100007B6A9A4240F0EC8097F8362013465B0009
:10F1100013449B0038333B44283B1A883B8D9A426A
:10F1200040F0DE8097F8361097F836200B465B00EB
:10F130000B449B0038333B44263B197813465B0055
:10F1400013449B0038333B44253B0A461A7097F81A
:10F15000362097F82A1013465B0013449B0038337F
:10F160003B44263B0A461A7097F8362097F82C1035
:10F1700013465B0013449B0038333B44243B0A4650
:10F180001A7097F8362097F82D1013465B00134439
:10F190009B0038333B44233B0A461A7097F83620CD
:10F1A00013465B0013449B0038333B44263B1B78DB
:10F1B000052B00F2908001A252F823F007F200081C
:10F1C000D5F10008D5F100086DF20008D5F100086E
:10F1D000D5F1000897F8362013465B0013449B00D6
:10F1E00038333B442C3B186897F8362013465B00B5
:10F1F00013449B0038333B44283B1B8800221946AC
:10F2000008F077FB6CE097F8362013465B00134458
:10F210009B0038333B442C3B186897F83620134644
:10F220005B0013449B0038333B44283B1B88194642
:10F2300008F048FB0346012B4FD097F836201346C1
:10F240005B0013449B0038333B442C3B186897F811
:10F25000362013465B0013449B0038333B44283B65
:10F260001B880122194608F044FB36E097F8362047
:10F2700013465B0013449B0038333B442C3B186817
:10F2800097F8362013465B0013449B0038333B4409
:10F29000283B1B88194608F015FB0346002B1ED09F
:10F2A00097F8362013465B0013449B0038333B44E9
:10F2B0002C3B186897F8362013465B0013449B00DC
:10F2C00038333B44283B1B880022194608F011FBC9
:10F2D00005E000BF04E000BF02E000BF00E000BFA7
:10F2E00097F83630013387F8363097F83630012BEF
:10F2F0007FF6E2AE204B186807F1240100230022BC
:10F300000DF0BEFB0346002B3FF4D2AE002387F87E
:10F31000353061E197F8352013465B0013449B00BC
:10F3200038333B442C3B1B68002B00F04B8197F893
:10F33000352013465B0013449B0038333B44283B85
:10F340001B88002B00F03E8197F8352013465B00A8
:10F3500013449B0038333B44263B1B78052B00F3BA
:10F360003381042B0ADA012B00F0D980022B00F044
:10F37000118129E1E03502080401002097F83520C9
:10F3800013465B0013449B0038333B44243B1B78FB
:10F39000002B40F0978097F8352013465B0013440C
:10F3A0009B0038333B44253B1B78002B3ED197F81C
:10F3B000352013465B0013449B0038333B44263B07
:10F3C00000221A7097F8352013465B0013449B0007
:10F3D00038333B442C3B186897F8352013465B00C4
:10F3E00013449B0038333B44283B1B88194608F0E4
:10F3F00069FA0346012B00F0E98097F8352013469F
:10F400005B0013449B0038333B442C3B186897F84F
:10F41000352013465B0013449B0038333B44283BA4
:10F420001B880122194608F064FACFE097F83520CE
:10F4300013465B0013449B0038333B44253B1B7849
:10F44000032B40F0C38097F8352013465B0013442C
:10F450009B0038333B44263B03221A7097F8352033
:10F4600013465B0013449B0038333B442C3B186825
:10F4700097F8352013465B0013449B0038333B4418
:10F48000283B1B88194608F01DFA0346002B00F0A4
:10F490009D8097F8352013465B0013449B0038335A
:10F4A0003B442C3B186897F8352013465B00134407
:10F4B0009B0038333B44283B1B880022194608F048
:10F4C00018FA83E097F8352013465B0013449B003D
:10F4D00038333B442C3B186897F8352013465B00C3
:10F4E00013449B0038333B44283B1B88194608F0E3
:10F4F00018FA97F8352013465B0013449B00383305
:10F500003B44243B1B78013BD9B213465B001344B8
:10F510009B0038333B44243B0A461A7057E097F867
:10F52000352013465B0013449B0038333B44233B98
:10F530001B78002B22D097F8352013465B0013442C
:10F540009B0038333B442C3B186897F83520134612
:10F550005B0013449B0038333B44283B1B8819460F
:10F5600008F0DFF997F8352013465B0013449B0041
:10F5700038333B44233B00221A7028E097F83520AB
:10F5800013465B0013449B0038333B44233B01226A
:10F590001A701CE097F8352013465B0013449B005B
:10F5A00038333B442C3B186897F8352013465B00F2
:10F5B00013449B0038333B44283B1B88194608F012
:10F5C000B0F904E000BF02E000BF00E000BF97F820
:10F5D0003530013387F8353097F83530012B7FF619
:10F5E00099AE386B0CF0CAFF84E600BF80B483B0DC
:10F5F00000AF0346FB7197F90730002B0CDBFB795A
:10F6000003F01F02074997F907305B09012000FA50
:10F6100002F2603341F8232000BF0C37BD4680BCA6
:10F62000704700BF00E100E080B400AFBFF34F8F30
:10F6300000BF064BDB6803F4E0620449044B13434C
:10F64000CB60BFF34F8F00BF00BFFDE700ED00E0D0
:10F650000400FA0580B584B000AF9C4B00229A608C
:10F6600007F024FB00F018FA00F040FD00F0E2FC87
:10F6700000F064FB00F0E0FB00F052FA00F00CFD3B
:10F6800000F0F8FA00F07AFA00F00CFC00F040FC10
:10F6900010218F4808F045F9642007F039FB01225A
:10F6A00020218C4808F025F91021894808F039F903
:10F6B00000224FF40041874808F01BF90A2007F0A8
:10F6C00027FB01224FF40041824808F012F97F4BDA
:10F6D0009B6843F010037D4A936010217C4808F03A
:10F6E00020F97D4805F038FD1021794808F019F916
:10F6F000794805F075FC03461A46744B5A8310216D
:10F70000734808F00EF97448FDF7D4FD10217048D5
:10F7100008F007F97148FEF729FA714B03221A70B5
:10F720006F4B704A5A606E4B30221A726C4B40F627
:10F73000B832A3F822216A4B0022DA60684B6A4A89
:10F74000C3F81821664B0422A3F82421644B01223C
:10F7500083F84422624810F06DFD614810F014FEF9
:10F76000624B03221A70614B614A5A605F4B302230
:10F770001A725E4B40F6B832A3F822215B4B554A11
:10F78000DA605A4B4FF480621A82584B594AC3F8D8
:10F790001821564B0422A3F82421544B012283F84C
:10F7A0004422524810F046FD504810F0EDFD0CF098
:10F7B000D5FD514A002101200CF00EFF03464F4AAF
:10F7C00013604F4A012101200CF006FF03464D4A09
:10F7D00013604D4A002101200CF0FEFE03464B4A07
:10F7E00013604B4A0C2101200DF050F80346494AA2
:10F7F0001360494A062108200DF048F80346474A9D
:10F800001360474A002147480CF00EFE0346464A63
:10F810001360464A002146480CF006FE0346454A5E
:10F820001360454A002145480CF0FEFD0346444A5A
:10F830001360444A002144480CF0F6FD0346434A55
:10F840001360434A002143480CF0EEFD0346424A50
:10F850001360424A002142480CF0E6FD0346414A4B
:10F860001360414A002141480CF0DEFD0346404A46
:10F870001360404A184940480CF0D6FD03463F4A01
:10F8800013603F4A00213F480CF0CEFD03463E4A3C
:10F890001360FFF71BFB10210D4808F042F800230E
:10F8A000FB600023BB6074E02021094808F00AF8DF
:10F8B0000346002B02D0BB680133BB60BB68052B3D
:10F8C00064DD024B01221A7666E000BF600800206A
:10F8D00000080140000C01400C010020E400002061
:10F8E000A403002010030020EC050020F0050020F8
:10F8F000580300203808002010380208480800206B
:10F900004438020850080020B4380208B00800202B
:10F9100068370208000100209C380208AC0800206B
:10F92000803702082D460108A0030020A4370208F2
:10F93000DD2C01083C080020C8370208F544010806
:10F94000400800204437020861EA0008FC0000205B
:10F95000EC3702085145010844080020203802080D
:10F96000952B01084C08002054380208752C01081A
:10F97000540800202037020899D80008CC00002045
:10F9800078380208814A0108A8080020FB68013382
:10F99000FB60FB68092B87DDFEF73EFAFEF724FBD0
:10F9A0001021364807F0BDFFFEF7B6FE03461A46A3
:10F9B000334B1A701021314807F0B3FF00220021A9
:10F9C000304805F0A1FA03461A462F4B9A80882248
:10F9D0002E492C4805F096FC03462D491846FDF7A4
:10F9E00021FA03461846FDF7F9FB03461AB2264BE7
:10F9F0001A8089222549234805F084FC03462449BE
:10FA00001846FDF70FFA03461846FDF70DFC0346AE
:10FA10009AB21D4B5A801021184807F082FF00222D
:10FA20000021184805F070FA03461A46164BDA8092
:10FA3000144805F0F3FA78607B6804331B681846B5
:10FA400012F03CFD03461846FDF7EEFB03469AB262
:10FA50000D4B5A830C4B4FF461725A8210210748A8
:10FA600007F05FFF0B480AF07FFB04F06FFF03F025
:10FA700047F90CF0A5FC00BFFDE700BF00080140FE
:10FA8000F80000200C01002060080020C0080020C1
:10FA900000007A448002002080B590B000AF07F1EA
:10FAA000180328220021184611F0ACFD3B1D00224E
:10FAB0001A605A609A60DA601A610123BB614FF4E0
:10FAC0008033FB6100233B620123BB6202237B6323
:10FAD0004FF48033BB634FF48023FB6307F11803BB
:10FAE000184609F0B3FD0346002B01D004F028FFAF
:10FAF0000F237B600223BB600023FB6000233B617C
:10FB000000237B613B1D002118460AF021F80346C3
:10FB1000002B01D004F014FF00BF4037BD4680BD6C
:10FB200080B500AF124B134A1A60114B124A5A604B
:10FB30000F4B00229A600E4B0022DA600C4B4FF400
:10FB400080421A610A4B00225A61094B00229A61D5
:10FB5000074B0022DA61064B00221A62044807F0C4
:10FB60001BFF0346002B01D004F0EAFE00BF80BD5E
:10FB70000C01002000540040A086010080B58EB02A
:10FB800000AF07F1300300221A605A6007F120032A
:10FB900000221A605A609A60DA603B1D00221A60E7
:10FBA0005A609A60DA601A615A619A61304B4FF07C
:10FBB00080421A602E4B17225A602D4B00229A6009
:10FBC0002B4B4FF6FF72DA60294B00221A61284B4B
:10FBD00080229A6126480AF0A1FC0346002B01D03E
:10FBE00004F0AEFE22480AF01FFB0346002B01D0B2
:10FBF00004F0A6FE00233B6300237B6307F1300380
:10FC000019461B480BF0DAFB0346002B01D004F029
:10FC100097FE00233B6201237B620023BB62042327
:10FC2000FB6207F120030422194611480AF0E8FE9E
:10FC30000346002B01D004F083FE60237B6040F676
:10FC4000B733BB600023FB6004237B613B1D0C22A8
:10FC5000194607480AF070FF0346002B01D004F054
:10FC60006FFE034805F01CFF00BF3837BD4680BD5E
:10FC70006001002080B58AB000AF07F120030022A8
:10FC80001A605A603B1D00221A605A609A60DA605E
:10FC90001A615A619A61274B274A1A60254B17222D
:10FCA0005A60244B00229A60224B40F2E732DA601D
:10FCB000204B00221A611F4B80229A611D480AF0D6
:10FCC000B3FA0346002B01D004F03AFE00233B6256
:10FCD00000237B6207F12003194616480BF06EFBE8
:10FCE0000346002B01D004F02BFE60237B606423CD
:10FCF000BB600023FB6000237B613B1D0022194693
:10FD00000C480AF019FF0346002B01D004F018FE3E
:10FD10003B1D0422194607480AF00EFF0346002B3C
:10FD200001D004F00DFE034805F0BAFE00BF2837ED
:10FD3000BD4680BDA80100200008004080B58EB0FF
:10FD400000AF07F1300300221A605A6007F1200368
:10FD500000221A605A609A60DA603B1D00221A6025
:10FD60005A609A60DA601A615A619A61304B314A7E
:10FD70001A602F4B17225A602D4B00229A602C4B91
:10FD80004FF6FF72DA602A4B00221A61284B80225C
:10FD90009A6127480AF0C2FB0346002B01D004F009
:10FDA000CFFD23480AF040FA0346002B01D004F0AF
:10FDB000C7FD00233B6300237B6307F13003194633
:10FDC0001B480BF0FBFA0346002B01D004F0B8FDF2
:10FDD00000233B6201237B620023BB620423FB629E
:10FDE00007F120030022194611480AF009FE0346D4
:10FDF000002B01D004F0A4FD60237B6040F6B733F4
:10FE0000BB600023FB6004237B613B1D0422194679
:10FE100007480AF091FE0346002B01D004F090FD44
:10FE2000034805F03DFE00BF3837BD4680BD00BF2A
:10FE3000F0010020000C004080B582B000AF3B46CE
:10FE400000221A605A60154B154A1A60134BEF22B4
:10FE50005A60124B00229A60104B40F23512DA6061
:10FE60000E4B80229A610D480AF008F90346002BD8
:10FE700001D004F065FD20233B6000237B603B46FE
:10FE8000194606480BF09AFA0346002B01D004F0FD
:10FE900057FD00BF0837BD4680BD00BF38020020B7
:10FEA0000010004080B582B000AF3B4600221A60CF
:10FEB0005A60154B154A1A60134B17225A60124BA1
:10FEC00000229A60104B4FF6FF72DA600E4B8022D0
:10FED0009A610D480AF0D2F80346002B01D004F0D5
:10FEE0002FFD20233B6000237B603B4619460648DC
:10FEF0000BF064FA0346002B01D004F021FD00BF93
:10FF00000837BD4680BD00BF8002002000140040BD
:10FF100080B592B000AF07F1400300221A605A602A
:10FF200007F1240300221A605A609A60DA601A61AD
:10FF30005A619A613B1D20220021184611F062FB94
:10FF40003A4B3B4A1A60394B17225A60374B002212
:10FF50009A60364B40F2E732DA60344B00221A6185
:10FF6000324B00225A61314B80229A612F480AF0AD
:10FF70005BF90346002B01D004F0E2FC20233B6434
:10FF800000237B6407F14003194628480BF016FA5A
:10FF90000346002B01D004F0D3FC60237B620023D6
:10FFA000BB620023FB6208233B6300237B630023C7
:10FFB000BB630023FB6307F12403002219461B489F
:10FFC0000AF0BAFD0346002B01D004F0B9FC07F19A
:10FFD00024030422194615480AF0AEFD0346002BFF
:10FFE00001D004F0ADFC4FF400637B604FF48063FC
:10FFF000BB600023FB6000233B6100237B614FF467
:020000040801F1
:100000000053BB6100233B623B1D194607480BF0C0
:1000100041FA0346002B01D004F092FC034805F09E
:100020003FFD00BF4837BD4680BD00BFC80200206D
:100030000034014080B500AF154B164A1A60144BCE
:100040004FF496425A60124B00229A60104B0022E5
:10005000DA600F4B00221A610D4B0C225A610C4BD7
:1000600000229A610A4B0022DA6109480BF075FA06
:100070000346002B01D004F063FC054B1B685A6952
:10008000034B1B6842F001025A6100BF80BD00BFF4
:10009000100300200038014080B500AF114B124A18
:1000A0001A60104B4FF496425A600E4B00229A6031
:1000B0000C4B0022DA600B4B00221A61094B0C2218
:1000C0005A61084B00229A61064B0022DA6105480A
:1000D0000BF043FA0346002B01D004F031FC00BFC3
:1000E00080BD00BF580300200048004080B588B0A4
:1000F00000AF07F1100300221A605A609A60DA60BC
:10010000774B9B69764A43F010039361744B9B696C
:1001100003F01003FB60FB68714B9B69704A43F06E
:10012000200393616E4B9B6903F02003BB60BB68A7
:100130006B4B9B696A4A43F004039361684B9B696C
:1001400003F004037B607B68654B9B69644A43F062
:1001500008039361624B9B6903F008033B603B68B3
:10016000002242F20F215F4807F0C3FB002241F258
:1001700010115D4807F0BDFB012220215A4807F00D
:10018000B8FB002243F22241584807F0B2FB01229B
:100190004CF21001554807F0ACFB01224FF480519E
:1001A000504807F0A6FB01220421514807F0A1FBAB
:1001B0004FF408533B6101237B610023BB610223A1
:1001C000FB6107F110031946464807F0E7F941F2D1
:1001D0000F033B6111237B610023BB610223FB61A1
:1001E00007F1100319463F4807F0D8F948F64403D1
:1001F0003B6100237B610023BB6107F110031946BB
:10020000394807F0CBF941F210133B6101237B61C0
:100210000023BB610223FB6107F11003194632483A
:1002200007F0BCF920233B6111237B610023BB61F4
:100230000223FB6107F1100319462B4807F0AEF9C2
:100240004FF498733B6100237B610023BB6107F18E
:1002500010031946234807F0A1F943F202433B611A
:1002600001237B610023BB610223FB6107F11003C3
:1002700019461E4807F092F940F604033B6100233B
:100280007B610023BB6107F110031946174807F093
:1002900085F94CF230033B6111237B610023BB6184
:1002A0000223FB6107F110031946104807F076F9A5
:1002B00004233B6111237B610023BB610223FB61AB
:1002C00007F1100319460A4807F068F9094B9B68C3
:1002D00043F48063074A936000BF2037BD4680BD6A
:1002E000001002400010014000080140000C0140D5
:1002F000001401406008002080B483B000AF0346C2
:100300000A46FB801346BB80FB880F2B0FDC002BBB
:1003100011DB1A464CF28703D34003F00103002B94
:1003200014BF01230023DBB2002B06D103E0A3F5A9
:100330004053042B01D9022309E000BFBB88002BE6
:1003400002D0BB887D2B01D9032300E0002318468F
:100350000C37BD4680BC704780B483B000AF034605
:100360000A46FB801346BB80FB88022B02DC002B75
:1003700005DA02E0043B012B01D9022309E000BFAA
:10038000BB88002B02D0BB887D2B01D9032300E062
:10039000002318460C37BD4680BC704780B483B03C
:1003A00000AF03460A46FB801346BB80FB885C2BEC
:1003B0001BDC502B2ADA392B17DC242B04DA052B13
:1003C00010DC002B22DA10E0243B234A22FA03F34C
:1003D00003F00103002B14BF01230023DBB2002B29
:1003E00014D102E0143B072B10D9FB885F2B02D9F4
:1003F000FB886B2B0CD9FB88B3F55A4F04D3FB88D1
:100400004DF62022934205D9022320E000BF02E0EE
:1004100000BF00E000BFFB88B3F55A4F0ED3FB8846
:100420004DF62022934209D8BB88002B02D0BB880E
:10043000152B01D903230AE0002308E0BB88002B19
:1004400002D0BB887D2B01D9032300E0002318468E
:100450000C37BD4680BC704777FF3F0080B483B047
:1004600000AF03460A46FB801346BB80FB884FF66D
:10047000FF72934231D0FB881B0A9BB2DBB2912BF7
:100480002BD0FB881B0A9BB2DBB2812B25D0FB88CB
:100490001B0A9BB2DBB2832B1FD0FB881B0A9BB2CB
:1004A000DBB28B2B19D0FB881B0A9BB2DBB2EC2B87
:1004B00013D0FB881B0A9BB2DBB2442B0DD0FB8808
:1004C0001B0A9BB2DBB2D02B07D0FB881B0A9BB266
:1004D000DBB2292B01D002234EE0FB884FF6FF72DE
:1004E000934204D1BB88012B45D0032344E0FB8811
:1004F0001B0A9BB2DBB2912B05D1FB88DBB2002B30
:1005000039D0032338E0FB881B0A9BB2DBB2812B76
:100510000BD0FB881B0A9BB2DBB2832B05D0FB8878
:100520001B0A9BB2DBB28B2B25D1FB88DBB2882B5D
:1005300021D0FB88DBB2572B1DD0FB88DBB2582BB8
:1005400019D0FB88DBB2D12B15D0FB88DBB2892B0D
:1005500011D0FB88DBB28C2B0DD0FB88DBB24A2B91
:1005600009D0FB88DBB2972B05D0FB88DBB26B2B65
:1005700001D0032300E0002318460C37BD4680BCA1
:10058000704780B483B000AF03460A46FB80134631
:10059000BB80FB8843F20402934209DCB3F5405F61
:1005A00008DA002B06D0002B02DB053B022B01D919
:1005B000022323E000BFFB8843F20302934204D0EE
:1005C000FB8843F2040293420DD1BB881B0A9BB205
:1005D000DBB2FF2B10D0BB881B0A9BB2DBB2002B17
:1005E0000AD003230AE0BB88B3F57F4F05D0BB8850
:1005F000002B02D0032301E000BF002318460C3774
:10060000BD4680BC7047000080B485B000AF034693
:100610000A46FB801346BB80FB8843F202029342EA
:1006200000F3C580B3F5405F80F2C38042F242021E
:10063000934200F3BC80B3F5005F0CDC5C2B00F34D
:10064000B6805A2B80F2B5801B2B00F3AC80002BB8
:1006500080F29C80ABE0A3F50053013B412B00F2FC
:10066000A68001A252F823F0B3070108B3070108DE
:10067000AF070108AF070108AF070108AF0701087E
:10068000AF070108AF070108AF070108AF0701086E
:10069000AF070108AF070108AF070108AF0701085E
:1006A000AF070108AF070108B3070108B307010846
:1006B000AF070108AF070108AF070108AF0701083E
:1006C000AF070108AF070108AF070108AF0701082E
:1006D000AF070108AF070108AF070108AF0701081E
:1006E000AF070108AF070108B3070108B307010806
:1006F000AF070108AF070108AF070108AF070108FE
:10070000AF070108AF070108AF070108AF070108ED
:10071000AF070108AF070108AF070108AF070108DD
:10072000AF070108AF070108B3070108B3070108C5
:10073000AF070108AF070108AF070108AF070108BD
:10074000AF070108AF070108AF070108AF070108AD
:10075000AF070108AF070108AF070108AF0701089D
:10076000AF070108AF070108B3070108B307010885
:10077000243BCD4A22FA03F303F00103002B14BFFC
:1007800001230023DBB2002B13D110E01A46C74B24
:10079000D34003F00103002B14BF01230023DBB27D
:1007A000002B06D103E0392B01DC242BE0DA0223F5
:1007B00078E200BFFB8843F20202934200F37182A9
:1007C000B3F5405F80F22C8142F24102934200F087
:1007D000388142F24102934200F363825C2B00F3C2
:1007E0000D81132B6EDA5CE2A3F50053013B312B34
:1007F00000F2578201A252F823F000BF370A010825
:10080000370A0108A30C0108A30C0108A30C010876
:10081000A30C0108A30C0108A30C0108A30C0108F8
:10082000A30C0108A30C0108A30C0108A30C0108E8
:10083000A30C0108A30C0108A30C0108430A01083A
:10084000430A0108A30C0108A30C0108A30C01082A
:10085000A30C0108A30C0108A30C0108A30C0108B8
:10086000A30C0108A30C0108A30C0108A30C0108A8
:10087000A30C0108A30C0108A30C0108430A0108FA
:10088000A30C0108A30C0108A30C0108A30C010888
:10089000A30C0108A30C0108A30C0108A30C010878
:1008A000A30C0108A30C0108A30C0108A30C010868
:1008B000A30C0108A30C0108A30C0108430A0108BA
:1008C000430A0108133B492B00F2EB8101A252F8C5
:1008D00023F000BF110A0108750A0108750A010812
:1008E000750A0108750A0108A30C0108750A0108B8
:1008F0005F0B0108890B0108A30C0108A30C010878
:10090000A30C0108A30C0108A30C0108A30C010807
:10091000A30C0108A30C0108AF0B0108C30B0108CD
:10092000A30C0108A30C0108750A0108750A010847
:10093000A30C0108A30C0108A30C0108A30C0108D7
:10094000A30C0108A30C0108A30C0108A30C0108C7
:10095000A30C0108A30C0108A30C0108D70B010884
:10096000A30C0108A30C0108A30C01084B0C0108FF
:10097000A30C0108A30C0108A30C0108A30C010897
:10098000A30C0108A30C0108A30C0108A30C010887
:10099000A30C0108A30C0108A30C0108A30C010877
:1009A000A30C0108A30C0108A30C0108A30C010867
:1009B000A30C0108A30C0108A30C0108A30C010857
:1009C000A30C0108A30C0108A30C0108A30C010847
:1009D000A30C0108A30C0108A30C0108A30C010837
:1009E000A30C0108A30C0108A30C0108A30C010827
:1009F000E70B01080D0C0108330C010842F232022A
:100A0000934200F34E81B3F5005F3FF7EDAE48E14E
:100A1000BB8840F21F22934200F01C81032341E176
:100A2000BB88B3F57F4F00F01781BB88002B00F027
:100A30001381032336E1BB88052B40F20F8103238A
:100A400030E1BB881B0A9BB2FB73BB88BB73BB7BCB
:100A5000002B01D1032325E197F90F30002B80F201
:100A6000FF80BB7B072B03D9BB7B0F2B40F2F880A9
:100A7000032317E1BB883B81B7F908307D2B06DDE6
:100A8000B7F9083013F1370F01DA03230AE1FB88C5
:100A9000142B0FD1064B5B881BB2B7F908209A4282
:100AA000C0F2E0800323FDE0FB0022000100F80E0D
:100AB00004000020FB88152B09D17D4B1B881BB23D
:100AC000B7F908209A4200F3CF800323EAE0FB88BD
:100AD000162B09D1764BDB881BB2B7F908209A4256
:100AE000C0F2C4800323DDE0FB88172B09D1704BD3
:100AF0009B881BB2B7F908209A4200F3B980032300
:100B0000D0E0FB88282B02D0FB88292B18D1B7F91D
:100B10000830674A528912B21344654AD28812B229
:100B200093420BDCB7F90830614A528912B29B1A22
:100B30005F4A928812B2934280F29C800323B1E014
:100B4000FB88192B40F09880B7F90830072B04DC9C
:100B5000B7F90830002B00F391800323A2E0BB8893
:100B600041F65732934200F28B80BB8844F25062C8
:100B7000934240F28580BA884D4BDB891BB2023329
:100B80009A427DDC03238DE0BB8841F657329342C5
:100B900078D8BB8844F25062934273D9444B9B8906
:100BA0001BB25A1EBB889A426CDD03237AE0404B8D
:100BB0005B8A9BB2A3F16302BB889A4264DC032385
:100BC00070E03B4B1B8A9BB203F16302BB889A42E5
:100BD0005CDB032366E0BB88002B02D0BB880A2BBA
:100BE00056D903235EE0BB881B0A9BB2FB72BB880D
:100BF000BB72FB7A632B01D9032353E0BB7A002B32
:100C000002D0BB7A0C2B45D903234BE0BB881B0ACF
:100C10009BB27B73BB883B737B7B002B02D07B7BBF
:100C20001F2B01D903233DE03B7B172B34D9032332
:100C300038E0BB881B0A9BB2DBB23B2B03DCBB88D2
:100C4000DBB23B2B2ADD03232CE0BB88072B27D903
:100C5000032327E000BF24E000BF22E000BF20E024
:100C600000BF1EE000BF1CE000BF1AE000BF18E09C
:100C700000BF16E000BF14E000BF12E000BF10E0AC
:100C800000BF0EE000BF0CE000BF0AE000BF08E0BC
:100C900000BF06E000BF04E000BF02E000BF00E0CC
:100CA00000BF002318461437BD4680BC704700BF04
:100CB0000400002080B584B000AF78603960002364
:100CC000FB730223BB7300237B737B68042283F8CE
:100CD00013213B689B88DB089BB2DAB23B689B8898
:100CE00003F007039BB2002B14BF01230023DBB2E8
:100CF0001846BB7B591CB97319461318DAB27B68C6
:100D00000B44DA743B685B887B813EE07B7B082B7D
:100D100014D1BB7B5A1CBA731A467B681344FA7B06
:100D2000DA747B6893F813310133DAB27B6883F8A5
:100D300013210023FB7300237B7302E0FB7B5B0822
:100D4000FB733B681B78012B0AD17B89184600F0A6
:100D500069FC0346002B14BF01230023DBB209E02A
:100D60007B89184600F02EFD0346002B14BF01239B
:100D70000023DBB2002B02D0FB7B803BFB737B7B31
:100D800001337B737B8901337B817A893B685B8884
:100D900019463B689B880B449A42B7DB7B7B002B50
:100DA0000BD0FA7B7B7BC3F1080342FA03F3FB739E
:100DB000BB7B7A681344FA7BDA747B6893F813314F
:100DC0000233DBB27B7297F9093018461037BD4603
:100DD00080BD80B584B000AF786039600223FB73BA
:100DE0007B68032283F813213B689B88DAB2FB7B84
:100DF000591CF97319465300DAB27B680B44DA7454
:100E00003B685B88BB8125E0BB89184600F028FD64
:100E100003463B81B7F908301B121AB2FB7B591C01
:100E2000F9731946D2B27B680B44DA74FB7B5A1C07
:100E3000FA7319463B89DAB27B680B44DA747B6833
:100E400093F813310233DAB27B6883F81321BB893C
:100E50000133BB81BA893B685B8819463B689B8834
:100E60000B449A42D0DB7B6893F813310233DBB238
:100E7000FB7297F90B3018461037BD4680BD000055
:100E800080B58CB004AF786039600023FB773B6895
:100E90005B884FF6FF72934211D13B689B88012B10
:100EA0000DD17B6802225A757B6820229A757B6877
:100EB0000022DA757B68052283F813216EE33B6814
:100EC0005B881B0A9BB2DBB2EC2B00F06283EC2B3D
:100ED00000F36483D02B00F0B380D02B00F35E834B
:100EE000912B00F35B83812B06DA292B00F05383CF
:100EF000442B00F0248351E3813B102B00F24E83FE
:100F000001A252F823F000BF7D0F01089D150108D2
:100F1000D10F01089D1501089D1501089D150108B7
:100F20009D1501089D1501089D1501089D150108D5
:100F3000FF0F01089D1501089D1501089D15010869
:100F40009D1501089D1501084D0F01083B685B8840
:100F50007B773B689A887B7F1946344803F0D4FF3F
:100F600003467B83B7F91A301B121BB2DAB27B68D7
:100F7000DA757B8BDAB27B681A760FE33B685B88A5
:100F8000DBB2862B0DD17B681733294A12691A60B0
:100F90007B6893F813310233DAB27B6883F813214C
:100FA000FCE23B685B88DBB21A4622491F4804F02A
:100FB000A9F90346FB607B681733FA681A607B68FF
:100FC00093F813310233DAB27B6883F81321E5E238
:100FD0003B685B88DBB21A461749144804F092F963
:100FE0000346FB607B681733FA681A607B6893F8E6
:100FF00013310233DAB27B6883F81321CEE23B6807
:101000005B88DBB21A460D49084804F07BF90346B9
:10101000FB607B681733FA681A607B6893F81331BA
:101020000233DAB27B6883F81321B7E20C010020A7
:1010300008090020C0080020D8080020F00800207F
:101040000023FB7200233B817B68042283F8132179
:10105000FB7F0133FB77FB7F0233AC4A11787A6860
:1010600013440A46DA740021A948FCF7FDF8034648
:10107000BB77BB7F002B21D0FB7F0133FB77FB7F4E
:1010800002337A681344FF22DA747B6893F81331D1
:101090000133DAB27B6883F81321FB7F0133FB77DE
:1010A000FB7F02337A681344B022DA747B6893F8CA
:1010B00013310133DAB27B6883F81321BB7F002B35
:1010C00031D1282302930123019307F10B030093ED
:1010D00001230622D0218E4807F006FA0346BB778B
:1010E000FB7F0133FB77FB7F02337A681344D12205
:1010F000DA747B6893F813310133DAB27B6883F8D2
:101100001321FB7F0133FB77FB7F0233F97A7A6887
:1011100013440A46DA747B6893F813310133DAB268
:101120007B6883F81321BB7F002B2AD120217848CC
:10113000FCF79AF80346BB77BB7F002B21D0FB7FDF
:101140000133FB77FB7F02337A681344FF22DA74A2
:101150007B6893F813310133DAB27B6883F813218B
:10116000FB7F0133FB77FB7F02337A681344B222A3
:10117000DA747B6893F813310133DAB27B6883F851
:101180001321BB7F002B36D10023FB72282302934F
:101190000123019307F10B03009301230022D021C7
:1011A0005B4807F0A1F90346BB77BB7F002B22D138
:1011B000FB7F0133FB77FB7F02337A681344D22233
:1011C000DA747B6893F813310133DAB27B6883F801
:1011D0001321FB7F0133FB77FB7F0233F97A7A68B7
:1011E00013440A46DA747B6893F813310133DAB298
:1011F0007B6883F81321BB7F002B36D10023FB7261
:10120000282302930123019307F10B030093012389
:101210000122D0213E4807F067F90346BB77BB7F28
:10122000002B22D1FB7F0133FB77FB7F02337A68EF
:101230001344D322DA747B6893F813310133DAB2A2
:101240007B6883F81321FB7F0133FB77FB7F02333D
:10125000F97A7A6813440A46DA747B6893F8133192
:101260000133DAB27B6883F81321BB7F002B36D1C0
:101270000023FB72282302930123019307F10B0340
:10128000009301230222D021214807F02DF90346C3
:10129000BB77BB7F002B22D1FB7F0133FB77FB7F2A
:1012A00002337A681344D422DA747B6893F81331DA
:1012B0000133DAB27B6883F81321FB7F0133FB77BC
:1012C000FB7F0233F97A7A6813440A46DA747B6842
:1012D00093F813310133DAB27B6883F81321BB7FB3
:1012E000002B4CD1322302930223019307F1080310
:1012F000009301231022D021054807F0F5F803469A
:10130000BB77BB7F002B3AD104E000BFD0000020A8
:101310000C010020FB7F0133FB77FB7F02337A68EF
:101320001344D522DA747B6893F813310133DAB2AF
:101330007B6883F81321FB7F0133FB77FB7F02334C
:10134000397A7A6813440A46DA747B6893F8133161
:101350000133DAB27B6883F81321FB7F0133FB771B
:10136000FB7F0233797A7A6813440A46DA747B6821
:1013700093F813310133DAB27B6883F81321BB7F12
:10138000002B36D10023FB72282302930123019303
:1013900007F10B03009301231422D021854807F0A5
:1013A000A3F80346BB77BB7F002B22D1FB7F013321
:1013B000FB77FB7F02337A681344D622DA747B68AA
:1013C00093F813310133DAB27B6883F81321FB7F82
:1013D0000133FB77FB7F0233F97A7A6813440A46BC
:1013E000DA747B6893F813310133DAB27B6883F8DF
:1013F0001321BB7F002B36D10023FB7228230293DD
:101400000123019307F10B03009301231522D0213F
:10141000684807F069F80346BB77BB7F002B22D1F1
:10142000FB7F0133FB77FB7F02337A681344D722BB
:10143000DA747B6893F813310133DAB27B6883F88E
:101440001321FB7F0133FB77FB7F0233F97A7A6844
:1014500013440A46DA747B6893F813310133DAB225
:101460007B6883F81321BB7F002B2AD100215148D0
:10147000FBF7FAFE0346BB77BB7F002B21D0FB7F37
:101480000133FB77FB7F02337A681344FF22DA745F
:101490007B6893F813310133DAB27B6883F8132148
:1014A000FB7F0133FB77FB7F02337A681344B02262
:1014B000DA747B6893F813310133DAB27B6883F80E
:1014C0001321BB7F002B36D10023FB72282302930C
:1014D0000123019307F10B03009301230722D0217D
:1014E000344807F001F80346BB77BB7F002B22D1BD
:1014F000FB7F0133FB77FB7F02337A681344D822EA
:10150000DA747B6893F813310133DAB27B6883F8BD
:101510001321FB7F0133FB77FB7F0233F97A7A6873
:1015200013440A46DA747B6893F813310133DAB254
:101530007B6883F813217B68FA7F5A752EE01E4B77
:101540005B8B9BB2012B28D01A4803F067FD7861B2
:101550007B6817337A6912681A607B6893F81331D5
:101560000233DAB27B6883F813217B6893F8133176
:1015700010337A68134403337A69043212681A60AC
:101580007B6893F813310433DAB27B6883F8132154
:1015900003E000BF02E000BF00E000BF7B6893F8FB
:1015A00013310233DBB2FB7497F91330184620373E
:1015B000BD4680BD0C0100206008002080B584B0CD
:1015C00000AF786039603B685A883B689B88194651
:1015D000104600F0A1FD7B6893F813310233DBB2B3
:1015E000FB7397F90F3018461037BD4680BD80B5A4
:1015F00084B000AF786039603B685A883B689B884C
:101600001BB21946104600F063FE7B6893F8133155
:101610000233DBB2FB7397F90F3018461037BD4623
:1016200080BD000080B582B000AF0346FB80FB8820
:101630000F2B3BDC002B13DAB8E0A3F54053042B4F
:1016400000F2B48001A252F823F000BF4117010854
:101650005917010871170108851701089917010822
:101660000F2B00F2A38001A252F823F0BD1601084F
:10167000D1160108E5160108AD170108AD170108DC
:10168000F91601082317010811170108AD17010801
:10169000AD170108AD170108AD170108AD17010816
:1016A000AD170108391701083D17010843F204027C
:1016B00093427BDCB3F5405FBFDA77E03E4B9B683B
:1016C00003F01003002B14BF01230023DBB26EE0F4
:1016D000394B9B6803F00403002B14BF0123002344
:1016E000DBB264E0344B9B6803F00803002B14BFAB
:1016F00001230023DBB25AE04FF400712F4806F0BB
:10170000E1F80346002B14BF01230023DBB24EE0B7
:10171000294B1B7DDBB2002B14BF01230023DBB25E
:1017200045E02021264806F0CDF80346002B14BFE3
:1017300001230023DBB23AE0002338E0002336E047
:101740004FF400511D4806F0BDF80346002B14BFAE
:1017500001230023DBB22AE04FF48051184806F041
:10176000B1F80346002B14BF01230023DBB21EE0B7
:10177000114B9B6803F48063002B14BF01230023EB
:10178000DBB214E00C4B9B6803F00403002B14BF86
:1017900001230023DBB20AE0074B9B6803F0080338
:1017A000002B14BF01230023DBB200E00023184606
:1017B0000837BD4680BD00BF600800200010014012
:1017C0000008014080B582B000AF0346FB80FB8873
:1017D000072B3BD801A252F823F000BFFD170108E8
:1017E00001180108131801082B1801082F18010807
:1017F000331801084518010849180108012326E09B
:10180000154BDB7DDBB2002B14BF01230023DBB2C1
:101810001DE04FF48071114806F054F80346002B88
:1018200014BF01230023DBB211E000230FE00023EB
:101830000DE0094B5B7DDBB2002B14BF01230023BD
:10184000DBB204E0002302E0002300E0002318469E
:101850000837BD4680BD00BF600800200010014071
:1018600080B58AB000AF0346FB80FB886B2B00F38A
:101870000181002B20DA00F014BCA3F55A430A2B97
:1018800000F20F8401A252F823F000BF151E0108D8
:10189000311E01084D1E0108691E0108851E010840
:1018A000A11E0108BD1E0108D91E0108F51E010870
:1018B000111F01082B1F01086B2B00F2F28301A2FC
:1018C00052F823F0891A0108931A0108DB1A01085B
:1018D000231B01082B1B01083B1B0108A320010847
:1018E000A3200108A3200108A3200108A3200108C8
:1018F000A3200108A3200108A3200108A3200108B8
:10190000A3200108A3200108A3200108A3200108A7
:10191000A32001084F1B0108571B01085F1B01088A
:10192000671B01086F1B0108771B01087F1B01085B
:10193000871B0108A3200108A3200108A320010898
:10194000A3200108A3200108A3200108A320010867
:10195000A32001088F1B0108991B0108A31B010884
:10196000A3200108A91B0108B11B0108B91B01082C
:10197000A3200108C31B0108CD1B0108D71B0108C8
:10198000E11B0108EB1B0108F51B0108FF1B010807
:10199000091C0108111C0108151C01081F1C010865
:1019A0002B1C0108351C01083F1C0108A32001085D
:1019B000A3200108A3200108A3200108A3200108F7
:1019C000A3200108A3200108A3200108A3200108E7
:1019D000A3200108A3200108A3200108A3200108D7
:1019E000A3200108A3200108A3200108A3200108C7
:1019F000A3200108A3200108A3200108A3200108B7
:101A0000A3200108491C0108511C01085B1C0108A6
:101A1000651C01088B1C0108B31C0108091D010885
:101A2000311D01083B1D0108431D01084D1D010822
:101A3000811D0108D71D0108A3200108A32001086A
:101A4000A3200108451F01084D1F0108591F010867
:101A5000631F01086D1F0108D51F0108F11F010850
:101A60000D200108292001084520010861200108F6
:101A70007D2001084DF60A22934200F31283B3F54C
:101A80005A4FBFF6FAAE0CE3934B5B8A9BB21BB284
:101A900038E30023FB84002387F8253016E097F80D
:101AA00025309BB21846FFF78DFE0346002B08D069
:101AB00097F82530012202FA03F39AB2FB8C134403
:101AC000FB8497F82530013387F8253097F82530C7
:101AD0000F2BE4D9B7F9263014E30023FB8400234D
:101AE00087F8243016E097F824309BB21846FFF7A9
:101AF00099FD0346002B08D097F82430012202FA02
:101B000003F39AB2FB8C1344FB8497F8243001331F
:101B100087F8243097F824300F2BE4D9B7F9263012
:101B2000F0E26D4B1B881BB2ECE26B4BDB881BB207
:101B30009BB25B009BB21BB2E4E2674B5B889BB23B
:101B4000664AA2FB0323DB089BB21BB2DAE2644BBA
:101B50001B881BB2D6E2624B5B881BB2D2E2604BA1
:101B60009B881BB2CEE25E4BDB881BB2CAE25C4BA9
:101B70001B891BB2C6E25A4B5B891BB2C2E2584BAF
:101B80009B891BB2BEE2564BDB891BB2BAE2544BB7
:101B90001B8A9BB21BB2B5E2514B5B8A9BB21BB254
:101BA000B0E240F6BB33ADE24D4B9B8A1BB2A9E2DB
:101BB0004B4BDB8A1BB2A5E2494B1B8B9BB21BB282
:101BC000A0E2484B1B889BB21BB29BE2464B1B8892
:101BD0009BB21BB296E2454B1B889BB21BB291E2B3
:101BE000434B1B889BB21BB28CE2424B1B889BB2BF
:101BF0001BB287E2404B1B889BB21BB282E2384B80
:101C00005B8B9BB21BB27DE2354B9B8B1BB279E2A7
:101C1000002377E2324BDB8B9BB21BB272E2374B75
:101C200093F82530DBB21BB26CE2344B1B78DBB28D
:101C30001BB267E2314B5B78DBB21BB262E2284B2E
:101C40001B8C9BB21BB25DE2234BDB681BB259E2DB
:101C5000214BDB681B0C1BB254E21F4B1B8A9BB24F
:101C60001BB24FE2264B1B6926491846FBF7DAF8F0
:101C700003464FF07C511846FAF7CCFF034618464E
:101C8000FBF7D2FA03461BB23CE21D4B1B691D4910
:101C90001846FBF7C7F803464FF07C511846FAF791
:101CA000B9FF03461846FBF7BFFA03461B0C1BB2ED
:101CB00028E2134BDB6813491846FBF7B3F80346D9
:101CC0004FF07C511846FAF7A5FF03461846FBF77C
:101CD000ABFA03461BB215E260080020CDCCCCCC99
:101CE00004000020E8F7FF1FEAF7FF1FECF7FF1FD3
:101CF000EEF7FF1FF0F7FF1FF2F7FF1F800800202D
:101D00000809002000007A44A04BDB68A04918466F
:101D1000FBF788F803464FF07C511846FAF77AFF34
:101D200003461846FBF780FA03461B0C1BB2E9E199
:101D3000984B5B8B9BB21BB2E4E1964BDB691BB209
:101D4000E0E1944BDB691B141BB2DBE10023FB8455
:101D500000237B6107F11403002219468E4804F02A
:101D6000DDFA0346002B08D1FB7D1BB21B021AB221
:101D70007B7D1BB213431BB2FB84B7F92630C1E154
:101D80000023FB8400233B6107F10C0300210A467A
:101D90001A800A469A7007F10C03002219467E4801
:101DA00004F02EF90346002B12D107F11003002294
:101DB0001946794804F0B2FA0346002B08D1BB7CDF
:101DC0001BB21B021AB23B7B1BB213431BB2FB8438
:101DD000B7F9263096E10023FB8407F108030021C0
:101DE0000A461A800A469A7007F10803002219462B
:101DF000694804F005F90346002B08D17B7A1BB231
:101E00001B021AB2BB7A1BB213431BB2FB84B7F995
:101E1000263077E1614B1B88FB84FB8C1B0A9BB24D
:101E20001AB2B7F926301B021BB213431BB269E189
:101E30005B4B1B88FB84FB8C1B0A9BB21AB2B7F965
:101E400026301B021BB213431BB25BE1554B1B88B0
:101E5000FB84FB8C1B0A9BB21AB2B7F926301B021B
:101E60001BB213431BB24DE14F4B1B88FB84FB8C11
:101E70001B0A9BB21AB2B7F926301B021BB21343DE
:101E80001BB23FE1494B1B88FB84FB8C1B0A9BB2B6
:101E90001AB2B7F926301B021BB213431BB231E151
:101EA000434B1B88FB84FB8C1B0A9BB21AB2B7F90D
:101EB00026301B021BB213431BB223E13D4B1B8890
:101EC000FB84FB8C1B0A9BB21AB2B7F926301B02AB
:101ED0001BB213431BB215E1374B1B88FB84FB8CF1
:101EE0001B0A9BB21AB2B7F926301B021BB213436E
:101EF0001BB207E1314B1B88FB84FB8C1B0A9BB296
:101F00001AB2B7F926301B021BB213431BB2F9E019
:101F10002B4B1B88FB84B7F926301B021AB2294BC6
:101F20001B781BB213431BB2ECE016237B847B8C23
:101F30005B089AB27B8C03F001039BB213449BB203
:101F40001BB2DFE0204B1B781BB2DBE042F24F6399
:101F5000FB84B7F92630D5E06423FB84B7F926303B
:101F6000D0E00123FB84B7F92630CBE0164B1B7879
:101F7000012B03D0144B1B78112B29D1124B1122AA
:101F80001A70124BB3F90030BCE000BF0809002002
:101F900000007A4460080020E400002000F80708F0
:101FA00002F8070804F8070806F8070808F8070801
:101FB0000AF807080CF807080EF8070810F80708D1
:101FC00012F80708F8000020D0000020D4000020FC
:101FD000002397E04D4B1B78012B03D04B4B1B7814
:101FE000112B03D14A4BB3F902308BE0002389E077
:101FF000464B1B78012B03D0444B1B78112B03D18C
:10200000434BB3F904307DE000237BE03F4B1B786A
:10201000012B03D03D4B1B78112B03D13C4BB3F963
:1020200006306FE000236DE0384B1B78012B03D0A6
:10203000364B1B78112B03D1354BB3F9083061E0D7
:1020400000235FE0314B1B78012B03D02F4B1B7813
:10205000112B03D12E4BB3F90A3053E0002351E08A
:102060002A4B1B78012B03D0284B1B78112B03D153
:10207000274BB3F90C3045E0002343E0234B1B789A
:10208000012B03D0214B1B78112B08D1204BDB896E
:102090003B841E4B01221A70B7F9203032E0002336
:1020A00030E0FB884DF60A2293422AD9FB884DF690
:1020B0002022934225D8FB8803F517533533FB8341
:1020C000FB8BDBB25B007B777B7F162B03D87B7FA0
:1020D000104AD35C00E000233B777B7F0133162B53
:1020E00004D87B7F01330B4AD35C00E00023FB76EE
:1020F0003B7F1BB21B021AB2FB7E1BB213431BB207
:1021000000E0002318462837BD4680BDD0000020DF
:10211000D40000205C36020880B58CB002AF0346C4
:102120000A46FB801346BB80FB88072B2ADC002B6A
:1021300012DABEE0A3F54053042B00F2BA8001A2EC
:1021400052F823F025220108352201084522010812
:102150005522010885220108072B00F2AA8001A25E
:1021600052F823F097210108B3220108B322010895
:10217000B3220108B3220108AD210108BD210108E5
:10218000ED21010843F20402934200F39280B3F57B
:10219000405FCFDA8DE0B888102300934FF480437E
:1021A0004FF40042454900F093FC82E0B888802358
:1021B0004FF40072424900F00BFC7AE0414B1B7E69
:1021C000DBB2002B74D0BB88B3F57F4F05D1012261
:1021D00020213D4805F08DFB6AE0BB88002B67D1CC
:1021E00000222021384805F084FB61E0002387F8B5
:1021F0002730BB88B3F57F4F03D1012387F8273001
:1022000005E0BB88002B02D1002387F827302D4A38
:1022100097F8273013752B4B01225A75294B012251
:102220009A7546E0B88801234FF40052244900F023
:10223000CFFB3EE0B88802234FF48052224900F0E1
:10224000C7FB36E0B8884FF4806302221B4900F0D8
:10225000BFFB2EE00023BB610423FB61BB881B0A8C
:102260009BB2DBB287F82030BB88DBB287F8213025
:10227000164B186807F118014FF0FF3300220AF0DF
:102280008BFB16E00423FB6008233B61BB881B0A21
:102290009BB2DBB23B75BB88DBB27B750B4B18681E
:1022A00007F10C014FF0FF3300220AF075FB00E04C
:1022B00000BF00BF2837BD4680BD00BF000C0140F5
:1022C00000100140600800200008014000010020CB
:1022D000B0B590B000AF03460A46FB801346BB8002
:1022E000FB8843F20202934200F08A8143F2020229
:1022F000934200F3628343F20102934200F078813B
:1023000043F20102934200F35883B3F5405F00F0BB
:102310006781B3F5405F00F350835C2B00F352817B
:10232000002B80F28F8048E3A3F50053013B412B43
:1023300000F2438301A252F823F000BF11260108E6
:1023400021260108BB290108BB290108BB29010876
:10235000BB290108BB290108BB290108BB290108C9
:10236000BB290108BB290108BB290108BB290108B9
:10237000BB290108BB290108BB290108492601081E
:1023800031260108BB290108BB290108BB29010826
:10239000BB290108BB290108BB290108BB29010889
:1023A000BB290108BB290108BB290108BB29010879
:1023B000BB290108BB290108BB2901083D260108EA
:1023C000A9290108BB290108BB290108BB2901086B
:1023D000BB290108BB290108BB290108BB29010849
:1023E000BB290108BB290108BB290108BB29010839
:1023F000BB290108BB290108BB290108492601089E
:1024000031260108BB290108BB290108BB290108A5
:10241000BB290108BB290108BB290108BB29010808
:10242000BB290108BB290108BB290108BB290108F8
:10243000BB290108BB290108BB2901083D26010869
:10244000A92901085C2B00F2B88201A252F823F0FE
:10245000D9250108BB290108BB290108BB290108AE
:10246000BB290108BB290108BB290108BB290108B8
:10247000BB290108BB290108BB290108BB290108A8
:10248000BB290108BB290108BB290108BB29010898
:10249000BB290108BB290108BB290108BB29010888
:1024A000552601085D260108652601086D260108EC
:1024B000BB290108852601088D26010895260108FB
:1024C000BB290108BB290108BB290108BB29010858
:1024D000BB290108BB290108BB290108BB29010848
:1024E0009D260108A5260108BB290108AD26010883
:1024F000752601087D26010803270108DD2601084D
:10250000BB290108BB290108BB290108BB29010817
:10251000BB290108BB290108BB290108BB29010807
:10252000BB2901081F270108BB290108BB29010895
:10253000BB290108A1290108BB290108BB29010801
:10254000BB290108BB290108BB290108BB290108D7
:10255000BB290108BB290108BB290108BB290108C7
:10256000BB290108BB290108BB290108BB290108B7
:10257000BB290108BB290108BB290108BB290108A7
:10258000BB290108BB290108BB290108BB29010897
:10259000BB290108BB290108BB290108BB29010887
:1025A000BB290108BB290108BB290108BB29010877
:1025B000BB290108BB2901082727010801280108B8
:1025C0002129010842F24202934200F3F681B3F559
:1025D000005F3FF7A9AEF0E1814B78225A82ECE12F
:1025E000B88801234FF400527E4900F0F1F9E4E18C
:1025F000B88802234FF480527B4900F0E9F9DCE10E
:10260000B8884FF480630222784900F0E1F9D4E100
:10261000BB88DBB219464FF48020FCF7B3FCCCE159
:10262000BB88DBB219464FF40020FCF7ABFCC4E1D9
:10263000BB881946012002F0DFF9BEE1BB881946CC
:10264000022002F0D9F9B8E1BB881946032002F054
:10265000D3F9B2E1664ABB881380AEE1644ABB8815
:102660005380AAE1624ABB889380A6E1604ABB8896
:10267000D380A2E15E4ABB8893829EE15C4ABB881C
:10268000D3829AE15A4ABB88538196E1584ABB8863
:10269000938192E1564ABB88D3818EE1BA88544B2C
:1026A0001A828AE1BA88524B5A8286E1FCF728F8EE
:1026B000034687F83B3097F83B30002B00F07681DB
:1026C0004B4A4C4B14461D460FCD0FC40FCD0FC4C3
:1026D0002B6823804648FBF7CBFE67E180234FF44D
:1026E000007240494FF47F4000F072F9642009F015
:1026F00045FF80234FF400723A49002000F068F94A
:102700005BE13C4A3A4B14461D460FCD0FC40FCD3A
:102710000FC42B6823803648FBF7AAFE4DE1BA8828
:10272000334BDA8349E100237B6307F13403002252
:102730001946314803F0F2FD0346002B40F0388182
:10274000B7F904301B121BB2DBB287F83730BB88F5
:10275000DBB287F83530294BDB69284A43F08053D8
:10276000D361264BDB6903F080537B627B6A234B8A
:10277000DB69224A43F00063D361204BDB6903F03D
:1027800000633B623B6A06F049FF07F13403002215
:102790001946194803F00CFD0023BB8797F8373022
:1027A0001BB25B021AB297F835301BB25B011BB249
:1027B00003F4F0731BB213431AB297F836301BB20E
:1027C00003F01F031BB213431BB2BB87BB8F1A4618
:1027D0000921094804F098F806F02CFFE8E000BF52
:1027E000600800200010014000080140000C01407A
:1027F0000400002028000020E40000200010024017
:1028000000233B6307F12C0300210A461A800A4685
:102810009A7007F12C03002219466A4803F0F0FB76
:102820000346002B26D1BB88DBB287F82C30664BE1
:10283000DB69654A43F08053D361634BDB6903F086
:102840008053FB61FB69604BDB695F4A43F00063C7
:10285000D3615D4BDB6903F00063BB61BB6906F0CC
:10286000DDFE07F12C0300221946564803F031FB28
:1028700006F0E0FE07F1300300221946514803F04C
:102880004DFD0346002B40F09580B7F904301B1234
:102890001BB2DBB287F832304B4BDB694A4A43F05C
:1028A0008053D361484BDB6903F080537B617B69C4
:1028B000454BDB69444A43F00063D361424BDB691B
:1028C00003F000633B613B6906F0A8FE07F13003AB
:1028D000002219463B4803F06BFC0023FB8797F866
:1028E00033301BB25B021AB297F831301BB25B0176
:1028F0001BB203F4F0731BB213431AB297F83230D1
:102900001BB203F01F031BB213431BB2FB87FB8FE9
:102910001A4609212B4803F0F7FF06F08BFE49E029
:1029200007F1280300210A461A800A469A7007F127
:10293000280300221946234803F062FB0346002BBC
:102940003AD1B7F904301B121BB2DBB287F8293039
:10295000BB88DBB287F82A301B4BDB691A4A43F08D
:102960008053D361184BDB6903F08053FB60FB6835
:10297000154BDB69144A43F00063D361124BDB69EA
:1029800003F00063BB60BB6806F048FE07F1280354
:10299000002219460B4803F09CFA06F04BFE0BE0B0
:1029A000BA880A4B1A8408E000BF06E000BF04E0C2
:1029B00000BF02E000BF00E000BF00BF4037BD46DF
:1029C000B0BD00BFE4000020001002400400002061
:1029D00080B584B000AFB9607B600346FB811346CD
:1029E000BB817B68B3F5806F35D1FB89B3F57F4F31
:1029F00016D1364B9A687B681340002B10D1BB89E7
:102A000000221946B86804F074FF0DF05FF82F4BF0
:102A10009A687B6813432D4A93600DF087F850E065
:102A2000FB89002B4DD1294B9A687B681340002B02
:102A300047D0BB8901221946B86804F05AFF0DF04F
:102A400045F8224B9A687B68DB4313401F4A93602A
:102A50000DF06CF835E0FB89B3F57F4F16D11B4BB9
:102A60009A687B681340002B10D1BB89012219465C
:102A7000B86804F03EFF0DF029F8144B9A687B68A3
:102A80001343124A93600DF051F81AE0FB89002BB2
:102A900017D10E4B9A687B681340002B11D0BB896D
:102AA00000221946B86804F024FF0DF00FF8074B18
:102AB0009A687B68DB431340044A93600DF036F854
:102AC000FFE700BF1037BD4680BD00BF6008002093
:102AD00080B586B000AFB96011461A460346FB8147
:102AE0000B46BB811346FB800323FB750CF0EEFF06
:102AF000FB89B3F57F4F0ED1254B9A683B6A134093
:102B0000002B08D1224B9A683B6A1343204A9360FA
:102B10000123FB7511E0FB89002B0ED11C4B9A6839
:102B20003B6A1340002B08D0194B9A683B6ADB4381
:102B30001340174A93600023FB750CF0F7FFFB7DF1
:102B4000012B0FD1BB8900221946B86804F0D1FED1
:102B50000A2009F013FDBB8901221946B86804F068
:102B6000C8FE11E0FB7D002B0ED1FB880022194628
:102B7000B86804F0BEFE0A2009F000FDFB880122BF
:102B80001946B86804F0B5FE00BF1837BD4680BDD1
:102B90006008002080B584B000AF78604FF4FA730D
:102BA000FB602F4B1B684FF0FF31184609F0B0FD5A
:102BB00088222C492C4802F0A5FB03462B491846D5
:102BC000FAF730F903461846FAF708FB03461AB23B
:102BD000274B1A8089222349234802F093FB03469E
:102BE00022491846FAF71EF903461846FAF71CFB65
:102BF00003469AB21E4B5A80194B1B68184609F0BF
:102C0000EDFDF86809F0BAFC154B1B684FF0FF3179
:102C1000184609F07DFD00220021134802F074F9E6
:102C200003461A46124BDA800F4802F0F7F9B860F3
:102C3000BB6804331B6818460FF040FC0346184677
:102C4000FAF7F2FA03469AB2094B5A83044B1B680F
:102C5000184609F0C3FDF86809F090FC00BFA0E732
:102C600050080020C00800200C01002000007A4419
:102C70006008002080B586B000AF78604EF6602313
:102C80003B610023FB6000237B61386909F076FC1F
:102C90000D4B1B684FF0FF31184609F039FD0B4B07
:102CA000DA687B69D31AFB60084BDB687B61FB68E1
:102CB000074A0849084802F0EFFB034B1B68184617
:102CC00009F08CFD00BFE0E75008002060080020FC
:102CD00008090020C00800200C01002080B584B045
:102CE00000AF7860C823FB601021044804F019FE8F
:102CF000F86809F043FC00BFF6E700BF0008014098
:102D000080B500AF174801F077FB0121164801F0AC
:102D10007FF9154B1B68DA68134B1B6842F00202FF
:102D2000DA600021104807F049FC02210F4801F049
:102D30006FF90E4B1B68DA680C4B1B6842F00402FB
:102D4000DA600421094807F039FC094B1B68DA688E
:102D5000074B1B6822F00102DA60054807F0DDF935
:102D600000BF80BD80080020F0010020600100202D
:102D70003802002080B582B000AF78602D4B002271
:102D80001A602D4BDB8B9BB2002B0CD1294B1B689F
:102D9000002B4BD0294B4FF080521A60BFF34F8F5E
:102DA000BFF36F8F42E07B681B68254A934215D1C1
:102DB0007B681B7F012B11D11F4BDB8B9BB2012B3F
:102DC00006D1042302220221786800F03BF805E0D6
:102DD000042302220221786800F0C8F87B681B688F
:102DE000B3F1804F15D17B681B7F022B11D1124BA1
:102DF000DB8B9BB2012B06D10C23012220217868AA
:102E000000F020F805E00C2301222021786800F072
:102E1000ADF8084B1B68002B09D0084B4FF08052CF
:102E20001A60BFF34F8FBFF36F8F00E000BF08370A
:102E3000BD4680BD580800200400002004ED00E0DD
:102E4000000C004080B584B000AFF860B9603B6012
:102E50001346FB71FB681B681A6ABB681340002BA2
:102E600055D13F4B5B78DBB2002B74D13968F868E1
:102E700001F054F93A4AFB795370FB681B7F1946FD
:102E8000F86801F008F9374B1B683621184601F045
:102E9000A1F9FB79022B1BD1314B93F82530DBB222
:102EA00083F00103DAB22E4B83F8252002212E484D
:102EB00004F008FD0346012B4ED1294B93F8253031
:102EC000DBB283F01003DAB2254B83F8252043E010
:102ED000FB79012B40D1224B93F82530DBB283F0F4
:102EE0000203DAB21E4B83F8252008211E4804F0A5
:102EF000E9FC0346012B2FD1194B93F82530DBB2A7
:102F000083F02003DAB2164B83F8252024E0144B1B
:102F100000225A70134B1B68DA68124B1B6822F0B0
:102F20000102DA603968F86807F088FAFB681B7FED
:102F30001946F86801F06CF80A4B1B686FF0010243
:102F40001A613620FCF752FB064B1B6836211846E7
:102F500001F079F900E000BF1037BD4680BD00BF29
:102F600080080020380200200008014080B586B0AB
:102F700000AFF860B9603B601346FB71964B5B781D
:102F8000DBB2002B06D0944B5B78DBB2FA799A4225
:102F900040F0EE81FB681B681A6ABB681340002B87
:102FA00040F0A6818C4B1B78DBB2062B02D18A4BFA
:102FB00004221A70FB79022B0AD1874B93F8253033
:102FC000DBB283F00103DAB2834B83F825200CE0F7
:102FD000FB79012B09D1804B93F82530DBB283F0CC
:102FE0000203DAB27C4B83F825207B4B1B78DBB2E3
:102FF000042B09D0042B00F3BD81002B00F0F480DA
:10300000022B00F00E81B5E1734B93F82530DBB253
:1030100003F00803002B07D1704B1B6800225A6293
:103020006D4B00221A62A8E16C4B1B685A6A6A4B0E
:103030001B6A6949097DC9B208461A446649831C5E
:1030400041F82320644B1B7DDBB20133DAB2624BC3
:103050001A75624B1B6800225A62614B1B68DA6862
:103060005F4B1B6822F00102DA605B4B00221A62A0
:10307000594B93F82430DBB2002B03D0564B00227F
:1030800083F824203B68002B06D1534BDB8A9AB28D
:10309000FB681B685A631CE03B68042B07D14E4B4E
:1030A000DB8A99B2FB681A680B46936311E03B68B0
:1030B000082B07D1484BDB8A99B2FB681A680B468C
:1030C000D36306E0444BDB8A99B2FB681A680B466F
:1030D00013643968F86801F021F8FB79002118467B
:1030E00000F050FF3C4B1B7DDBB2022B02D93A4B68
:1030F00000221A75384B9B8BFB82FB8A002B02D176
:1031000040F23513FB82364B1B681A68344B1B6840
:1031100042F002021A60324B1B68FA8ADA62FB8ABA
:103120002F4AD3602E4B1B6800225A622C4B1B681F
:103130001A682B4B1B6822F002021A60284B1B688E
:1031400001225A61264B1B686FF001021A6136207A
:10315000FCF74CFA224B1B68DA68214B1B6842F0E3
:103160000102DA601E4B1B681B6803F00103002B91
:1031700005D11B4B1B683621184601F02BF8FB7953
:10318000022B11D10221174804F09CFB0346012BAE
:103190001ED1114B93F82530DBB283F01003DAB265
:1031A0000D4B83F8252013E0FB79012B10D108216A
:1031B0000C4804F087FB0346012B09D1064B93F81A
:1031C0002530DBB283F02003DAB2034B83F82520ED
:1031D000014B05221A70D0E08008002080020020F8
:1031E0003802002000080140654B1B6800225A622B
:1031F000644B00221A62634B5B78DBB2002B07D171
:10320000604B1B7DDBB2002B02D15E4AFB79537011
:10321000FB790021184600F0B5FE5A4B01221A70C6
:10322000ABE0584B1B7DDBB2022B17D8544B1B680D
:103230005A6A544B1B6A5349097DC9B208461A445D
:103240005049831C41F823204E4B1B7DDBB20133D8
:10325000DAB24C4B1A754B4B00221A70494B1B7D4E
:10326000DBB2022B40F28880464B00221A75464B97
:103270001B68DA68444B1B6822F00202DA60434B99
:103280001B68DA68414B1B6822F00402DA60404B8D
:103290001B68DA683E4B1B6822F00102DA603C4B87
:1032A0001B686FF001021A61394B1B683621184602
:1032B00000F0C9FF334B03221A7000F0E5F9334BDD
:1032C0001B68344A1A61304B1B68334A1A612F4B12
:1032D0001B68DA682D4B1B6842F00402DA602A4B47
:1032E0001B68DA68284B1B6842F00202DA6044E08F
:1032F000244B1B78DBB2012B1FD0052B32D1204B86
:103300001B685B6ABB82FB790121184600F03AFE1C
:103310001C4B93F82530DBB203F00803002B03D0DD
:10332000184B1B6A002B03D0164B04221A7024E0A2
:10333000BB8A184600F0FEFB1FE0114B1B685A6A5F
:10334000104B1B7DDBB291B20E4A5B0013440A4660
:103350005A80FB790121184600F014FE094B022225
:103360001A700AE0FB790121184600F00BFE04E018
:1033700000BF02E000BF00E000BF1837BD4680BDBF
:103380008002002080080020F00100206001002061
:1033900038020020FBFBFFFFFDFDFFFF80B500AF03
:1033A000334B00221A60334BDB8B9BB2012B30D1A5
:1033B000314B1B68DA68304B1B6822F00102DA607F
:1033C0002E4B5B78DBB2012B07D10C212C4807F088
:1033D00035F802212A4800F01BFE284B5B78DBB24F
:1033E000022B07D10421274807F028F8012125489E
:1033F00000F00EFE214B00225A701F4B1B686FF02D
:1034000001021A611C4B1B683621184600F01BFF95
:1034100018E11A4B1B78DBB2062B37D1164B1B6811
:10342000DA68154B1B6822F00102DA60124B1B6848
:103430006FF001021A61104B1B683621184600F02C
:1034400002FF0E4B93F82430DBB2002B01D100F0C9
:1034500019FF074B1B68002B00F001810A4B4FF04E
:1034600080521A60BFF34F8FBFF36F8FF7E000BF3A
:103470005C080020040000203802002080080020A2
:1034800060010020F001002004ED00E0764B1B7885
:10349000DBB2042B05D0744B1B78DBB2052B40F05C
:1034A000AC80724B1B68DA68704B1B6822F001021B
:1034B000DA606D4B5B78DBB2012B27D16C4B1B685C
:1034C000DA686B4B1B6822F00402DA600C21684852
:1034D00006F0B4FF0221664800F09AFD644B1B68B9
:1034E00000225A62624B1B68624A1A61604B1B6879
:1034F000DA685F4B1B6842F00402DA605C4B1B68C1
:103500001A685B4B1B6842F001021A60564B5B78ED
:10351000DBB2022B27D1584B1B68DA68564B1B686D
:1035200022F00202DA600421534806F087FF0121ED
:10353000514800F06DFD504B1B6800225A624E4B03
:103540001B684E4A1A614C4B1B68DA684A4B1B6871
:1035500042F00202DA60484B1B681A68464B1B684F
:1035600042F001021A60414B1B681A683F4B1B680E
:1035700042F002021A603C4BDB8B9AB23B4B1B6859
:10358000DA62394BDB8B9BB21A46384BDA60374B29
:103590001B6800225A62354B1B681A68334B1B6844
:1035A00022F002021A60314B1B6801225A612F4B34
:1035B0001B686FF001021A612C4B1B68DA682B4BF9
:1035C0001B6842F00102DA60274B93F82430DBB22B
:1035D0000133DAB2244B83F82420234B06221A70DD
:1035E000224B1B681B6803F00103002B05D11F4B06
:1035F0001B683621184600F0EDFD1B4B1B78DBB233
:10360000032B1FD1194B1B68DA68184B1B6822F07B
:103610000102DA60154B1B686FF001021A61134B4F
:103620001B683621184600F00EFE154B1B68002B58
:1036300017D0144B4FF080521A60BFF34F8FBFF377
:103640006F8F0EE00E4B1B68002B0BD00D4B4FF015
:1036500080521A60BFF34F8FBFF36F8F02E000BF3D
:1036600000E000BF80BD00BF8008002038020020BD
:1036700060010020FBFBFFFFF0010020FDFDFFFFCC
:103680005C08002004ED00E080B592B000AFC44BB0
:103690001B78DBB2032B03D0C14800F0ADFE38E24B
:1036A000C04B1B68DA68BF4B1B6822F00202DA606D
:1036B000BD4B1B68DA68BC4B1B6822F00402DA6061
:1036C000002387F847300023A7F8443000233B64E9
:1036D000002387F83F3020E097F83F3097F83F20ED
:1036E000AF495B000B445B8899B2530048333B44BD
:1036F0000A4623F8382C97F83F2097F83F30A8491E
:10370000023251F822209B0048333B4443F8442CBA
:1037100097F83F30013387F83F3097F83F30022B5E
:10372000DAD9002387F83E30CDE097F83E305B00D1
:1037300048333B4433F8383C002B00F0BE8097F808
:103740003E309B0048333B4453F8443C002B00F090
:10375000B48097F83E305B0048333B4433F8383C44
:103760001A4613469B001344904AA2FB03235B09AD
:103770007B8797F83E309B0048333B4453F8442CFA
:1037800013469B001344894AA2FB03235B097B6316
:10379000002387F83D308AE097F83E2097F83D30C7
:1037A0009A427ED097F83E305B0048333B4433F872
:1037B000382C97F83D305B0048333B4433F8383CB5
:1037C0009A4210D997F83E305B0048333B4433F8B7
:1037D000382C97F83D305B0048333B4433F8383C95
:1037E000D31A9BB20FE097F83D305B0048333B445F
:1037F00033F8382C97F83E305B0048333B4433F8BD
:10380000383CD31A9BB27B8697F83E309B004833F6
:103810003B4453F8442C97F83D309B0048333B44DD
:1038200053F8443C9A420FD997F83E309B004833F6
:103830003B4453F8442C97F83D309B0048333B44BD
:1038400053F8443CD31A0EE097F83D309B004833C0
:103850003B4453F8442C97F83E309B0048333B449C
:1038600053F8443CD31AFB627A8E7B8F9A4219D864
:10387000FA6A7B6B9A4215D897F83E305B00483362
:103880003B4433F8383CA7F8443097F83E309B006F
:1038900048333B4453F8443C3B64012387F84730AA
:1038A0000CE000BF97F83D30013387F83D3097F8C2
:1038B0003D30022B7FF670AF00E000BF97F83E303E
:1038C000013387F83E3097F83E30022B04D897F842
:1038D0004730002B3FF429AF97F84730002B03D136
:1038E0002F4800F089FD14E1B7F84430002B07D0D1
:1038F0003B6C002B04D0B7F844303A6C9A4203D8A2
:10390000274800F079FD04E1294BDB8B9BB2BB62B9
:10391000BB6A012B03D8224800F06EFDF9E03B6C36
:1039200042F20F72934203D81D4800F065FDF0E0AB
:10393000B7F8443040F6B732934203D940F6B73374
:10394000A7F844303A6CBB6AB2FBF3F37B627B6A44
:103950005B087B847B6A002B03D1114800F04CFD8F
:10396000D7E0B7F844307A6A9A4203D80C4800F09E
:1039700043FDCEE0B7F844207B8C9A4202D97B8C81
:10398000A7F84430B7F844300133BA6A02FB03F3B6
:103990003A6C9A420ED8024800F02EFDB9E000BF02
:1039A00080080020F0010020600100201F85EB51FD
:1039B00004000020B7F84430082B07D9B7F844308A
:1039C000554AA2FB03235B089BB200E00323FB6183
:1039D000BB6A013B7A6A03FB02F2B7F84430134436
:1039E000FA691344BB613A6CFB69D31ABA699A420B
:1039F00003D34A4800F000FD8BE0484AB7F8443052
:103A0000D382464A3B6C9361BB690A33444AA2FBAA
:103A10000323DB089AB2414B9A833A6C13465B004E
:103A200013445B001A463F4BA3FB02231B099AB2C7
:103A30003A4BDA83394B5B78DBB2012B23D13A4B1B
:103A40001B681A68384B1B6842F002021A60364B3A
:103A50001B68B7F844201A647B6A9AB2324B1B6821
:103A6000DA627B6A9BB21A462F4BDA602E4B1B68D8
:103A70001A682D4B1B6822F002021A602A4B1B6841
:103A800001225A6127E0254B5B78DBB2022B22D161
:103A9000264B1B681A68254B1B6842F002021A600D
:103AA000224B1B68B7F844209A637B6A9AB21F4B7B
:103AB0001B68DA627B6A9BB21A461C4BDA601B4BAE
:103AC0001B681A68194B1B6822F002021A60174B18
:103AD0001B6801225A61164B1B686FF001021A61C4
:103AE0003620FBF783FD0D4B93F82430DBB2013316
:103AF000DAB20A4B83F82420084B93F82530DBB266
:103B000043F00803DAB2054B83F82520034B042267
:103B10001A704837BD4680BDABAAAAAA800800200B
:103B2000CDCCCCCC1F85EB5160010020F0010020F2
:103B30003802002080B598B000AF0346FB80FB88B8
:103B4000002B02D100F09EFB0CE2AD4B5B7887F8B6
:103B50005130AB4BDB8AA7F84E30A94B9B69BB6455
:103B6000002387F85F3011E097F85F2097F85F3007
:103B7000A349023251F822209B0060333B4443F8B2
:103B8000542C97F85F30013387F85F3097F85F3037
:103B9000022BE9D99B4BDB8B9BB27B647B6C012BAB
:103BA00002D800F06FFBDDE10023BB65002387F83E
:103BB0005730002387F8563079E097F856309B004D
:103BC00060333B4453F8543C002B6AD097F856308E
:103BD0009B0060333B4453F8543C5B008A4AA2FB91
:103BE00003235B093B64002387F8553054E097F8C2
:103BF000562097F855309A4248D097F855309B0098
:103C000060333B4453F8543C002B3FD097F8563078
:103C10009B0060333B4453F8542C97F855309B007D
:103C200060333B4453F8543C9A420FD997F85630CE
:103C30009B0060333B4453F8542C97F855309B005D
:103C400060333B4453F8543CD31A0EE097F8553098
:103C50009B0060333B4453F8542C97F856309B003C
:103C600060333B4453F8543CD31AFB63FA6B3B6C10
:103C70009A420CD897F856309B0060333B4453F877
:103C8000543CBB65012387F857300BE000BF97F821
:103C90005530013387F8553097F85530022BA6D9A7
:103CA00000E000BF97F85630013387F8563097F898
:103CB0005630022B04D897F85730002B3FF47DAFD5
:103CC00097F85730002B04D0BB6D42F20F7293422D
:103CD00002D800F0D7FA45E1BA6DBB6C9A4234D0F5
:103CE000BA6DBB6C9A4203D9BA6DBB6CD31A02E0B1
:103CF000BA6CBB6DD31ABB63BB6BB3F57A7F0BD2C7
:103D0000BB6BC72B06D8BB6B092B01D9052304E07D
:103D1000012302E00A2300E064237B63BA6DBB6CDD
:103D20009A4204D9BA6C7B6B1344BB650DE0BA6C44
:103D30007B6BD31A3B633B6B42F20F72934202D808
:103D400000F0A0FA0EE13B6BBB65BA6D7B6CB2FB79
:103D5000F3F3FB62FB6A002B02D100F093FA01E15E
:103D60000123A7F85230FA88B7F84E309A4205D9A5
:103D7000FA88B7F84E30D31A9BB204E0B7F84E2059
:103D8000FB88D31A9BB27B857B8DC72B06D87B8D96
:103D9000632B01D90A2302E0012300E014233B85B1
:103DA000FA88B7F84E309A4204D1B7F84E30A7F8E7
:103DB00052303DE0FA88B7F84E309A4226D9B7F82B
:103DC0004E203B8D1344BB84FB6A5B087B84BA8C1A
:103DD0007B8C9A420BD9BB8C40F6B732934201D808
:103DE0007B8C01E040F6B733A7F8523020E0BB8C63
:103DF00040F6B732934228BF1346A7F8523017E077
:103E000080080020040000201F85EB51B7F84E20E9
:103E10003B8DD31AFB84FA8CB7F84E309A4204D902
:103E2000B7F84E30013B9BB200E0FB8CA7F8523054
:103E3000B7F85230002B02D10123A7F85230B7F85F
:103E4000523001337A6C02FB03F3BA6D9A4202D806
:103E500000F018FA86E0B7F85230FA6A9A4202D8AF
:103E600000F010FA7EE0B7F85230082B07D9B7F807
:103E700052303E4AA2FB03235B089BB200E00323BF
:103E8000FB617B6C013BFA6A03FB02F2B7F852302C
:103E90001344FA691344BB61BA6DFB69D31ABA695A
:103EA0009A4202D300F0EEF95CE0314AB7F85230A2
:103EB000D3822F4ABB6D9361BB690A332D4AA2FBA3
:103EC0000323DB089AB22A4B9A83BA6D13465B0030
:103ED00013445B001A46284BA3FB02231B099AB22A
:103EE000234BDA8397F85130012B1AD1234B1B68EF
:103EF0001A68224B1B6842F002021A60FB6A9AB2EF
:103F00001E4B1B68DA62FB6A9BB21A461B4BDA60D7
:103F10001A4B1B681A68194B1B6822F002021A60C0
:103F20001DE097F85130022B19D1154B1B681A6808
:103F3000134B1B6842F002021A60FB6A9AB2104BE4
:103F40001B68DA62FB6A9BB21A460D4BDA600C4BB7
:103F50001B681A680A4B1B6822F002021A60044BA5
:103F600004221A706037BD4680BD00BFABAAAAAA62
:103F700080080020CDCCCCCC1F85EB516001002007
:103F8000F001002080B582B000AF03460A46FB7105
:103F90001346BB71BB79012B15D1FB79012B07D1DE
:103FA000174B1B68174A1A610221154800F030F8B8
:103FB000FB79022B07D1144B1B68144A1A610121AB
:103FC000114800F025F8BB79002B15D1FB79012BA6
:103FD00007D10B4B1B680B4A1A610221084800F0FD
:103FE0005AF8FB79022B07D1074B1B68074A1A6165
:103FF0000121054800F04FF800BF0837BD4680BDDD
:1040000060010020FBFBFFFFF0010020FDFDFFFF32
:1040100080B483B000AF78600B46FB70FB78012B57
:1040200002D0022B19D031E07B681B681A6A7B68CA
:104030001B6822F001021A627B681B681A6A7B689F
:104040001B6822F002021A627B681B681A6A7B688E
:104050001B6842F001021A6218E07B681B681A6A4A
:104060007B681B6822F010021A627B681B681A6A60
:104070007B681B6822F020021A627B681B681A6A40
:104080007B681B6842F010021A6200BF00BF0C3749
:10409000BD4680BC704780B483B000AF78600B46EB
:1040A000FB70FB78012B02D0022B19D031E07B682A
:1040B0001B681A6A7B681B6822F001021A627B681F
:1040C0001B681A6A7B681B6842F002021A627B68EE
:1040D0001B681A6A7B681B6842F001021A6218E0CA
:1040E0007B681B681A6A7B681B6822F010021A62E0
:1040F0007B681B681A6A7B681B6842F020021A62A0
:104100007B681B681A6A7B681B6842F010021A629F
:1041100000BF00BF0C37BD4680BC704780B485B07F
:1041200000AF786039600023FB603B680C2B4CD8F3
:1041300001A252F823F000BF6D410108CB410108F4
:10414000CB410108CB41010873410108CB41010873
:10415000CB410108CB41010879410108CB4101085D
:10416000CB410108CB410108814101080123FB60DB
:104170000AE01023FB6007E04FF48073FB6003E06C
:104180004FF48053FB6000BF7B681B681A697B6833
:104190001B6822F001021A617B681B6800225A62C8
:1041A0007B681B6801225A617B681B68196A7B68FF
:1041B0001B68FA680A431A627B681B681A687B6886
:1041C0001B6842F001021A6000E000BF1437BD46D0
:1041D00080BC704780B582B000AF78600B46FB7042
:1041E0007B681B6823F001027B681A607B68DB68D0
:1041F00023F001027B68DA607B6800221A617B6829
:104200001B6843F004027B681A607B6801225A61D4
:104210007B6800221A617B6800225A6297F903309A
:104220001846FBF7E3F97B68DB6843F001027B6823
:10423000DA607B681B6843F001027B681A6000BF8C
:104240000837BD4680BD80B582B000AF78600B46B0
:10425000FB707B68DB6823F001027B68DA607B68B7
:104260001B6823F001027B681A607B6800221A61D8
:1042700097F903301846FBF7B9F900BF0837BD4678
:1042800080BD000080B500AF554B1B68DA68544B09
:104290001B6822F00102DA60524B1B68DA68514B4E
:1042A0001B6822F00202DA604F4B1B68DA684E4B43
:1042B0001B6822F00402DA604C4B5B78DBB2012B06
:1042C00021D10C21484806F0B9F8474B1B68002261
:1042D0005A62454B1B684FF6FF72DA62424B4FF64B
:1042E000FF72DA60404B1B6840F6B7321A643E4BEF
:1042F0001B6801225A613C4B1B683D4A1A6102212E
:104300003948FFF785FE394B5B78DBB2022B21D1B0
:104310000421344806F092F8324B1B6800225A629E
:10432000304B1B684FF6FF72DA622E4B4FF6FF726E
:10433000DA602C4B1B6840F6B7329A63294B1B6836
:1043400001225A61274B1B682A4A1A61012125481C
:10435000FFF75EFE224B1B686FF001021A61204BD3
:104360001B6836211846FFF76EFF1D4B1B680022A5
:104370005A621B4B1B6840F23512DA62184B40F24E
:104380003512DA60194800F037F8164B1B68194AE5
:104390001A61154B1B68164A1A61124B1B68DA68C2
:1043A000104B1B6842F00202DA600F4B1B68DA68A0
:1043B0000D4B1B6842F00402DA600A4B1B681A6856
:1043C000084B1B6842F001021A60074B1B681A6811
:1043D000054B1B6842F001021A6000BF80BD00BFA0
:1043E00038020020F0010020600100208008002039
:1043F000FBFBFFFFFDFDFFFF80B485B000AF7860E1
:10440000384B1B68DA68374B1B6822F00202DA600F
:10441000354B1B68DA68344B1B6822F00402DA6003
:104420007B6800221A707B6800225A700023FB739D
:104430000EE0FB7B7A685B00134400225A80FA7B13
:104440007B680232002143F82210FB7B0133FB73AF
:10445000FB7B022BEDD900227B68114619757B6826
:10446000114683F824107B6883F8252000227B689E
:104470001146D9827B68114699837B68DA830023D1
:104480007A6893617A681362164B1B68174A1A613F
:10449000154B1B68164A1A61124B1B68DA68114BE0
:1044A0001B6842F00202DA600F4B1B68DA680E4BA1
:1044B0001B6842F00402DA600A4B1B681A68094B59
:1044C0001B6842F001021A60074B1B681A68064B12
:1044D0001B6842F001021A6000BF1437BD4680BC61
:1044E000704700BFF001002060010020FDFDFFFFCC
:1044F000FBFBFFFF80B586B002AF786042F210731D
:10450000FB604FF0FF3101200AF05CFC10230093A8
:104510004FF480434FF400420B490020FEF7D8FAD5
:104520000A4B4FF461725A82F86808F027F810239A
:1045300000934FF480434FF4004203494FF47F400F
:10454000FEF7C6FA00BFDCE7000C0140600800205F
:1045500080B584B002AF78602F4B1B684FF0FF31FD
:10456000184608F0D5F82D4B01225A7510230093F8
:104570004FF480434FF4004229494FF47F40FEF747
:10458000A7FA02234FF4805226494FF47F40FEF7EA
:104590001FFA01234FF4005223494FF47F40FEF7E6
:1045A00017FA44F6206007F0E9FF05214FF4802058
:1045B000FAF7E8FC184B1B680021184608F0A8F829
:1045C000154B1B684FF0FF31184608F0A1F8012386
:1045D0004FF4005214490020FEF7FAF902234FF479
:1045E000805210490020FEF7F3F90C4B00225A824A
:1045F0000A4B00225A7544F6206007F0BFFF0521E0
:104600004FF40020FAF7BEFC034B1B68002118464C
:1046100008F07EF800BF9FE74808002060080020EF
:10462000000C0140000801400010014080B586B038
:1046300000AF78604FF47A73FB6000237B61002346
:10464000FB740023BB7400237B74844BDB68B3F1E1
:10465000FF3F05D0814BDB680133804AD36009E01E
:104660007E4B0022DA607D4B1B8A9BB201339AB2EB
:104670007A4B1A827A4B1B78FB72FB7A002B05D09F
:10468000FB7A012B02D0FB7A022B0BD17B7C002B17
:1046900005D000237B747248FFF7AEFE04E00123CF
:1046A0007B7401E000237B746D4B93F82430DBB204
:1046B000002B10D06A4B93F82430DBB20133DAB20E
:1046C000674B83F82420664B93F82430DBB2022B2F
:1046D00001D9FFF7D7FD614B9B7DDBB2002B10D0DA
:1046E0005E4B00229A755D4B1B7DDBB2002B03D124
:1046F0005A4B00225A7504E04FF48071594803F078
:10470000E1F8564B5B8A9BB2002B0BD0534B5B7D81
:10471000DBB2002B06D1514B5B8A9BB2013B9AB2B4
:104720004E4B5A824D4B5B8A9BB2002B0FD14E4BA6
:104730001B68002B0BD0494B5B7DDBB2002B06D1F5
:10474000494B18680023022200210AF087FB04214C
:10475000464803F0B7F80346002B03D0BB7C013377
:10476000BB7401E00023BB74BB7C032B17D9202151
:104770003F4803F0A7F80346012B04D00122202173
:104780003B4803F0B6F805214FF48020FAF7FAFB16
:10479000384B1B68184608F021F80023BB742F4BD8
:1047A0001B881AB2344BDB891BB29A42B4BF012377
:1047B0000023DBB21A46294BDA75284BDB881BB283
:1047C00013F1360FC0F29280244BDB881BB27C2B96
:1047D00000F38C80214B1B881AB2274BDB891BB25C
:1047E0009A42C0F283801D4B1B881AB2224B9B89D0
:1047F0001BB29A427ADCFB7C002B41D1174B9B8881
:104800001BB21A461C4B9B8A1BB219461A4B5B897A
:104810001BB20B449A420DDB104BDB881BB21A46CD
:10482000154B9B8A1BB21946134B5B891BB2CB1AE3
:104830009A4225DC09F0A8FD02467B69D31A40F6AE
:10484000C312934252D8FF210C48FAF7D7F901233B
:10485000FB7409F099FD786148E000BF6008002012
:10486000800800200010014040080020000C01409A
:104870000008014048080020040000202400002017
:10488000FB7C002B32D01B4BDB881BB21A461A4B29
:104890009B8A1BB21946184B5B891BB20B449A4288
:1048A00024DD09F071FD02467B69D31A40F6C3127C
:1048B00093421BD800211148FAF7A0F90D4B9B88B1
:1048C0001BB21A460C4B9B8A1BB219460A4B5B89DA
:1048D0001BB20B449A4204DA064BDB881AB2054B32
:1048E0009A800023FB7409F04FFD7861F86807F0A7
:1048F00045FEAAE6600800200400002024000020F5
:1049000080B582B000AF78607B681B68094A93422B
:1049100001D102F0E1F97B681B68074A934205D197
:10492000064B1B6A03F58033044A136200BF083745
:10493000BD4680BD000400400014004080080020F7
:1049400080B500AF72B600BFFAF76EFE80B400AF5C
:10495000284B1B681A6A274B1B6822F055021A6203
:10496000244B1B681A6A234B1B6822F0AA021A62A6
:10497000204B1B681A6A1F4B1B6842F055021A62D3
:104980001C4B1B685A6C1B4B1B6822F400425A6478
:10499000184B1B681A68174B1B6842F080021A609C
:1049A000144B1B686FF001021A61124B1B68DA6826
:1049B000104B1B6822F00102DA600E4B1B681A6A6A
:1049C00041F211131340002B0FD10A4B1B681A6AD6
:1049D00040F244431340002B07D1064B1B681A6872
:1049E000044B1B6822F001021A6000BFBD4680BC68
:1049F000704700BFC802002080B584B000AF0346F6
:104A00000A46FB711346BB8007F1080300221A60B7
:104A10009A80FB793B72BB881B0A9BB203F00103AF
:104A2000002B01D0022300E001237B723B7A032B91
:104A300002D141F2873301E040F277537B81BB889A
:104A40001B0A9BB203F08003002B06D0BB88DBB2AD
:104A5000012202FA03F39BB202E0BB88DBB29BB2F5
:104A6000BB81064B186807F108010023002207F0FC
:104A700093FF00BF1037BD4680BD00BFAC080020CB
:104A800080B584B000AF786007F1080300221A6097
:104A90009A800F4B186807F108014FF0FF3300228E
:104AA00007F0EEFF0346002BF3D13B7A002B04D036
:104AB00007F10803184600F00FF800233B72054B7E
:104AC0001B684FF0FF31184607F022FEE1E700BFF8
:104AD000AC080020B008002080B584B000AF78603A
:104AE000574B1B681B6803F00103002B2DD0544B60
:104AF0001B68DA68524B1B6822F00102DA60504BE7
:104B00001B681A6A41F211131340002B0FD14C4B52
:104B10001B681A6A40F244431340002B07D1484BEC
:104B20001B681A68464B1B6822F001021A600020BD
:104B300000F088F9002000F0ABF9414B1B685A6C7B
:104B40003F4B1B6822F400425A643E4B7A6810685F
:104B5000186092889A803B4B0022DA807B689A88A2
:104B6000384B1A81374B01229A727B681B780121DE
:104B7000184600F02BF90A2007F000FD0023FB6027
:104B80007B681B78022B02DC002B03DC54E0032B38
:104B900009D051E07B685B78012B01D12A4B00E002
:104BA0002A4BFB6008E07B685B78012B01D1284B26
:104BB00000E0284BFB6000BF224BDB889BB25B0010
:104BC000FA68134418781F4BDB889BB25B00FA68C5
:104BD00013445B78194600F083F97B685A88184BB8
:104BE0001B68DA627B685B881A46154BDA60144BE7
:104BF0001B6800225A62124B1B6801225A61104B3B
:104C00001B686FF001021A610D4B1B68DA680C4BD0
:104C10001B6842F00102DA60094B1B685A6C084BB2
:104C20001B6842F400425A64054B1B681A68044B27
:104C30001B6842F001021A601037BD4680BD00BFFC
:104C4000C8020020B4080020C4380208CC3802088A
:104C5000D4380208DC38020880B582B000AF304B8F
:104C60001B899BB2013B9BB22D4A19461181002B37
:104C700001D100F061F82B4B1B681B6903F00103A5
:104C8000012B46D1274B1B686FF001021A61244BA0
:104C90009B7ADBB2002B3ED000237B60204B1B783D
:104CA000DBB2022B02DC002B03DC35E0032B0AD045
:104CB00032E01B4B5B78DBB2012B01D11A4B00E0D9
:104CC0001A4B7B6009E0164B5B78DBB2012B01D1FC
:104CD000174B00E0174B7B6000BF114BDB889BB28A
:104CE00001339BB203F003039AB20D4BDA800C4BF5
:104CF000DB889BB25B007A6813441878084BDB882A
:104D00009BB25B007A6813445B78194600F0E8F8C0
:104D100002E000BF00E000BF0837BD4680BD00BF15
:104D2000B4080020C8020020C4380208CC380208A9
:104D3000D4380208DC38020880B500AF204B1B686D
:104D4000DA681F4B1B6822F00102DA601C4B1B68FB
:104D50001A6A41F211131340002B0FD1184B1B6834
:104D60001A6A40F244431340002B07D1144B1B68CE
:104D70001A68134B1B6822F001021A60104B1B6863
:104D800001225A610E4B1B686FF001021A610C4B35
:104D90001B685A6C0A4B1B6822F400425A64094B88
:104DA0001B78DBB20021184600F010F8054B0022FA
:104DB0009A72054B1B68184607F010FD00BF80BDB6
:104DC000C8020020B4080020B008002080B582B0DE
:104DD00000AF03460A46FB711346BB71FB79032BF8
:104DE0001ED0032B28DC012B02D0022B0CD023E099
:104DF000BB79002B14BF01230023DBB21A46082124
:104E00000F4802F076FD18E0BB79002B14BF012398
:104E10000023DBB21A460421094802F06AFD0CE0C7
:104E2000BB79002B14BF01230023DBB21A460221F9
:104E3000034802F05EFD00E000BF0837BD4680BDBC
:104E40000010014080B485B000AF0346FB71FB79D0
:104E5000002B01D0502300E04023FB600B4B1B686C
:104E60009B6923F07001094B1B68FA680A439A6139
:104E7000064B1B689A69054B1B6842F008029A6151
:104E800000BF1437BD4680BC704700BFC802002079
:104E900080B485B000AF0346FB71FB79002B02D0D4
:104EA0004FF4A04301E04FF48043FB600B4B1B68C1
:104EB0009B6923F4E041094B1B68FA680A439A6135
:104EC000064B1B689A69054B1B6842F400629A61A5
:104ED00000BF1437BD4680BC704700BFC802002029
:104EE00080B582B000AF03460A46FB711346BB7122
:104EF000FB791846FFF7A6FFBB791846FFF7C8FFF6
:104F000000BF0837BD4680BD80B588B004AF78606B
:104F10000B46FB7013463B800023FB81FB78002B84
:104F200053D13B881B0A9BB2DBB23B733B88DBB29D
:104F30007B73C82302930223019307F10C030093B0
:104F4000012300229121786803F0CEFA3B7B7A7B23
:104F50001146184601F032FE0346FB81FB89DB094E
:104F60009BB2FB81FB8903F48073002B1BD0B7F944
:104F70000E301846F7F7B6FA4FF00002164BF7F767
:104F80001BFB02460B46104619464FF00002134B1E
:104F9000F7F75AF902460B4610461946F7F7BCFDDB
:104FA0000346FB8111E0B7F90E301846F7F79AFA7D
:104FB0004FF00002084BF7F7FFFA02460B46104687
:104FC0001946F7F7A9FD0346FB81B7F90E301846DD
:104FD0001037BD4680BD00BF0000E03F00007040BC
:104FE00080B586B002AF78604AF23023BB8107F10A
:104FF0000C02C823009302238821786802F010FE77
:105000000346002B01D0012303E0022001F080FEC3
:10501000002318461037BD4680BD000080B58AB019
:1050200002AF7860464B4FF000021A60444B4FF0DD
:1050300000025A6041F22463BB8207F114024FF070
:10504000FF33009302238821786802F0E9FD0346CC
:10505000FB77FB7F002B03D0394B4FF07E525A6019
:1050600007F10C024FF0FF33009306238821786884
:1050700002F0D4FE0346FB77FB7F002B03D0304BBE
:105080004FF080425A6007F10C030221184601F0EC
:10509000ABFD0346BB7707F10C030333022118462F
:1050A00001F0A2FD03467B77BB7BBA7F9A4203D116
:1050B0007B7C7A7F9A4202D0214B224A5A603B7B0A
:1050C0001BB21B021AB27B7B1BB213431BB27B8346
:1050D000FB7B1BB21B021AB23B7C1BB213431BB2FD
:1050E0003B837B8B1846F7F745FE03461649184667
:1050F000F7F74CFF034615491846F7F793FE0346AA
:1051000013491846F7F784FD03461A460C4B1A60FC
:105110003B8B1846F7F72EFE03460B491846F7F768
:1051200035FF03460B491846F7F77CFE03461A463F
:10513000034B5A60024B18462037BD4680BD00BF66
:105140001C0900200000404000FF7F4700002F4363
:10515000000034420000C84280B584B002AF7860DD
:105160000D4B00930D4B812279680D4800F024F817
:105170000C4B00930C4B832279680C4800F01CF810
:10518000054B00930A4B8B2279680A4800F014F80B
:1051900000BF0837BD4680BD000018410AD7233C38
:1051A000C00800209A9999400AD7A33CD80800204B
:1051B0000AD7A33BF008002080B58AB004AFF8609E
:1051C000B9603B601346FB710023BB820023FB8266
:1051D000FB68FA795A70FB7923F00103DAB2FB68B5
:1051E0009A70FB683A685A60FB683A6A9A60FB6892
:1051F0009B684FF08E411846F7F7C8FE03461A46E3
:10520000FB681A61FB681A69FB685B6819461046FF
:10521000F7F708FE034619463848F7F7B7FE034686
:105220001A46FB68DA60FB681B6935491846F7F7D0
:10523000F9FD03461A46FB685A61FB68DB684FF0CC
:105240007C511846F7F7E6FC03461846F7F7ECFFE3
:105250000346FB82FB8AC3F30E03FB82FB8ADBB2AD
:105260003B75FB8A1B0A9BB2DBB27B75FB8A002B6A
:1052700001D10123FB82FB685B78194628230322B6
:10528000B86803F099FB0346002B31D1FB689B788B
:105290001946282302930223019307F11403009374
:1052A0000123D422B86803F025F80346002B1FD150
:1052B000FB689B781946282302930023019300235F
:1052C000009301230322B86803F014F8FB689B786D
:1052D00019462823029300230193002300930123FE
:1052E000D622B86803F006F8FB6801221A7002E0C3
:1052F000FB6800221A701837BD4680BDACC5A73BBD
:105300000000C841B0B58CB004AFF860B960134676
:10531000FB710123FB7700233B8200237B824FF04C
:105320007E53BB614FF000037B61BB681B78002B91
:1053300011D0BB685B781946FB799AB2322302938D
:105340000223019307F1100300930123F86803F08F
:10535000CBF80346FB77FB7F002B02D04FF0000316
:1053600093E07B7C1BB21B021AB23B7C1BB2134343
:105370001BB27B82FB79D12B3FD0D12B58DC972BF2
:1053800056DC882B0BDA6B2B48D06B2B50DC4A2B6E
:105390003AD04A2B4CDB573B012B49D826E0883BBF
:1053A0000F2B45D801A252F823F000BFED5301089E
:1053B0000954010831540108315401080954010805
:1053C00031540108315401083154010831540108A5
:1053D0003154010831540108315401083154010895
:1053E00031540108315401081D5401084FF0824323
:1053F000BB614FF080437B611AE04FF08143BB619A
:105400004FF080437B6113E0BB681B6919464FF086
:105410007E50F7F7BBFD0346BB6109E0BB685B69E3
:1054200019464FF07E50F7F7B1FD0346BB6100BF50
:105430007B8A1846F7F756F804460D467B6983F0D9
:1054400000431846F7F760F802460B464FF000009D
:1054500010490CF039FF02460B4620462946F7F763
:10546000ABF802460B4614461D46B869F7F74CF8F0
:1054700002460B4620462946F7F7C8F902460B4676
:1054800010461946F7F770FB034618462037BD460D
:10549000B0BD00BF00002440B0B58EB004AFF860CE
:1054A000B9607A603B603B68002B00F04E81FB687E
:1054B000002B00F04C81BB68002B00F048817B681A
:1054C000002B00F04481BB681B78002B00F03F816B
:1054D000BB685B69012214464FF000011846F7F7DC
:1054E0005DFE0346002B01D100231C46E3B283F08E
:1054F0000103DBB2002B40F02C81BB685B6923F019
:1055000000449B492046F7F753FE0346002B40F02A
:10551000208197492046F7F741FE0346002B40F0D3
:105520001881012387F827300023BB844FF0000344
:105530003B624FF00003FB6107F1140307220021D7
:1055400018460CF05FF87B6800221A607B68002226
:105550001A717B6800229A607B684FF00002DA6063
:10556000BB685B781946322302930723019307F146
:105570001403009301238622F86802F0B5FF034666
:1055800087F8273097F82730002B40F0E480D623A7
:10559000FB74BB689B78194607F11302282300931C
:1055A0000123F86802F03CFBFA7D7B681A71BB7D31
:1055B0001BB21B021AB27B7D1BB213431BB2BB840E
:1055C000BB7E1A047B7E1B0213433A7E13431A46AA
:1055D0007B689A607B689B68002B00F0BE807B68CC
:1055E0009B68644A934200F2B8807B681B791A0476
:1055F000BB8C13441A467B681A607B681B685D4A43
:10560000934200F2AC80BB685B6923F00044012345
:105610001D4657492046F7F7CBFD0346002B08D11E
:1056200053492046F7F7BAFD0346002B01D100236A
:105630001D46EBB283F00103DBB2002B4DD07B683B
:105640001B681846F7F796FB04467B689B6818466C
:10565000F7F790FB034619462046F7F797FC0346F9
:105660001A467B68DA607B68DB6823F000444049B7
:105670002046F7F79DFD0346002B72D13C4920469A
:10568000F7F78CFD0346002B6BD17B68DB684FF08E
:1056900000011846F7F764FD0346002B61D17B68D3
:1056A000DA68BB685B6919461046F7F7BBFB03462F
:1056B0001A467B68DA607B68DB6823F000442C497B
:1056C0002046F7F775FD0346002B4CD128492046AC
:1056D000F7F764FD0346002B45D17B68DC6838682A
:1056E000F7F748FB034619462046F7F79BFB0346AE
:1056F0003B622149386AF7F749FC0346FB61FB69C5
:1057000023F0004401231D4619492046F7F750FDB8
:105710000346002B08D116492046F7F73FFD034604
:10572000002B01D100231D46EBB283F00103DBB255
:10573000002B19D07B681B69F9691846F7F76AFADC
:1057400003461A467B681A610EE000BF0CE000BFFA
:105750000AE000BF08E000BF06E000BF04E000BFB1
:1057600002E000BF00E000BF2837BD46B0BD00BF6B
:10577000FFFF7F7FF0FFFF000000614580B584B030
:1057800000AF184B9B69174A43F001039361154B17
:105790009B6903F00103BB60BB68124BDB69114AD4
:1057A00043F08053D3610F4BDB6903F080537B6080
:1057B0007B6800220F216FF0010001F082FB0A4B91
:1057C0005B68FB60FB6823F0E063FB60FB6843F011
:1057D0000073FB60044AFB68536000BF1037BD468E
:1057E00080BD00BF001002400000014080B58AB0BB
:1057F00000AF786007F1140300221A605A609A60C3
:10580000DA607B681B681D4A934232D11C4B9B694E
:105810001B4A43F008039361194B9B6903F008038B
:105820003B613B694FF440737B611223BB610323EF
:105830003B6207F114031946124801F0AFFE124B08
:105840005B687B627B6A43F0E0637B627B6A43F068
:1058500002037B620C4A7B6A5360094BDB69084A8E
:1058600043F40013D361064BDB6903F40013FB60C0
:10587000FB6800BF2837BD4680BD00BF0054004014
:1058800000100240000C01400000014080B58CB0C7
:1058900000AF786007F11C0300221A605A609A601A
:1058A000DA607B681B68B3F1804F3ED1394BDB690E
:1058B000384A43F00103D361364BDB6903F001033F
:1058C000BB61BB69334B9B69324A43F00803936168
:1058D000304B9B6903F008037B617B690823FB6104
:1058E00000233B6200237B6207F11C0319462A4810
:1058F00001F054FE294B5B68FB62FB6A23F44073A2
:10590000FB62FB6A43F0E063FB62FB6A43F4807373
:10591000FB62224AFB6A5360002205211C2001F031
:10592000D0FA1C2001F0E9FA30E07B681B681C4AC1
:1059300093422BD1174BDB69164A43F00803D3611E
:10594000144BDB6903F008033B613B69114B9B6916
:10595000104A43F0040393610E4B9B6903F0040368
:10596000FB60FB680123FB6100233B6200237B6239
:1059700007F11C0319460B4801F010FE0022052117
:10598000322001F09EFA322001F0B7FA00BF303722
:10599000BD4680BD00100240000C014000000140E7
:1059A000000C00400008014080B584B000AF786072
:1059B0007B681B68164A93420CD1164BDB69154A6B
:1059C00043F00403D361134BDB6903F00403FB6072
:1059D000FB6818E07B681B680F4A934213D10D4B9C
:1059E0009B690C4A43F4005393610A4B9B6903F48F
:1059F0000053BB60BB68002205212C2001F061FA36
:105A00002C2001F07AFA00BF1037BD4680BD00BFE0
:105A100000080040001002400034014080B584B00E
:105A200000AF78607B681B681A4A934214D11A4B06
:105A3000DB69194A43F01003D361174BDB6903F0AC
:105A40001003FB60FB6800220821362001F039FAC0
:105A5000362001F052FA18E07B681B680F4A934227
:105A600013D10D4BDB690C4A43F02003D3610A4B81
:105A7000DB6903F02003BB60BB68002205213720EF
:105A800001F01FFA372001F038FA00BF1037BD4689
:105A900080BD00BF00100040001002400014004014
:105AA00080B58EB000AF786007F1240300221A6041
:105AB0005A609A60DA607B681B68B3F1804F2AD124
:105AC0005B4B9B695A4A43F004039361584B9B69B3
:105AD00003F004033B623B6A08237B620223BB6240
:105AE00002233B6307F124031946524801F056FD97
:105AF000514B5B687B637B6B23F440737B637B6BF5
:105B000043F0E0637B637B6B43F480737B634A4ABF
:105B10007B6B536088E07B681B68484A934218D1CE
:105B2000434B9B69424A43F008039361404B9B6996
:105B300003F00803FB61FB69C0237B620223BB62A5
:105B400002233B6307F1240319463D4801F026FD7B
:105B50006AE07B681B683B4A934218D1344B9B69CF
:105B6000334A43F004039361314B9B6903F0040310
:105B7000BB61BB6902237B620223BB6203233B63DD
:105B800007F1240319462B4801F008FD4CE07B681F
:105B90001B682D4A934247D1254B9B69244A43F009
:105BA00004039361224B9B6903F004037B617B69CF
:105BB0001F4B9B691E4A43F0080393611C4B9B6972
:105BC00003F008033B613B69194B9B69184A43F09A
:105BD00010039361164B9B6903F01003FB60FB6895
:105BE00080237B620223BB6202233B6307F1240311
:105BF0001946104801F0D2FC01237B620223BB62EC
:105C000002233B6307F1240319460D4801F0C6FC4B
:105C1000C0237B620223BB6202233B6307F12403A0
:105C200019460A4801F0BAFC00BF3837BD4680BDAE
:105C30000010024000080140000001400008004040
:105C4000000C0140000C00400034014000100140F5
:105C500080B58CB000AF786007F11C0300221A6099
:105C60005A609A60DA607B681B68494A93423AD16D
:105C7000484B9B69474A43F480439361454B9B697A
:105C800003F48043BB61BB69424B9B69414A43F0CB
:105C9000040393613F4B9B6903F004037B617B69C1
:105CA0004FF40073FB6102233B620323BB6207F1E5
:105CB0001C031946384801F071FC4FF48063FB6106
:105CC00000233B6200237B6207F11C031946324824
:105CD00001F064FC00220521252001F0F2F82520C6
:105CE00001F00BF950E07B681B682C4A93424BD1C2
:105CF000284BDB69274A43F48023D361254BDB69BA
:105D000003F480233B613B69224B9B69214A43F0AA
:105D1000100393611F4B9B6903F01003FB60FB684A
:105D20004FF48063FB6102233B620323BB6207F1F4
:105D30001C0319461A4801F031FC4FF40063FB6163
:105D400000233B6200237B6207F11C0319461448C1
:105D500001F024FC134B5B68FB62FB6A23F0300309
:105D6000FB62FB6A43F0E063FB62FB6A43F01003F3
:105D7000FB620C4AFB6A536000220521272001F0D8
:105D8000A0F8272001F0B9F800BF3037BD4680BD2C
:105D90000038014000100240000801400048004067
:105DA000001001400000014080B584B000AF786071
:105DB0000023FB607B68002B01D101237AE07B6824
:105DC0005B7CDBB2002B05D17B6800221A747868FB
:105DD00000F076F87B6802225A74786800F0F2FAD4
:105DE0000346002B04D07B6804225A74012361E02F
:105DF000786800F0ABFB0346002B04D07B680422DC
:105E00005A74012356E07B681B685A687B681B68DC
:105E100022F007025A607B689B68002B05D0274B55
:105E20001B6B264A23F001031363244BDB6A23F424
:105E300060727B689B6821491343CB627B685B6817
:105E4000B3F1FF3F03D07B685B68FB600EE001208D
:105E500004F03CF8F860FB68002B04D17B68042256
:105E60005A74012326E0FB68013BFB60FB681A0CB7
:105E70007B681B6802F00F029A607B681B68FA68F7
:105E800092B2DA60786800F089FB0346002B04D0F8
:105E90007B6804225A7401230CE07B680022DA73C9
:105EA0007B6801225A737B6801229A737B68012206
:105EB0005A74002318461037BD4680BD006C004060
:105EC00080B483B000AF786000BF0C37BD4680BCA3
:105ED000704790B587B000AFF860B9607A60002372
:105EE0007B6100233B61FB68002B02D0BB68002B69
:105EF00001D1012380E0FB681B7C012B01D102232F
:105F00007AE0FB6801221A74FB6802225A747B68EB
:105F1000002B13D1BB681B781A464FF4616303FB57
:105F200002F2BB685B7819460B461B015B1A9B00AB
:105F30001344BA68927813447B611EE0BB681B78F7
:105F4000184600F070FB03461A464FF4616303FBEA
:105F500002F4BB685B78184600F065FB03461A46FE
:105F600013461B019B1A9B001C44BB689B78184678
:105F700000F059FB034623447B617969F86800F01F
:105F80007EFA0346002B07D0FB6804225A74FB6894
:105F900000221A7401232FE0FB681B685A68FB6813
:105FA0001B6822F005025A60F86800F08FFA386129
:105FB0003B69B3F1FF3F18D03A697B699A4214D22A
:105FC0003B6903F5A83303F5C0733B613969F86891
:105FD00000F095FA0346002B07D0FB6804225A74A0
:105FE000FB6800221A74012306E0FB6801225A7440
:105FF000FB6800221A74002318461C37BD4690BD6A
:1060000080B588B000AFF860B9607A600023BB61EA
:106010000023FB6100237B6100233B61FB68002BB5
:1060200002D0BB68002B01D10123B5E0FB681B68DF
:106030005B6803F00403002B01D00123ACE0F86897
:1060400000F0EDF9B861BB69554AA2FB0323DB0AF6
:106050003B61BA69524BA3FB0213DB0A4FF4616147
:1060600001FB03F3D31A4F4AA2FB03235B09DAB205
:10607000BB685A70BB694A4AA2FB0312D20A4FF4AA
:10608000616101FB02F29A1A464BA3FB0213590904
:106090000B461B015B1A9B00D11ACAB2BB689A70EF
:1060A0003B69172B55D93B693F4AA2FB03231B09C8
:1060B0007B6139693C4BA3FB01231A0913465B0042
:1060C0001344DB00CA1AD2B2BB681A70F86800F039
:1060D000FDF9F861FB69B3F1FF3F08D0FA69BB69CC
:1060E0009A4204D9FA69BB69D31AFB6102E04FF006
:1060F000FF33FB617B692D4A02FB03F3BA69D31AB4
:10610000BB61B969F86800F0BAF90346002B01D009
:10611000012341E0FB69B3F1FF3F0CD0FA69BB6991
:106120001344FB61F969F86800F0E9F90346002BB4
:106130000AD0012330E0F969F86800F0E0F903467D
:10614000002B01D0012327E07969F86800F088FA74
:1061500003E03B69DAB2BB681A707B68002B1AD087
:10616000BB681B78184600F041FA03461A46BB6824
:106170001A70BB685B78184600F038FA03461A4676
:10618000BB685A70BB689B78184600F02FFA03462C
:106190001A46BB689A70002318462037BD4680BD5A
:1061A000C5B3A29189888888ABAAAAAA80510100A8
:1061B00080B588B000AFF860B9607A600023FB61F9
:1061C0000023BB6100237B61FB68002B02D0BB680E
:1061D000002B01D1012397E0FB681B7C012B01D12F
:1061E000022391E0FB6801221A74FB6802225A74B0
:1061F0007B68002B0CD1BB68DA78FB68DA73BB686C
:106200005A78FB685A73BB689A78FB689A731AE0ED
:10621000BB68DB78184600F006FA03461A46FB68AE
:10622000DA73BB685B78184600F0FDF903461A463E
:10623000FB685A73BB689B78184600F0F4F9034674
:106240001A46FB689A73FB68DB7B1846FB68597B30
:10625000FB689B7B1A4600F0DFFA03461A46FB6890
:106260001A73FB681A7BBB681A70F86800F0D7F8DD
:10627000F861FB69264AA2FB0323DB0A7B617B6989
:10628000182B3AD97B69234AA2FB03231B09224A14
:1062900002FB03F3FA69D31AFB61F969F86800F0AD
:1062A000EEF80346002B07D0FB6804225A74FB6803
:1062B00000221A74012327E0F86800F007F9B8619A
:1062C000BB69B3F1FF3F18D0BA69FB699A4214D297
:1062D000BB6903F5A83303F5C073BB61B969F868FE
:1062E00000F00DF90346002B07D0FB6804225A7416
:1062F000FB6800221A74012306E0FB6801225A742D
:10630000FB6800221A74002318462037BD4680BD62
:10631000C5B3A291ABAAAAAA8051010080B586B0EC
:1063200000AFF860B9607A6007F1140300210A46F3
:106330001A800A469A70FB68002B02D0BB68002BBB
:1063400001D101233AE007F1140300221946F8684D
:10635000FFF756FE0346002B01D001232EE0FB6819
:106360001A7BBB681A70FB68DA7BBB68DA70FB6863
:106370005A7BBB685A70FB689A7BBB689A707B68D3
:10638000002B1AD0BB68DB78184600F02FF90346C3
:106390001A46BB68DA70BB685B78184600F026F9CD
:1063A00003461A46BB685A70BB689B78184600F0D3
:1063B0001DF903461A46BB689A7000231846183721
:1063C000BD4680BD80B584B000AF78600023FB601F
:1063D0007B68002B01D101231DE07B681B685A6894
:1063E0007B681B6822F008025A6000F087FCF860A6
:1063F00009E000F083FC0246FB68D31AB3F57A7F0C
:1064000001D9032307E07B681B685B6803F008037E
:10641000002BEED0002318461037BD4680BD80B457
:1064200087B000AF786000237B8200233B8200238B
:10643000FB8100237B617B681B689B697B827B6897
:106440001B68DB69FB817B681B689B693B827A8ADE
:106450003B8A9A4208D03B8A1A047B681B68DB6936
:106460009BB213437B6104E07B8A1A04FB891343CC
:106470007B617B6918461C37BD4680BC704780B580
:1064800084B000AF786039600023FB73786800F057
:106490005DF80346002B02D00123FB7311E07B68FB
:1064A0001B683A68120C9A617B681B683A6892B262
:1064B000DA61786800F072F80346002B01D00123FE
:1064C000FB73FB7B18461037BD4680BD80B485B09A
:1064D00000AF78600023FB810023BB817B681B68D1
:1064E0001B6AFB817B681B685B6ABB81FB891A04A2
:1064F000BB89134318461437BD4680BC704780B52E
:1065000084B000AF786039600023FB73786800F0D6
:106510001DF80346002B02D00123FB7311E07B68BA
:106520001B683A68120C1A627B681B683A6892B260
:106530005A62786800F032F80346002B01D001233C
:10654000FB73FB7B18461037BD4680BD80B584B019
:1065500000AF78600023FB6000F0D0FBF86009E03A
:1065600000F0CCFB0246FB68D31AB3F57A7F01D961
:1065700003230FE07B681B685B6803F02003002B9C
:10658000EED07B681B685A687B681B6842F010027B
:106590005A60002318461037BD4680BD80B584B0D0
:1065A00000AF78600023FB607B681B685A687B68DB
:1065B0001B6822F010025A6000F0A0FBF86009E0AE
:1065C00000F09CFB0246FB68D31AB3F57A7F01D931
:1065D000032307E07B681B685B6803F02003002B44
:1065E000EED0002318461037BD4680BD80B485B07C
:1065F00000AF0346FB710023FB6005E0FB6801333D
:10660000FB60FB790A3BFB71FB79092BF6D8FB6831
:10661000DBB21B01DAB2FB791343DBB21846143745
:10662000BD4680BC704780B485B000AF0346FB71A7
:106630000023FB60FB791B09DBB21A4613469B0063
:1066400013445B00FB60FB7903F00F03DAB2FB68D5
:10665000DBB21344DBB218461437BD4680BC70472A
:1066600080B586B000AF7860396000237B6100237D
:106670003B610023FB600023BB607B68DB7B7B61AD
:106680007B685B7B3B617B689B7BFB600023BB6023
:106690006FE03B69012B11D03B69032B0ED03B69A6
:1066A000052B0BD03B69072B08D03B69082B05D085
:1066B0003B690A2B02D03B690C2B17D1FB681E2BC0
:1066C00003D8FB680133FB6050E03B690C2B05D01D
:1066D0003B6901333B610123FB6047E001233B61E0
:1066E0000123FB607B6901337B613FE03B69042B45
:1066F00008D03B69062B05D03B69092B02D03B69CA
:106700000B2B0CD1FB681D2B03D8FB680133FB60FE
:106710002CE03B6901333B610123FB6026E03B69D0
:10672000022B23D1FB681B2B03D8FB680133FB60D2
:106730001CE0FB681C2B11D17B699BB2184600F052
:1067400039F80346002B03D0FB680133FB600DE0F2
:106750003B6901333B610123FB6007E0FB681D2BB4
:1067600004D13B6901333B610123FB60BB6801330A
:10677000BB60BA683B689A428BD37B69DAB27B68AC
:10678000DA733B69DAB27B685A73FB68DAB27B680A
:106790009A733B69DBB2FA68D2B21946786900F0A5
:1067A0003BF803461A467B681A7300BF1837BD468C
:1067B00080BD000080B483B000AF0346FB80FB883F
:1067C00003F003039BB2002B01D000231DE0FB88E4
:1067D000104AA2FB03125209642101FB02F29B1A28
:1067E0009BB2002B01D001230FE0FB88094AA2FBDA
:1067F0000312D2094FF4C87101FB02F29B1A9BB23B
:10680000002B01D1012300E0002318460C37BD46C0
:1068100080BC70471F85EB5180B485B000AF7860B5
:106820000B46FB701346BB700023BB600023FB606C
:106830007B6803F5FA63BB60FB78022B2DD8FA78EE
:1068400013465B001344DB009B1A2C4AA2FB032374
:106850005A08BB781A44BB681A44BB68013B9B08C2
:106860001A44BB68013B2649A1FB03135B09D21AFA
:10687000BB68013B2249A1FB0313DB0913441A1D2A
:10688000204BA3FB0213D11A49080B4499080B466D
:10689000DB005B1AD31AFB6029E0FA7813465B0031
:1068A0001344DB009B1A154AA2FB03235A08BB784A
:1068B0001A44BB681A44BB689B081A44BB68104959
:1068C000A1FB03135B09D21ABB680D49A1FB03139B
:1068D000DB0913449A1C0B4BA3FB0213D11A490882
:1068E0000B4499080B46DB005B1AD31AFB60FB686C
:1068F000DBB218461437BD4680BC7047398EE3388A
:106900001F85EB512549922480B487B000AFF86011
:10691000B9607A6000237B61074B7B61BB689B0099
:106920007A6913447B617B697A6892B21A6000BF0E
:106930001C37BD4680BC7047006C004080B485B0F9
:1069400000AF786039600023FB600023BB60084B18
:10695000FB603B689B00FA681344FB60FB681B68A4
:106960009BB2BB60BB6818461437BD4680BC7047FD
:10697000006C004080B58EB000AF78600023FB62F1
:106980000023BB62002387F83330344BDB69334A82
:1069900043F00203D361314BDB6903F00203FB6078
:1069A000FB6807F1100207F114031146184603F0C3
:1069B0003FFA3B6AFB62FB6A002B03D103F010FA3B
:1069C000786304E003F00CFA03465B007B637B6BA7
:1069D000234AA2FB03239B0C013BBB62214B224AAF
:1069E0001A60204B40F2E732DA601E4ABB6A5360FD
:1069F0001C4B00221A611B4B00229A60194B00228B
:106A00009A61184803F03AFB034687F8333097F849
:106A10003330002B1BD1134803F0A6FB034687F845
:106A2000333097F83330002B11D11D2000F065FA78
:106A30007B680F2B08D8002279681D2000F041FAEE
:106A40000A4A7B68136002E0012387F8333097F825
:106A5000333018463837BD4680BD00BF00100240B5
:106A600083DE1B4324090020000400405000002066
:106A700080B400AF00BFFDE780B400AF00BFFDE70A
:106A800080B400AF00BFFDE780B400AF00BFFDE7FA
:106A900080B400AF00BFFDE780B400AF00BFBD46CB
:106AA00080BC704780B500AF024803F0A1FE00BF74
:106AB00080BD00BF6001002080B500AF024803F038
:106AC00097FE00BF80BD00BF2409002080B500AF45
:106AD000024804F09FFE00BF80BD00BF10030020ED
:106AE00080B500AF024804F095FE00BF80BD00BF36
:106AF0005803002080B500AFFEF7AEF800BF80BDA0
:106B000080B500AF024803F073FE00BF80BD00BF38
:106B1000F001002080B500AFFCF740FC00BF80BD55
:106B200080B500AF024803F063FE00BF80BD00BF28
:106B30008002002080B500AF012000F00BFF00BFF5
:106B400080BD000080B586B000AF7860144A154B58
:106B5000D31A7B617B693B61134B1B68002B02D10D
:106B6000114B124A1A60104B1A687B6813443A6939
:106B70009A4207D20AF0ACFD03460C221A604FF08D
:106B8000FF3309E0084B1B68FB60074B1A687B6802
:106B90001344054A1360FB6818461837BD4680BD8C
:106BA00000000120000400006C090020D0680020D3
:106BB00080B400AF00BFBD4680BC704780B483B0D6
:106BC00000AF03460A46FB711346BB71FB791BB24B
:106BD0001B021AB2BB791BB213431BB29BB21846FD
:106BE0000C37BD4680BC704780B485B000AF78607C
:106BF0000B46FB70FF23FB7331233B730023BB73F6
:106C000023E0BB7B7A6813441A78FB7B5340FB7309
:106C100000237B7313E097F90F30002B09DA97F903
:106C20000F305B005AB297F90C3053405BB2FB73E4
:106C300002E0FB7B5B00FB737B7B01337B737B7B25
:106C4000072BE8D9BB7B0133BB73BA7BFB789A4235
:106C5000D7D3FB7B18461437BD4680BC7047000075
:106C6000FFF7A6FF0B480C490C4A002302E0D4585A
:106C7000C4500433C4188C42F9D3094A094C002388
:106C800001E013600432A242FBD30AF027FDF8F7BB
:106C9000E1FC704700000020AC000020503B0208DF
:106CA000B0000020D0680020FEE7000080B500AFF3
:106CB000084B1B68074A43F010031360032000F0E1
:106CC000F5F80F20FFF756FEFEF758FD0023184693
:106CD00080BD00BF0020024080B400AF054B1B7890
:106CE0001A46054B1B681344034A136000BFBD4698
:106CF00080BC7047540000207009002080B400AFB1
:106D0000024B1B681846BD4680BC704770090020C6
:106D100080B584B000AF7860FFF7F0FFB8607B68A3
:106D2000FB60FB68B3F1FF3F05D00A4B1B781A46A6
:106D3000FB681344FB6000BFFFF7E0FF0246BB683F
:106D4000D31AFA689A42F7D800BF00BF1037BD4681
:106D500080BD00BF5400002080B485B000AF7860D3
:106D60007B6803F00703FB600C4BDB68BB60BA6811
:106D70004FF6FF031340BB60FB681A02BB68134366
:106D800043F0BF6343F40033BB60044ABB68D36085
:106D900000BF1437BD4680BC704700BF00ED00E067
:106DA00080B400AF044BDB681B0A03F007031846EE
:106DB000BD4680BC704700BF00ED00E080B483B0EA
:106DC00000AF0346FB7197F90730002B0BDBFB7913
:106DD00003F01F02064997F907305B09012000FA0A
:106DE00002F241F8232000BF0C37BD4680BC70473B
:106DF00000E100E080B483B000AF03463960FB716E
:106E000097F90730002B0ADB3B68DAB20C4997F997
:106E100007301201D2B20B4483F800230AE03B682A
:106E2000DAB20849FB7903F00F03043B1201D2B236
:106E30000B441A7600BF0C37BD4680BC704700BFBC
:106E400000E100E000ED00E080B489B000AFF86040
:106E5000B9607A60FB6803F00703FB61FB69C3F16B
:106E60000703042B28BF0423BB61FB690433062BF3
:106E700002D9FB69033B00E000237B614FF0FF3246
:106E8000BB6902FA03F3DA43BB681A407B699A4094
:106E90004FF0FF317B6901FA03F3D9437B680B4064
:106EA000134318462437BD4680BC704780B582B076
:106EB00000AF78607868FFF74FFF00BF0837BD4626
:106EC00080BD80B586B000AF0346B9607A60FB73C1
:106ED00000237B61FFF764FF78617A68B96878699D
:106EE000FFF7B2FF024697F90F3011461846FFF739
:106EF00081FF00BF1837BD4680BD80B582B000AFAE
:106F00000346FB7197F907301846FFF757FF00BF9C
:106F10000837BD4680BD80B485B000AF78600023DF
:106F2000FB737B6893F82130DBB2022B08D07B68BF
:106F300004229A637B68002283F82020012320E04A
:106F40007B681B681A687B681B6822F00E021A6057
:106F50007B681B681A687B681B6822F001021A6054
:106F60007B681A6C7B68DB6B012101FA02F25A60C4
:106F70007B68012283F821207B68002283F820208F
:106F8000FB7B18461437BD4680BC704780B584B083
:106F900000AF78600023FB737B6893F82130DBB28D
:106FA000022B05D07B6804229A630123FB73D6E091
:106FB0007B681B681A687B681B6822F00E021A60E7
:106FC0007B681B681A687B681B6822F001021A60E4
:106FD0007B681B681A46644B9A4258D97B681B68C9
:106FE000624A93424FD07B681B68614A934248D003
:106FF0007B681B685F4A934240D07B681B685E4A8F
:10700000934238D07B681B685C4A934230D07B68DF
:107010001B685B4A934228D07B681B68524A9342A4
:1070200020D07B681B68574A934219D07B681B6845
:10703000554A934212D07B681B68544A93420AD047
:107040007B681B68524A934202D14FF480531BE085
:107050004FF4803318E04FF4807315E0102313E0F1
:10706000012311E04FF080730EE04FF480130BE02A
:107070004FF4803308E04FF4805305E04FF4807301
:1070800002E0102300E00123424A536057E07B688E
:107090001B68364A93424FD07B681B68344A934240
:1070A00048D07B681B68334A934240D07B681B689A
:1070B000314A934238D07B681B68304A934230D0C3
:1070C0007B681B682E4A934228D07B681B68264A3F
:1070D000934220D07B681B682A4A934219D07B6870
:1070E0001B68294A934212D07B681B68274A934247
:1070F0000AD07B681B68264A934202D14FF4805322
:107100001BE04FF4803318E04FF4807315E0102338
:1071100013E0012311E04FF080730EE04FF4801371
:107120000BE04FF4803308E04FF4805305E04FF458
:10713000807302E0102300E00123174A53607B684C
:10714000012283F821207B68002283F820207B68BD
:107150005B6B002B03D07B685B6B78689847FB7B8D
:1071600018461037BD4680BD80000240080002402E
:107170001C0002403000024044000240580002401F
:107180006C000240080402401C040240300402402B
:10719000440402400004024000000240F0B587B001
:1071A00000AFF860B960C7E900230123FB75002335
:1071B000BB7500237B752F4B1B7E012B01D1022356
:1071C00054E02C4B01221A764CF2503000F0A8F813
:1071D0000346FB75FB7D002B44D1FB68012B02D1DC
:1071E00001237B7507E0FB68022B02D102237B752C
:1071F00001E004237B750023BB752DE0BB7D5A00A5
:10720000BB6802EB030CBB7D1901D7E90023C1F178
:107210002006A1F1200022FA01F403FA06F6344315
:1072200023FA00F0044323FA01F5A3B2194660469D
:1072300000F05AF84CF2503000F072F80346FB753B
:107240000D4B1B690C4A23F001031361FB7D002BDE
:1072500007D1BB7D0133BB75BA7D7B7D9A42CDD30F
:1072600000E000BF034B00221A76FB7D18461C3756
:10727000BD46F0BD780900200020024080B483B0F4
:1072800000AF0023FB710D4B1B6903F08003002B43
:107290000DD00A4B0A4A5A60084B0A4A5A60074BFB
:1072A0001B6903F08003002B01D00123FB71FB79E4
:1072B00018460C37BD4680BC704700BF0020024016
:1072C00023016745AB89EFCD80B400AF054B1B6947
:1072D000044A43F08003136100231846BD4680BC76
:1072E000704700BF0020024080B483B000AF7860D8
:1072F0000B467B80084B0022DA61084B1B69074A6A
:1073000043F0010313617B687A881A8000BF0C3751
:10731000BD4680BC704700BF7809002000200240B5
:1073200080B584B000AF7860FFF7E8FCF86010E04B
:107330007B68B3F1FF3F0CD07B68002B07D0FFF7D1
:10734000DDFC0246FB68D31A7A689A4201D2032315
:1073500025E0154BDB6803F00103002BE8D1124B4D
:10736000DB6803F02003002B02D00F4B2022DA60F1
:107370000D4BDB6803F01003002B0BD10A4BDB69CC
:1073800003F00103002B05D1074BDB6803F0040376
:10739000002B03D000F00AF8012300E00023184678
:1073A0001037BD4680BD00BF0020024080B483B0CE
:1073B00000AF00237B60234BDB6803F01003002B3E
:1073C00009D0214BDB6943F002031F4AD3617B687C
:1073D00043F010037B601B4BDB6803F00403002BBE
:1073E00009D0194BDB6943F00103174AD3617B686D
:1073F00043F004037B60134BDB6903F00103002BB4
:107400000BD0114BDB6943F004030F4AD3610D4BE2
:10741000DB690C4A23F00103D3617B6840F201125F
:10742000934206D1074BDB69064A23F00103D3617F
:1074300002E0044A7B68D36000BF0C37BD4680BCC5
:10744000704700BF002002407809002080B584B05A
:1074500000AF786039600123FB730023BB602F4BC2
:107460001B7E012B01D1022353E02C4B01221A7603
:107470007B681B68022B16D14CF25030FFF750FF8F
:107480000346002B41D1012000F04CF84CF2503063
:10749000FFF746FF0346FB73214B1B69204A23F08D
:1074A0000403136131E04CF25030FFF739FF03461B
:1074B000002B2AD13B684FF0FF321A607B689B6833
:1074C000BB6019E0B86800F049F84CF25030FFF7A3
:1074D00027FF0346FB73124B1B69114A23F002037B
:1074E0001361FB7B002B03D03B68BA681A600CE089
:1074F000BB6803F50063BB607B68DB68DA027B680E
:107500009B681344BA689A42DCD3044B00221A7673
:10751000FB7B18461037BD4680BD00BF78090020B0
:107520000020024080B483B000AF7860094B002295
:10753000DA61094B1B69084A43F004031361064BE7
:107540001B69054A43F04003136100BF0C37BD4679
:1075500080BC7047780900200020024080B483B0CE
:1075600000AF78600B4B0022DA610B4B1B690A4AB3
:1075700043F002031361084A7B685361064B1B69A1
:10758000054A43F04003136100BF0C37BD4680BC81
:10759000704700BF780900200020024080B48BB003
:1075A00000AF7860396000237B6200233B6279E1A1
:1075B00001227B6A02FA03F3FB613B681B68FA69EC
:1075C0001340BB61BA69FB699A4240F068813B682D
:1075D0005B68964A93425ED0944A934275D8944A27
:1075E000934258D0924A93426FD8924A934252D0D3
:1075F000904A934269D8904A93424CD08E4A934223
:1076000063D88E4A934246D08C4A93425DD8122B5F
:107610002AD8122B59D801A252F823F097760108E4
:107620007176010883760108C5760108CB760108DA
:10763000CB760108CB760108CB760108CB76010822
:10764000CB760108CB760108CB760108CB76010812
:10765000CB760108CB760108CB760108CB76010802
:10766000797601088D760108754A934213D02CE093
:107670003B68DB683B6229E03B68DB6804333B62C4
:1076800024E03B68DB6808333B621FE03B68DB6853
:107690000C333B621AE03B689B68002B02D1042349
:1076A0003B6213E03B689B68012B05D108233B62DA
:1076B0007B68FA691A6109E008233B627B68FA6912
:1076C0005A6103E000233B6200E000BFBB69FF2B6F
:1076D00001D87B6801E07B6804337B61BB69FF2BC9
:1076E00002D87B6A9B0002E07B6A083B9B003B61FF
:1076F0007B691A680F213B6901FA03F3DB431A40E7
:10770000396A3B6901FA03F31A437B691A603B68E3
:107710005B6803F08053002B00F0C180494B9B69EC
:10772000484A43F001039361464B9B6903F0010310
:10773000BB60BB68444A7B6A9B08023352F8233023
:10774000FB607B6A03F003039B000F2202FA03F342
:10775000DB43FA681340FB607B683C4A93421FD0CE
:107760007B683B4A934219D07B683A4A934213D0D4
:107770007B68394A93420DD07B68384A934207D0E0
:107780007B68374A934201D105230AE0062308E0CB
:10779000042306E0032304E0022302E0012300E0C7
:1077A00000237A6A02F0030292009340FA681343BE
:1077B000FB6025497B6A9B080233FA6841F8232065
:1077C0003B685B6803F48013002B06D0254B9A6856
:1077D0002449BB6913438B6006E0224B9A68BB695E
:1077E000DB43204913408B603B685B6803F4001364
:1077F000002B06D01B4BDA681A49BB691343CB60D8
:1078000006E0184BDA68BB69DB4316491340CB60CE
:107810003B685B6803F40033002B25D0114B5A689A
:107820001049BB6913434B6025E000BF00003210D4
:107830000000311000002210000021100000121082
:10784000000011100010024000000140000801403B
:10785000000C0140001001400014014000180140DC
:10786000001C014000040140154B5A68BB69DB4312
:10787000134913404B603B685B6803F48033002B73
:1078800006D00F4B1A680E49BB6913430B6006E024
:107890000B4B1A68BB69DB43094913400B607B6AD9
:1078A00001337B623B681A687B6A22FA03F3002B80
:1078B0007FF47EAE00BF00BF2C37BD4680BC704752
:1078C0000004014080B485B000AF78600B467B8037
:1078D0007B689A687B881340002B02D00123FB73DE
:1078E00001E00023FB73FB7B18461437BD4680BCC8
:1078F000704780B483B000AF78600B467B8013463E
:107900007B707B78002B03D07A887B681A6103E058
:107910007B881A047B681A6100BF0C37BD4680BCA7
:10792000704780B485B000AF78600B467B807B6881
:10793000DB68FB607A88FB6813401A04FB68D94354
:107940007B880B401A437B681A6100BF1437BD4621
:1079500080BC704780B582B000AF0346FB80084B07
:107960005A69FB881340002B06D0054AFB885361F7
:10797000FB88184600F006F800BF0837BD4680BDFA
:107980000004014080B483B000AF0346FB8000BF19
:107990000C37BD4680BC704780B584B000AF7860BE
:1079A0007B68002B01D101232BE17B6893F83D30EC
:1079B000DBB2002B06D17B68002283F83C2078687C
:1079C000FDF714FF7B68242283F83D207B681B6849
:1079D0001A687B681B6822F001021A607B681B68CA
:1079E0001A687B681B6842F400421A607B681B6857
:1079F0001A687B681B6822F400421A6002F0F0F9F2
:107A0000F8607B685B68814A934207D8FB68804ACC
:107A1000934294BF01230023DBB206E0FB687D4A5A
:107A2000934294BF01230023DBB2002B01D001233A
:107A3000E7E0FB68784AA2FB03239B0CBB607B68F2
:107A40001B685B6823F03F017B681B68BA680A43C8
:107A50005A607B681B681B6A23F03F017B685B6888
:107A60006A4A934202D8BB68013309E0BB684FF40D
:107A7000967202FB03F3694AA2FB03239B090133BD
:107A80007A6812680B4313627B681B68DB6923F416
:107A90004F4222F0FF027B685B685C498B4219D839
:107AA000FB68591E7B685B685B00B1FBF3F3591CF4
:107AB00040F6FC730B40002B0AD0FB68591E7B6814
:107AC0005B685B00B1FBF3F30133C3F30B0351E0DD
:107AD00004234FE07B689B68002B11D1FB68581E84
:107AE0007B6859680B465B000B44B0FBF3F3013332
:107AF000C3F30B03002B0CBF01230023DBB212E006
:107B0000FB68581E7B6859680B469B000B44990024
:107B10000B44B0FBF3F30133C3F30B03002B0CBF97
:107B200001230023DBB2002B01D0012322E07B687C
:107B30009B68002B0ED1FB68581E7B6859680B466A
:107B40005B000B44B0FBF3F30133C3F30B0343F4CB
:107B500000430FE0FB68581E7B6859680B469B008A
:107B60000B4499000B44B0FBF3F30133C3F30B0355
:107B700043F44043796809681343CB617B681B6811
:107B80001B6823F0C0017B68DA697B681B6A1A43B3
:107B90007B681B680A431A607B681B689B6823F438
:107BA000034323F0FF037A6811697A68D2681143AE
:107BB0007A6812680B4393607B681B68DB6823F06C
:107BC000FF017B685A697B689B691A437B681B6865
:107BD0000A43DA607B681B681A687B681B6842F09E
:107BE00001021A607B6800221A647B68202283F8F5
:107BF0003D207B6800221A637B68002283F83E20C8
:107C0000002318461037BD4680BD00BFA086010086
:107C10007F841E00FF083D0083DE1B43D34D6210AE
:107C200080B588B002AFF8607A601A460B467B8157
:107C300013463B81FFF762F87861FB6893F83D30AB
:107C4000DBB2202B40F0E0807B69009319230122F6
:107C50007049F86801F0ACFA0346002B01D002230A
:107C6000D3E0FB6893F83C30012B01D10223CCE038
:107C7000FB68012283F83C20FB681B681B6803F04B
:107C80000103012B07D0FB681B681A68FB681B689F
:107C900042F001021A60FB681B681A68FB681B68E7
:107CA00022F400621A60FB68212283F83D20FB6801
:107CB000102283F83E20FB6800221A64FB687A6871
:107CC0005A62FB683A895A85FB685B8D9AB2FB68F9
:107CD0001A85FB68504ADA6279897B693A6AF868E2
:107CE00000F098FF0346002B01D001238DE0002314
:107CF0003B61FB681B685B693B61FB681B689B69B8
:107D00003B613B6966E07A69396AF86801F06AFBB1
:107D10000346002B0DD0FB681B6C042B07D1FB68BE
:107D20001B681A68FB681B6842F400721A60012322
:107D30006BE0FB685B6A1A78FB681B681A61FB687A
:107D40005B6A5A1CFB685A62FB685B8D9BB2013B05
:107D50009AB2FB685A85FB681B8D013B9AB2FB689F
:107D60001A85FB681B685B6903F00403042B1BD1B5
:107D7000FB681B8D002B17D0FB685B6A1A78FB68C9
:107D80001B681A61FB685B6A5A1CFB685A62FB68D5
:107D90005B8D9BB2013B9AB2FB685A85FB681B8DD9
:107DA000013B9AB2FB681A857A69396AF86801F072
:107DB00061FB0346002B0DD0FB681B6C042B07D125
:107DC000FB681B681A68FB681B6842F400721A6043
:107DD00001231AE0FB681B8D002B94D1FB681B6804
:107DE0001A68FB681B6842F400721A60FB68202264
:107DF00083F83D20FB68002283F83E20FB680022C8
:107E000083F83C20002300E0022318461837BD46C3
:107E100080BD00BF020010000000FFFF80B58CB0E5
:107E200002AFF8607A601A460B467B8113463B81AD
:107E300000233B62FEF762FF7862FB6893F83D30F7
:107E4000DBB2202B40F04B827B6A00931923012286
:107E50007F49F86801F0ACF90346002B01D00223FA
:107E60003EE2FB6893F83C30012B01D1022337E25C
:107E7000FB68012283F83C20FB681B681B6803F049
:107E80000103012B07D0FB681B681A68FB681B689D
:107E900042F001021A60FB681B681A68FB681B68E5
:107EA00022F400621A60FB68222283F83D20FB68FE
:107EB000102283F83E20FB6800221A64FB687A686F
:107EC0005A62FB683A895A85FB685B8D9AB2FB68F7
:107ED0001A85FB685F4ADA6279897B6A3A6BF868CF
:107EE00000F01AFF0346002B01D00123F8E1FB68E4
:107EF0001B8D002B13D10023FB61FB681B685B69A2
:107F0000FB61FB681B689B69FB61FB69FB681B6885
:107F10001A68FB681B6842F400721A60CCE1FB68C7
:107F20001B8D012B1ED1FB681B681A68FB681B6840
:107F300022F480621A6072B600BF0023BB61FB6846
:107F40001B685B69BB61FB681B689B69BB61BB69A4
:107F5000FB681B681A68FB681B6842F400721A60B1
:107F600062B635E0FB681B8D022B1ED1FB681B68D7
:107F70001A68FB681B6842F400621A6072B600BFA0
:107F800000237B61FB681B685B697B61FB681B6886
:107F90009B697B617B69FB681B681A68FB681B68CF
:107FA00022F480621A6062B612E0FB681B681A68ED
:107FB000FB681B6842F480621A6000233B61FB6827
:107FC0001B685B693B61FB681B689B693B613B69A4
:107FD00072E1FB681B8D032B00F21F81FB681B8D78
:107FE000012B23D17A6A396BF86801F08BFA0346CA
:107FF000002B01D0012373E1FB681B681A69FB6841
:108000005B6AD2B21A70FB685B6A5A1CFB685A62E0
:10801000FB681B8D013B9AB2FB681A85FB685B8D80
:108020009BB2013B9AB2FB685A8545E1FB681B8D08
:10803000022B52D17B6A00933B6B00220649F86801
:1080400001F0B6F80346002B08D0012348E100BF39
:10805000020010000000FFFF0400010072B600BF24
:10806000FB681B681A68FB681B6842F400721A60A0
:10807000FB681B681A69FB685B6AD2B21A70FB68FE
:108080005B6A5A1CFB685A62FB681B8D013B9AB203
:10809000FB681A85FB685B8D9BB2013B9AB2FB685B
:1080A0005A8562B600BFFB681B681A69FB685B6A89
:1080B000D2B21A70FB685B6A5A1CFB685A62FB6892
:1080C0001B8D013B9AB2FB681A85FB685B8D9BB2E6
:1080D000013B9AB2FB685A85EEE07B6A00933B6BEA
:1080E00000228149F86801F063F80346002B01D0B3
:1080F0000123F5E0FB681B681A68FB681B6822F423
:1081000080621A6072B600BFFB681B681A69FB6860
:108110005B6AD2B21A70FB685B6A5A1CFB685A62CF
:10812000FB681B8D013B9AB2FB681A85FB685B8D6F
:108130009BB2013B9AB2FB685A856C4B1B68DB080B
:108140006B4AA2FB03231A0A13469B001344DA006E
:10815000D31A3B623B6A013B3B623B6A002B18D15E
:10816000FB6800221A63FB68202283F83D20FB682D
:10817000002283F83E20FB681B6C43F02002FB6862
:108180001A6462B600BFFB68002283F83C2001231A
:10819000A6E0FB681B685B6903F00403042BD9D1DC
:1081A000FB681B681A68FB681B6842F400721A605F
:1081B000FB681B681A69FB685B6AD2B21A70FB68BD
:1081C0005B6A5A1CFB685A62FB681B8D013B9AB2C2
:1081D000FB681A85FB685B8D9BB2013B9AB2FB681A
:1081E0005A8562B600BFFB681B681A69FB685B6A48
:1081F000D2B21A70FB685B6A5A1CFB685A62FB6851
:108200001B8D013B9AB2FB681A85FB685B8D9BB2A4
:10821000013B9AB2FB685A854EE07A6A396BF8687E
:1082200001F070F90346002B01D0012358E0FB68F0
:108230001B681A69FB685B6AD2B21A70FB685B6ADA
:108240005A1CFB685A62FB681B8D013B9AB2FB68A3
:108250001A85FB685B8D9BB2013B9AB2FB685A851D
:10826000FB681B685B6903F00403042B24D1FB68E3
:108270001B8D032B07D1FB681B681A68FB681B6802
:1082800022F480621A60FB681B681A69FB685B6AEB
:10829000D2B21A70FB685B6A5A1CFB685A62FB68B0
:1082A0001B8D013B9AB2FB681A85FB685B8D9BB204
:1082B000013B9AB2FB685A85FB681B8D002B7FF44B
:1082C00088AEFB68202283F83D20FB68002283F8FB
:1082D0003E20FB68002283F83C20002300E00223BC
:1082E00018462837BD4680BD040001004C00002020
:1082F00089B5F81480B588B002AFF8600846114619
:108300001A4603467B810B463B811346FB80FEF7F2
:10831000F5FC7861FB6893F83D30DBB2202B40F030
:10832000D9807B690093192301226D49F86800F018
:108330003FFF0346002B01D00223CCE0FB6893F8FB
:108340003C30012B01D10223C5E0FB68012283F8F8
:108350003C20FB681B681B6803F00103012B07D05E
:10836000FB681B681A68FB681B6842F001021A6010
:10837000FB681B681A68FB681B6822F400621A60BD
:10838000FB68212283F83D20FB68402283F83E20D1
:10839000FB6800221A64FB683A6A5A62FB68BA8C6E
:1083A0005A85FB685B8D9AB2FB681A85FB684D4A5B
:1083B000DA62F8883A8979897B690193BB6A00930C
:1083C0000346F86800F076FD0346002B52D00123E7
:1083D00081E07A69B96AF86801F004F80346002B75
:1083E0000DD0FB681B6C042B07D1FB681B681A6857
:1083F000FB681B6842F400721A6001236BE0FB68A3
:108400005B6A1A78FB681B681A61FB685B6A5A1C16
:10841000FB685A62FB681B8D013B9AB2FB681A85A8
:10842000FB685B8D9BB2013B9AB2FB685A85FB6887
:108430001B685B6903F00403042B1BD1FB681B8DD5
:10844000002B17D0FB685B6A1A78FB681B681A61FF
:10845000FB685B6A5A1CFB685A62FB681B8D013B18
:108460009AB2FB681A85FB685B8D9BB2013B9AB29E
:10847000FB685A85FB681B8D002BAAD17A69B96A03
:10848000F86800F0F7FF0346002B0DD0FB681B6C6B
:10849000042B07D1FB681B681A68FB681B6842F451
:1084A00000721A60012316E0FB681B681A68FB68FB
:1084B0001B6842F400721A60FB68202283F83D209A
:1084C000FB68002283F83E20FB68002283F83C20F2
:1084D000002300E0022318461837BD4680BD00BFC8
:1084E000020010000000FFFF80B58CB002AFF86002
:1084F000084611461A4603467B810B463B811346CC
:10850000FB8000233B62FEF7F9FB7862FB6893F87F
:108510003D30DBB2202B40F044827B6A009319236C
:1085200001228249F86800F043FE0346002B01D087
:10853000022337E2FB6893F83C30012B01D1022380
:1085400030E2FB68012283F83C20FB681B681B6853
:1085500003F00103012B07D0FB681B681A68FB6856
:108560001B6842F001021A60FB681B681A68FB680E
:108570001B6822F400621A60FB68222283F83D2007
:10858000FB68402283F83E20FB6800221A64FB68E7
:108590003A6B5A62FB68BA8E5A85FB685B8D9AB259
:1085A000FB681A85FB68624ADA62F8883A89798939
:1085B0007B6A0193BB6B00930346F86800F010FDE3
:1085C0000346002B01D00123ECE1FB681B8D002B3F
:1085D00013D10023FB61FB681B685B69FB61FB68CF
:1085E0001B689B69FB61FB69FB681B681A68FB6879
:1085F0001B6842F400721A60C0E1FB681B8D012BFE
:108600001ED1FB681B681A68FB681B6822F4806235
:108610001A6072B600BF0023BB61FB681B685B6910
:10862000BB61FB681B689B69BB61BB69FB681B681E
:108630001A68FB681B6842F400721A6062B635E083
:10864000FB681B8D022B1ED1FB681B681A68FB6838
:108650001B6842F400621A6072B600BF00237B619F
:10866000FB681B685B697B61FB681B689B697B61BE
:108670007B69FB681B681A68FB681B6822F48062D0
:108680001A6062B612E0FB681B681A68FB681B6818
:1086900042F480621A6000233B61FB681B685B69DF
:1086A0003B61FB681B689B693B613B6966E1FB685A
:1086B0001B8D032B00F21F81FB681B8D012B23D127
:1086C0007A6AB96BF86800F01DFF0346002B01D0F1
:1086D000012367E1FB681B681A69FB685B6AD2B219
:1086E0001A70FB685B6A5A1CFB685A62FB681B8D38
:1086F000013B9AB2FB681A85FB685B8D9BB2013B1C
:108700009AB2FB685A8539E1FB681B8D022B52D166
:108710007B6A0093BB6B00220649F86800F048FDB5
:108720000346002B08D001233CE100BF02001000EB
:108730000000FFFF0400010072B600BFFB681B6869
:108740001A68FB681B6842F400721A60FB681B68B9
:108750001A69FB685B6AD2B21A70FB685B6A5A1CC2
:10876000FB685A62FB681B8D013B9AB2FB681A8555
:10877000FB685B8D9BB2013B9AB2FB685A8562B67F
:1087800000BFFB681B681A69FB685B6AD2B21A708B
:10879000FB685B6A5A1CFB685A62FB681B8D013BD5
:1087A0009AB2FB681A85FB685B8D9BB2013B9AB25B
:1087B000FB685A85E2E07B6A0093BB6B00227B4931
:1087C000F86800F0F5FC0346002B01D00123E9E036
:1087D000FB681B681A68FB681B6822F480621A60D9
:1087E00072B600BFFB681B681A69FB685B6AD2B28D
:1087F0001A70FB685B6A5A1CFB685A62FB681B8D27
:10880000013B9AB2FB681A85FB685B8D9BB2013B0A
:108810009AB2FB685A85664B1B68DB08654AA2FB67
:1088200003231A0A13469B001344DA00D31A3B624F
:108830003B6A013B3B623B6A002B18D1FB6800227C
:108840001A63FB68202283F83D20FB68002283F82E
:108850003E20FB681B6C43F02002FB681A6462B682
:1088600000BFFB68002283F83C2001239AE0FB68EC
:108870001B685B6903F00403042BD9D1FB681B68F8
:108880001A68FB681B6842F400721A60FB681B6878
:108890001A69FB685B6AD2B21A70FB685B6A5A1C81
:1088A000FB685A62FB681B8D013B9AB2FB681A8514
:1088B000FB685B8D9BB2013B9AB2FB685A8562B63E
:1088C00000BFFB681B681A69FB685B6AD2B21A704A
:1088D000FB685B6A5A1CFB685A62FB681B8D013B94
:1088E0009AB2FB681A85FB685B8D9BB2013B9AB21A
:1088F000FB685A8542E07A6AB96BF86800F002FEBC
:108900000346002B01D001234CE0FB681B681A6969
:10891000FB685B6AD2B21A70FB685B6A5A1CFB6820
:108920005A62FB681B8D013B9AB2FB681A85FB6893
:108930005B8D9BB2013B9AB2FB685A85FB681B6852
:108940005B6903F00403042B18D1FB681B681A69E8
:10895000FB685B6AD2B21A70FB685B6A5A1CFB68E0
:108960005A62FB681B8D013B9AB2FB681A85FB6853
:108970005B8D9BB2013B9AB2FB685A85FB681B8DED
:10898000002B7FF494AEFB68202283F83D20FB6827
:10899000002283F83E20FB68002283F83C2000235D
:1089A00000E0022318462837BD4680BD04000100C0
:1089B0004C00002089B5F81480B58AB002AFF86089
:1089C0007A603B600B467B81FEF798F9F8610023E3
:1089D000BB61FB6893F83D30DBB2202B40F0118186
:1089E000FB690093192301228849F86800F0E0FB35
:1089F0000346002B01D0022304E1FB6893F83C30CE
:108A0000012B01D10223FDE0FB68012283F83C2009
:108A1000FB681B681B6803F00103012B07D0FB6890
:108A20001B681A68FB681B6842F001021A60FB6849
:108A30001B681A68FB681B6822F400621A60FB68F6
:108A4000242283F83D20FB6800221A64FB68704AE8
:108A5000DA62FB681B681A68FB681B6842F4807264
:108A60001A60FB6900933B6800224FF00111F8681F
:108A700000F09EFB0346002B0DD0FB681B681B68B3
:108A800003F48073B3F5807F03D1FB684FF4007269
:108A90001A640323B6E07B89DBB21A46FB681B68C5
:108AA00002F0FE021A61FEF729F9F861FB681B6803
:108AB0005B6903F00203022B0CBF01230023DBB22E
:108AC000FB75FB681B685B6903F48063B3F5806F1B
:108AD0000CBF01230023DBB2BB7525E0FEF70EF9C6
:108AE0000246FB69D31A3A689A4202D33B68002BCC
:108AF00003D1FB68A02283F83D20FB681B685B69FB
:108B000003F00203022B0CBF01230023DBB2FB7531
:108B1000FB681B685B6903F48063B3F5806F0CBF6F
:108B200001230023DBB2BB75FB6893F83D30DBB259
:108B3000A02B05D0FB7D002B02D1BB7D002BCDD01F
:108B4000FB68202283F83D20FB681B685B6903F00B
:108B50000203022B29D1FB681B681A68FB681B689B
:108B600042F400721A6000233B61FB681B685B697A
:108B70003B61FB681B689B693B613B69FB69009338
:108B8000192301222149F86800F012FB0346002B4B
:108B900001D0012336E0FB68202283F83D20FB68EA
:108BA000002283F83C2000232CE0FB681B681A6835
:108BB000FB681B6842F400721A60FB681B686FF464
:108BC00080625A61FB690093192301220F49F868FA
:108BD00000F0EEFA0346002B01D0012312E0BB693E
:108BE0000133BB61BA697B689A42FFF432AFFB681C
:108BF000202283F83D20FB68002283F83C200123DB
:108C000000E0022318462037BD4680BD0200100058
:108C10000000FFFF80B588B002AFF8607A603B606B
:108C20000B467B81FB68DB6A7B617B69082B06D086
:108C30007B69012B03D07B6913F5803F08D1FB686A
:108C40001B681A68FB681B6842F480721A600BE0AC
:108C5000FB681B6B122B07D1FB681B681A68FB684B
:108C60001B6842F480721A603B6800937B680022A4
:108C70004FF00111F86800F09BFA0346002B0DD06D
:108C8000FB681B681B6803F48073B3F5807F03D116
:108C9000FB684FF400721A64032335E0FB681B691C
:108CA000B3F5804F08D17B89DBB21A46FB681B689D
:108CB00002F0FE021A611BE07B89DB11DBB203F0DC
:108CC0000603DBB263F00F03DAB2FB681B681A61BC
:108CD0003B687A680E49F86800F0E4FA0346002B16
:108CE00001D0012310E07B89DAB2FB681B681A61AE
:108CF0003B687A680749F86800F0D4FA0346002B0D
:108D000001D0012300E0002318461837BD4680BD7E
:108D1000080001000200010080B588B002AFF860D1
:108D20007A603B600B467B81FB68DB6A7B61FB689A
:108D30001B681A68FB681B6842F480621A607B69D2
:108D4000082B06D07B69012B03D07B6913F5803F8C
:108D500008D1FB681B681A68FB681B6842F48072C4
:108D60001A600BE0FB681B6B112B07D1FB681B68BB
:108D70001A68FB681B6842F480721A603B680093B3
:108D80007B6800224FF00111F86800F011FA0346E9
:108D9000002B0DD0FB681B681B6803F48073B3F5D0
:108DA000807F03D1FB684FF400721A64032379E0DB
:108DB000FB681B69B3F5804F08D17B89DBB243F0B8
:108DC0000103DAB2FB681B681A615FE07B89DB1183
:108DD000DBB203F00603DBB263F00F03DAB2FB6829
:108DE0001B681A613B687A683049F86800F05AFAE3
:108DF0000346002B01D0012354E07B89DAB2FB68E3
:108E00001B681A613B687A682949F86800F04AFAD9
:108E10000346002B01D0012344E000233B61FB68A3
:108E20001B685B693B61FB681B689B693B613B6935
:108E3000FB681B681A68FB681B6842F480721A6042
:108E40003B6800937B6800224FF00111F86800F046
:108E5000AFF90346002B0DD0FB681B681B6803F4B9
:108E60008073B3F5807F03D1FB684FF400721A64FE
:108E7000032317E07B89DB11DBB203F00603DBB2CF
:108E800063F00E03DAB2FB681B681A613B687A680C
:108E90000749F86800F006FA0346002B01D00123C9
:108EA00000E0002318461837BD4680BD08000100C9
:108EB0000200010080B588B002AFF8600846114694
:108EC0001A4603467B810B463B811346FB80FB68B9
:108ED0001B681A68FB681B6842F480721A607B6A20
:108EE00000933B6A00224FF00111F86800F060F92E
:108EF0000346002B0DD0FB681B681B6803F48073CE
:108F0000B3F5807F03D1FB684FF400721A6403232A
:108F10005FE07B89DBB21A46FB681B6802F0FE0249
:108F20001A617B6A3A6A2D49F86800F0BBF903467A
:108F3000002B01D001234CE000237B61FB681B6800
:108F40005B697B61FB681B689B697B617B697A6AF3
:108F5000396AF86800F046FA0346002B0DD0FB682A
:108F60001B6C042B07D1FB681B681A68FB681B6825
:108F700042F400721A6001232BE0FB88012B05D11B
:108F80003B89DAB2FB681B681A6121E03B891B0A46
:108F90009BB2DAB2FB681B681A617A6A396AF868B0
:108FA00000F020FA0346002B0DD0FB681B6C042B4D
:108FB00007D1FB681B681A68FB681B6842F40072E3
:108FC0001A60012305E03B89DAB2FB681B681A616D
:108FD000002318461837BD4680BD00BF02000100BF
:108FE00080B588B002AFF860084611461A460346BD
:108FF0007B810B463B811346FB80FB681B681A682C
:10900000FB681B6842F480621A60FB681B681A6880
:10901000FB681B6842F480721A607B6A00933B6AAB
:1090200000224FF00111F86800F0C2F80346002B4F
:109030000DD0FB681B681B6803F48073B3F5807F59
:1090400003D1FB684FF400721A640323AAE07B8902
:10905000DBB21A46FB681B6802F0FE021A617B6AEB
:109060003A6A5249F86800F01DF90346002B01D016
:10907000012397E000237B61FB681B685B697B61D0
:10908000FB681B689B697B617B697A6A396AF8684F
:1090900000F0A8F90346002B0DD0FB681B6C042BD5
:1090A00007D1FB681B681A68FB681B6842F40072F2
:1090B0001A60012376E0FB88012B05D13B89DAB2E7
:1090C000FB681B681A6121E03B891B0A9BB2DAB27C
:1090D000FB681B681A617A6A396AF86800F082F9DD
:1090E0000346002B0DD0FB681B6C042B07D1FB68DB
:1090F0001B681A68FB681B6842F400721A6001233F
:1091000050E03B89DAB2FB681B681A617A6A396AF7
:10911000F86800F067F90346002B0DD0FB681B6C64
:10912000042B07D1FB681B681A68FB681B6842F4B4
:1091300000721A60012335E0FB681B681A68FB683F
:109140001B6842F480721A607B6A00933B6A0022BB
:109150004FF00111F86800F02BF80346002B0DD0FA
:10916000FB681B681B6803F48073B3F5807F03D131
:10917000FB684FF400721A64032313E07B89DBB2AF
:1091800043F00103DAB2FB681B681A617B6A3A6A32
:109190000649F86800F086F80346002B01D0012349
:1091A00000E0002318461837BD4680BD02000100CC
:1091B00080B584B000AFF860B9603B601346FB71C6
:1091C00048E03B68B3F1FF3F44D0FDF797FD02460E
:1091D000BB69D31A3A689A4202D33B68002B39D153
:1091E000BB681B0CDBB2012B0DD1FB681B685B69F4
:1091F000DA43BB6813409BB2002B0CBF0123002352
:10920000DBB21A460CE0FB681B689B69DA43BB685B
:1092100013409BB2002B0CBF01230023DBB21A4684
:10922000FB799A4216D1FB6800221A63FB68202260
:1092300083F83D20FB68002283F83E20FB681B6C0E
:1092400043F02002FB681A64FB68002283F83C208C
:10925000012323E0BB681B0CDBB2012B0DD1FB68A3
:109260001B685B69DA43BB6813409BB2002B0CBFE1
:1092700001230023DBB21A460CE0FB681B689B69E4
:10928000DA43BB6813409BB2002B0CBF01230023C1
:10929000DBB21A46FB799A4293D000231846103766
:1092A000BD4680BD80B584B000AFF860B9607A601B
:1092B0003B6071E0FB681B685B6903F48063B3F596
:1092C000806F23D1FB681B681A68FB681B6842F437
:1092D00000721A60FB681B686FF480625A61FB6859
:1092E00000221A63FB68202283F83D20FB680022DD
:1092F00083F83E20FB681B6C43F00402FB681A6491
:10930000FB68002283F83C20012367E07B68B3F10F
:10931000FF3F41D0FDF7F2FC02463B68D31A7A6862
:109320009A4202D37B68002B36D1BB681B0CDBB2A0
:10933000012B0CD1FB681B685B69DA43BB681340E7
:109340009BB2002B14BF01230023DBB20BE0FB68B0
:109350001B689B69DA43BB6813409BB2002B14BFA8
:1093600001230023DBB2002B16D0FB6800221A6316
:10937000FB68202283F83D20FB68002283F83E2012
:10938000FB681B6C43F02002FB681A64FB68002238
:1093900083F83C20012321E0BB681B0CDBB2012BCE
:1093A0000CD1FB681B685B69DA43BB6813409BB256
:1093B000002B14BF01230023DBB20BE0FB681B680A
:1093C0009B69DA43BB6813409BB2002B14BF012397
:1093D0000023DBB2002B7FF46DAF0023184610375B
:1093E000BD4680BD80B584B000AFF860B9607A60DA
:1093F00034E0F86800F0E3F80346002B01D00123C5
:1094000034E0BB68B3F1FF3F28D0FDF777FC02469C
:109410007B68D31ABA689A4202D3BB68002B1DD16D
:10942000FB681B685B6903F08003802B16D0FB6828
:1094300000221A63FB68202283F83D20FB6800228B
:1094400083F83E20FB681B6C43F02002FB681A6423
:10945000FB68002283F83C20012307E0FB681B68BF
:109460005B6903F08003802BC3D1002318461037BB
:10947000BD4680BD80B584B000AFF860B9607A6049
:1094800034E0F86800F09BF80346002B01D001237C
:1094900034E0BB68B3F1FF3F28D0FDF72FFC024654
:1094A0007B68D31ABA689A4202D3BB68002B1DD1DD
:1094B000FB681B685B6903F00403042B16D0FB6890
:1094C00000221A63FB68202283F83D20FB680022FB
:1094D00083F83E20FB681B6C43F02002FB681A6493
:1094E000FB68002283F83C20012307E0FB681B682F
:1094F0005B6903F00403042BC3D100231846103723
:10950000BD4680BD80B584B000AFF860B9607A60B8
:1095100049E0FB681B685B6903F01003102B19D14D
:10952000FB681B686FF010025A61FB6800221A6327
:10953000FB68202283F83D20FB68002283F83E2050
:10954000FB681A6CFB681A64FB68002283F83C20F5
:10955000012330E0FDF7D2FB02467B68D31ABA68DC
:109560009A4202D3BB68002B1DD1FB681B685B6964
:1095700003F04003402B16D0FB6800221A63FB68FF
:10958000202283F83D20FB68002283F83E20FB6800
:109590001B6C43F02002FB681A64FB68002283F80E
:1095A0003C20012307E0FB681B685B6903F0400374
:1095B000402BAED1002318461037BD4680BD80B485
:1095C00083B000AF78607B681B685B6903F48063DD
:1095D000B3F5806F1BD17B681B686FF480625A61A2
:1095E0007B6800221A637B68202283F83D207B6819
:1095F000002283F83E207B681B6C43F004027B68EA
:109600001A647B68002283F83C20012300E00023D9
:1096100018460C37BD4680BC7047000080B400AFD0
:10962000034B01221A6000BFBD4680BC704700BFDB
:1096300020000E4280B400AF034B00221A6000BF2E
:10964000BD4680BC704700BF20000E4280B586B08A
:1096500000AF78607B68002B01D1012372E27B6848
:109660001B6803F00103002B00F08780924B5B68BE
:1096700003F00C03042B0CD08F4B5B6803F00C033E
:10968000082B12D18C4B5B6803F48033B3F5803F19
:109690000BD1894B1B6803F40033002B6CD07B6823
:1096A0005B68002B68D101234CE27B685B68B3F5F3
:1096B000803F06D1804B1B687F4A43F480331360A0
:1096C0002EE07B685B68002B0CD17B4B1B687A4AD1
:1096D00023F480331360784B1B68774A23F480238C
:1096E00013601DE07B685B68B3F5A02F0CD1724B53
:1096F0001B68714A43F4802313606F4B1B686E4AEA
:1097000043F4803313600BE06B4B1B686A4A23F40D
:1097100080331360684B1B68674A23F4802313600F
:109720007B685B68002B13D0FDF7E8FA386108E02E
:10973000FDF7E4FA02463B69D31A642B01D90323EF
:1097400000E25D4B1B6803F40033002BF0D014E003
:10975000FDF7D4FA386108E0FDF7D0FA02463B691C
:10976000D31A642B01D90323ECE1534B1B6803F498
:109770000033002BF0D100E000BF7B681B6803F0D2
:109780000203002B63D04C4B5B6803F00C03002BEF
:109790000BD0494B5B6803F00C03082B1CD1464BE4
:1097A0005B6803F48033002B16D1434B1B6803F036
:1097B0000203002B05D07B681B69012B01D001231C
:1097C000C0E13D4B1B6823F0F8027B685B69DB005E
:1097D000394913430B603AE07B681B69002B20D0AA
:1097E000364B01221A60FDF789FA386108E0FDF76F
:1097F00085FA02463B69D31A022B01D90323A1E162
:109800002D4B1B6803F00203002BF0D02A4B1B6882
:1098100023F0F8027B685B69DB00274913430B6088
:1098200015E0264B00221A60FDF768FA386108E05F
:10983000FDF764FA02463B69D31A022B01D90323D0
:1098400080E11D4B1B6803F00203002BF0D17B6805
:109850001B6803F00803002B3AD07B689B69002B40
:1098600019D0174B01221A60FDF748FA386108E059
:10987000FDF744FA02463B69D31A022B01D90323B0
:1098800060E10D4B5B6A03F00203002BF0D0012076
:1098900000F0FEFA1CE00A4B00221A60FDF72EFAD7
:1098A00038610FE0FDF72AFA02463B69D31A022B12
:1098B00008D9032346E100BF0010024000004242E5
:1098C00080044242924B5B6A03F00203002BE9D111
:1098D0007B681B6803F00403002B00F0A6800023C4
:1098E000FB758B4BDB6903F08053002B0DD1884B4C
:1098F000DB69874A43F08053D361854BDB6903F012
:109900008053BB60BB680123FB75824B1B6803F46B
:109910008073002B18D17F4B1B687E4A43F4807301
:109920001360FDF7EBF9386108E0FDF7E7F902464F
:109930003B69D31A642B01D9032303E1754B1B68E0
:1099400003F48073002BF0D07B68DB68012B06D119
:109950006F4B1B6A6E4A43F0010313622DE07B6874
:10996000DB68002B0CD16A4B1B6A694A23F00103A8
:109970001362674B1B6A664A23F0040313621CE000
:109980007B68DB68052B0CD1614B1B6A604A43F096
:10999000040313625E4B1B6A5D4A43F001031362CA
:1099A0000BE05B4B1B6A5A4A23F001031362584BCE
:1099B0001B6A574A23F0040313627B68DB68002BA1
:1099C00015D0FDF79BF938610AE0FDF797F90246DB
:1099D0003B69D31A41F28832934201D90323B1E0A3
:1099E0004B4B1B6A03F00203002BEED014E0FDF793
:1099F00085F938610AE0FDF781F902463B69D31A1F
:109A000041F28832934201D903239BE0404B1B6A09
:109A100003F00203002BEED1FB7D012B05D13C4B63
:109A2000DB693B4A23F08053D3617B68DB69002B01
:109A300000F08780364B5B6803F00C03082B61D085
:109A40007B68DB69022B46D1334B00221A60FDF79D
:109A500055F9386108E0FDF751F902463B69D31A20
:109A6000022B01D903236DE0294B1B6803F000731F
:109A7000002BF0D17B681B6AB3F5803F08D1244BE3
:109A80005B6823F400327B689B68214913434B6079
:109A90001F4B5B6823F474127B68196A7B685B6AEE
:109AA0000B431B4913434B601B4B01221A60FDF70C
:109AB00025F9386108E0FDF721F902463B69D31A20
:109AC000022B01D903233DE0114B1B6803F0007307
:109AD000002BF0D035E0104B00221A60FDF70EF994
:109AE000386108E0FDF70AF902463B69D31A022BF8
:109AF00001D9032326E0064B1B6803F00073002BFB
:109B0000F0D11EE07B68DB69012B07D1012319E04E
:109B10000010024000700040600042420B4B5B6846
:109B2000FB60FB6803F480327B681B6A9A4206D1B3
:109B3000FB6803F470127B685B6A9A4201D00123D0
:109B400000E0002318461837BD4680BD00100240D3
:109B500080B584B000AF786039607B68002B01D19C
:109B60000123D0E06A4B1B6803F007033A689A426E
:109B700010D9674B1B6823F0070265493B68134304
:109B80000B60634B1B6803F007033A689A4201D0ED
:109B90000123B8E07B681B6803F00203002B20D090
:109BA0007B681B6803F00403002B05D0594B5B68EE
:109BB000584A43F4E06353607B681B6803F0080372
:109BC000002B05D0534B5B68524A43F460535360FB
:109BD000504B5B6823F0F0027B689B684D49134350
:109BE0004B607B681B6803F00103002B40D07B684F
:109BF0005B68012B07D1474B1B6803F40033002B34
:109C000015D101237FE07B685B68022B07D1414BB4
:109C10001B6803F00073002B09D1012373E03D4B57
:109C20001B6803F00203002B01D101236BE0394BC9
:109C30005B6823F003027B685B68364913434B6023
:109C4000FDF75CF8F8600AE0FDF758F80246FB689B
:109C5000D31A41F28832934201D9032353E02D4BAA
:109C60005B6803F00C027B685B689B009A42EBD157
:109C7000274B1B6803F007033A689A4210D2244B23
:109C80001B6823F0070222493B6813430B60204BFB
:109C90001B6803F007033A689A4201D0012332E0BF
:109CA0007B681B6803F00403002B08D0194B5B682A
:109CB00023F4E0627B68DB68164913434B607B68E2
:109CC0001B6803F00803002B09D0124B5B6823F4D8
:109CD00060527B681B69DB000E4913434B6000F048
:109CE00021F802460B4B5B681B0903F00F030A497E
:109CF000CB5C22FA03F3094A1360094B1B68184630
:109D0000FCF738FE002318461037BD4680BD00BF63
:109D10000020024000100240E43802084C000020FD
:109D20005000002080B487B000AF0023FB60002308
:109D3000BB6000237B6100237B6000233B611E4BE3
:109D40005B68FB60FB6803F00C03042B02D0082B5C
:109D500003D027E0194B3B6127E0FB689B0C03F025
:109D60000F03174AD35C7B60FB6803F48033002B3E
:109D700010D0114B5B685B0C03F00103114AD35CFC
:109D8000BB607B680D4A03FB02F2BB68B2FBF3F3D6
:109D90007B6104E07B680C4A02FB03F37B617B6917
:109DA0003B6102E0054B3B6100BF3B6918461C3735
:109DB000BD4680BC704700BF0010024000127A0010
:109DC000FC3802080C39020800093D0080B400AFDD
:109DD000024B1B681846BD4680BC70474C000020F3
:109DE00080B500AFFFF7F2FF0246054B5B681B0A28
:109DF00003F007030349CB5C22FA03F3184680BD46
:109E000000100240F438020880B500AFFFF7DEFF13
:109E10000246054B5B68DB0A03F007030349CB5C92
:109E200022FA03F3184680BD00100240F4380208FD
:109E300080B483B000AF786039607B680F221A600D
:109E4000114B5B6803F003027B685A600E4B5B6842
:109E500003F0F0027B689A600B4B5B6803F4E062EE
:109E60007B68DA60084B5B68DB0803F4E0627B68C0
:109E70001A61064B1B6803F007023B681A6000BFBB
:109E80000C37BD4680BC70470010024000200240E5
:109E900080B485B000AF78600A4B1B680A4AA2FB09
:109EA00003235B0A7A6802FB03F3FB6000BFFB68D5
:109EB0005A1EFA60002BF9D100BF00BF1437BD460F
:109EC00080BC70474C000020D34D621080B588B034
:109ED00000AF786000237B610023FB6100233B61BE
:109EE0000023FB600023BB617B68013B0F2B00F26A
:109EF000AF8001A252F823F0CF9F010835A00108DE
:109F000051A00108BF9F010851A0010851A00108FC
:109F100051A00108C79F010851A0010851A00108E4
:109F200051A0010851A0010851A0010851A0010849
:109F300051A00108399F01084A4B5B68FB60494BFF
:109F40001B6803F08073002B00F08480FB689B0C7F
:109F500003F00F03444AD35C3B61FB6803F4803396
:109F6000002B15D03F4B5B685B0C03F001033F4AAD
:109F7000D35C7B61FB6803F48033002B0DD03C4A3B
:109F80007B69B2FBF3F23B6902FB03F3FB6104E084
:109F90003B69384A02FB03F3FB61324B5B6803F415
:109FA0008003B3F5800F02D1FB69BB6152E0FB690E
:109FB0005B00314AA2FB03235B08BB614AE0FFF769
:109FC000B1FEB86149E0FFF7ADFEB86145E0254B51
:109FD0001B6AFB60FB6803F44073B3F5807F08D114
:109FE000FB6803F00203002B03D04FF40043BB6176
:109FF0001FE0FB6803F44073B3F5007F09D1194BF0
:10A000005B6A03F00203002B03D049F64043BB61B7
:10A010000FE0FB6803F44073B3F5407F1CD1114B94
:10A020001B6803F40033002B16D04FF22443BB61AE
:10A0300012E011E0FFF7E8FE02460A4B5B689B0B5B
:10A0400003F0030301335B00B2FBF3F3BB6104E0F5
:10A0500000BF02E000BF00E000BFBB691846203728
:10A06000BD4680BD001002401039020820390208A8
:10A0700000127A0000093D00ABAAAAAA80B582B0FE
:10A0800000AF78607B68002B01D1012341E07B6841
:10A0900093F83D30DBB2002B06D17B68002283F8B9
:10A0A0003C207868FBF7BAFC7B68022283F83D20ED
:10A0B0007B681A687B6804331946104600F01AFE64
:10A0C0007B68012283F846207B68012283F83E20CA
:10A0D0007B68012283F83F207B68012283F84020BF
:10A0E0007B68012283F841207B68012283F84220AB
:10A0F0007B68012283F843207B68012283F8442097
:10A100007B68012283F845207B68012283F83D208B
:10A11000002318460837BD4680BD80B483B000AF29
:10A1200078607B681B681A6A41F211131340002B98
:10A130000FD17B681B681A6A40F244431340002B1E
:10A1400007D17B681B681A687B681B6822F00102D4
:10A150001A607B68012283F83D20002318460C37E3
:10A16000BD4680BC7047000080B485B000AF786009
:10A170007B6893F83D30DBB2012B01D0012344E032
:10A180007B68022283F83D207B681B68DA687B6865
:10A190001B6842F00102DA607B681B681D4A93422B
:10A1A00018D07B681B681C4A934213D07B681B68DD
:10A1B000B3F1804F0ED07B681B68184A934209D0D8
:10A1C0007B681B68164A934204D07B681B68154A5B
:10A1D000934211D17B681B689B6803F00703FB6007
:10A1E000FB68062B10D07B681B681A687B681B68AD
:10A1F00042F001021A6007E07B681B681A687B68FE
:10A200001B6842F001021A60002318461437BD464D
:10A2100080BC7047002C0140003401400004004025
:10A2200000080040000C004080B582B000AF7860AC
:10A230007B68002B01D1012341E07B6893F83D301E
:10A24000DBB2002B06D17B68002283F83C207868C3
:10A25000FBF7AAFB7B68022283F83D207B681A6823
:10A260007B6804331946104600F044FD7B680122E8
:10A2700083F846207B68012283F83E207B68012218
:10A2800083F83F207B68012283F840207B6801220D
:10A2900083F841207B68012283F842207B680122F9
:10A2A00083F843207B68012283F844207B680122E5
:10A2B00083F845207B68012283F83D20002318465F
:10A2C0000837BD4680BD000080B584B000AF78601F
:10A2D00039603B68002B09D17B6893F83E30DBB2D4
:10A2E000012B14BF01230023DBB222E03B68042BC7
:10A2F00009D17B6893F83F30DBB2012B14BF0123F7
:10A300000023DBB215E03B68082B09D17B6893F88A
:10A310004030DBB2012B14BF01230023DBB208E085
:10A320007B6893F84130DBB2012B14BF012300237B
:10A33000DBB2002B01D0012372E03B68002B04D17B
:10A340007B68022283F83E2013E03B68042B04D193
:10A350007B68022283F83F200BE03B68082B04D186
:10A360007B68022283F8402003E07B68022283F8A6
:10A3700041207B681B6801223968184600F0F9FF0C
:10A380007B681B68284A934204D07B681B68274A75
:10A39000934201D1012300E00023002B07D07B680A
:10A3A0001B685A6C7B681B6842F400425A647B68E5
:10A3B0001B681D4A934218D07B681B681B4A934256
:10A3C00013D07B681B68B3F1804F0ED07B681B688D
:10A3D000174A934209D07B681B68164A934204D0FF
:10A3E0007B681B68144A934211D17B681B689B6889
:10A3F00003F00703FB60FB68062B10D07B681B682B
:10A400001A687B681B6842F001021A6007E07B68EB
:10A410001B681A687B681B6842F001021A600023FF
:10A4200018461037BD4680BD002C01400034014065
:10A430000004004000080040000C004080B582B0DD
:10A4400000AF786039607B681B6800223968184665
:10A4500000F08FFF7B681B682E4A934204D07B6814
:10A460001B682D4A934201D1012300E00023002BF9
:10A4700017D07B681B681A6A41F211131340002B36
:10A480000FD17B681B681A6A40F244431340002BCB
:10A4900007D17B681B685A6C7B681B6822F40042FA
:10A4A0005A647B681B681A6A41F211131340002B2F
:10A4B0000FD17B681B681A6A40F244431340002B9B
:10A4C00007D17B681B681A687B681B6822F0010251
:10A4D0001A603B68002B04D17B68012283F83E2080
:10A4E00013E03B68042B04D17B68012283F83F20F2
:10A4F0000BE03B68082B04D17B68012283F84020E5
:10A5000003E07B68012283F84120002318460837C6
:10A51000BD4680BD002C01400034014080B582B0B2
:10A5200000AF78607B68002B01D1012341E07B689C
:10A5300093F83D30DBB2002B06D17B68002283F814
:10A540003C207868FBF7A2F97B68022283F83D2063
:10A550007B681A687B6804331946104600F0CAFB12
:10A560007B68012283F846207B68012283F83E2025
:10A570007B68012283F83F207B68012283F840201A
:10A580007B68012283F841207B68012283F8422006
:10A590007B68012283F843207B68012283F84420F2
:10A5A0007B68012283F845207B68012283F83D20E7
:10A5B000002318460837BD4680BD000080B584B032
:10A5C00000AF786039600023FB733B68002B04D137
:10A5D0007B6893F83E30DBB213E03B68042B04D178
:10A5E0007B6893F83F30DBB20BE03B68082B04D16B
:10A5F0007B6893F84030DBB203E07B6893F841302E
:10A60000DBB2BB733B68002B04D17B6893F842300C
:10A61000DBB213E03B68042B04D17B6893F8433032
:10A62000DBB20BE03B68082B04D17B6893F8443025
:10A63000DBB203E07B6893F84530DBB27B73BB7B16
:10A64000012B02D17B7B012B01D00123C2E03B68AF
:10A65000002B04D17B68022283F83E2013E03B6884
:10A66000042B04D17B68022283F83F200BE03B6877
:10A67000082B04D17B68022283F8402003E07B682A
:10A68000022283F841203B68002B04D17B68022220
:10A6900083F8422013E03B68042B04D17B6802223C
:10A6A00083F843200BE03B68082B04D17B6802222F
:10A6B00083F8442003E07B68022283F845203B684E
:10A6C0000C2B41D801A252F823F000BF01A70108CA
:10A6D00049A7010849A7010849A7010813A70108CC
:10A6E00049A7010849A7010849A7010825A70108AA
:10A6F00049A7010849A7010849A7010837A7010888
:10A700007B681B68DA687B681B6842F00202DA60CB
:10A710001DE07B681B68DA687B681B6842F00402F6
:10A72000DA6014E07B681B68DA687B681B6842F0BB
:10A730000802DA600BE07B681B68DA687B681B68DC
:10A7400042F01002DA6002E00123FB7300BFFB7BE2
:10A75000002B3ED17B681B6801223968184600F047
:10A7600008FE7B681B681D4A934218D07B681B68F3
:10A770001B4A934213D07B681B68B3F1804F0ED005
:10A780007B681B68174A934209D07B681B68164A8E
:10A79000934204D07B681B68144A934211D17B68B2
:10A7A0001B689B6803F00703BB60BB68062B10D0D7
:10A7B0007B681B681A687B681B6842F001021A609C
:10A7C00007E07B681B681A687B681B6842F001021F
:10A7D0001A60FB7B18461037BD4680BD002C014037
:10A7E000003401400004004000080040000C00401C
:10A7F00080B582B000AF78607B681B681B6903F08E
:10A800000203022B22D17B681B68DB6803F0020382
:10A81000022B1BD17B681B686FF002021A617B68F8
:10A8200001221A777B681B689B6903F00303002BE6
:10A8300003D07868F8F79EFA05E0786800F03EFAF1
:10A84000786800F044FA7B6800221A777B681B68FE
:10A850001B6903F00403042B22D17B681B68DB68AF
:10A8600003F00403042B1BD17B681B686FF0040208
:10A870001A617B6802221A777B681B689B6903F464
:10A880004073002B03D07868F8F774FA05E0786815
:10A8900000F014FA786800F01AFA7B6800221A7740
:10A8A0007B681B681B6903F00803082B22D17B68B7
:10A8B0001B68DB6803F00803082B1BD17B681B684F
:10A8C0006FF008021A617B6804221A777B681B68A4
:10A8D000DB6903F00303002B03D07868F8F74AFA2A
:10A8E00005E0786800F0EAF9786800F0F0F97B6834
:10A8F00000221A777B681B681B6903F01003102B7A
:10A9000022D17B681B68DB6803F01003102B1BD17E
:10A910007B681B686FF010021A617B6808221A7747
:10A920007B681B68DB6903F44073002B03D07868F5
:10A93000F8F720FA05E0786800F0C0F9786800F0D0
:10A94000C6F97B6800221A777B681B681B6903F0D5
:10A950000103012B0ED17B681B68DB6803F0010348
:10A96000012B07D17B681B686FF001021A617868C0
:10A97000F9F7C6FF7B681B681B6903F08003802B17
:10A980000ED17B681B68DB6803F08003802B07D146
:10A990007B681B686FF080021A61786800F0D4FD54
:10A9A0007B681B681B6903F04003402B0ED17B685A
:10A9B0001B68DB6803F04003402B07D17B681B68F2
:10A9C0006FF040021A61786800F08AF97B681B68B2
:10A9D0001B6903F02003202B0ED17B681B68DB680A
:10A9E00003F02003202B07D17B681B686FF0200247
:10A9F0001A61786800F09FFD00BF0837BD4680BD32
:10AA000080B586B000AFF860B9607A600023FB754E
:10AA1000FB6893F83C30012B01D1022388E0FB68EE
:10AA2000012283F83C207B68002B1BD1FB6818684F
:10AA3000BB681968BB685A68BB68DB6800F080FBBC
:10AA4000FB681B689A69FB681B6822F00C029A611C
:10AA5000FB681B689969BB689A68FB681B680A43B6
:10AA60009A6160E07B68042B1CD1FB681868BB68A6
:10AA70001968BB685A68BB68DB6800F0C7FBFB68F5
:10AA80001B689A69FB681B6822F440629A61FB6844
:10AA90001B689969BB689B681A02FB681B680A43BC
:10AAA0009A6140E07B68082B1BD1FB681868BB6883
:10AAB0001968BB685A68BB68DB6800F0E3FBFB6899
:10AAC0001B68DA69FB681B6822F00C02DA61FB681C
:10AAD0001B68D969BB689A68FB681B680A43DA611E
:10AAE00021E07B680C2B1CD1FB681868BB681968D7
:10AAF000BB685A68BB68DB6800F0FFFBFB681B683B
:10AB0000DA69FB681B6822F44062DA61FB681B6843
:10AB1000D969BB689B681A02FB681B680A43DA6143
:10AB200001E00123FB75FB68002283F83C20FB7DDC
:10AB300018461837BD4680BD80B586B000AFF860B6
:10AB4000B9607A600023FB75FB6893F83C30012BF9
:10AB500001D10223AEE0FB68012283F83C207B6830
:10AB60000C2B00F29F8001A252F823F0A1AB010848
:10AB7000A5AC0108A5AC0108A5AC0108E1AB010832
:10AB8000A5AC0108A5AC0108A5AC010823AC0108DF
:10AB9000A5AC0108A5AC0108A5AC010863AC01088F
:10ABA000FB681B68B968184600F01EF9FB681B6853
:10ABB0009A69FB681B6842F008029A61FB681B688F
:10ABC0009A69FB681B6822F004029A61FB681B68A3
:10ABD0009969BB681A69FB681B680A439A6164E05B
:10ABE000FB681B68B968184600F06EF9FB681B68C3
:10ABF0009A69FB681B6842F400629A61FB681B68F3
:10AC00009A69FB681B6822F480629A61FB681B6882
:10AC10009969BB681B691A02FB681B680A439A6141
:10AC200043E0FB681B68B968184600F0C1F9FB688F
:10AC30001B68DA69FB681B6842F00802DA61FB688E
:10AC40001B68DA69FB681B6822F00402DA61FB68A2
:10AC50001B68D969BB681A69FB681B680A43DA611B
:10AC600023E0FB681B68B968184600F015FAFB681A
:10AC70001B68DA69FB681B6842F40062DA61FB68F2
:10AC80001B68DA69FB681B6822F48062DA61FB6882
:10AC90001B68D969BB681B691A02FB681B680A43F9
:10ACA000DA6102E00123FB7500BFFB68002283F834
:10ACB0003C20FB7D18461837BD4680BD80B483B06C
:10ACC00000AF786000BF0C37BD4680BC704780B4D1
:10ACD00083B000AF786000BF0C37BD4680BC7047C2
:10ACE00080B483B000AF786000BF0C37BD4680BC35
:10ACF0007047000080B485B000AF786039607B6831
:10AD00001B68FB607B68334A934213D07B68324AEE
:10AD100093420FD07B68B3F1804F0BD07B682F4AF2
:10AD2000934207D07B682E4A934203D07B682D4A1A
:10AD3000934208D1FB6823F07003FB603B685B68BB
:10AD4000FA681343FB607B68224A934213D07B6806
:10AD5000214A93420FD07B68B3F1804F0BD07B68C0
:10AD60001E4A934207D07B681D4A934203D07B68FA
:10AD70001C4A934208D1FB6823F44073FB603B6894
:10AD8000DB68FA681343FB60FB6823F080023B68D2
:10AD90005B691343FB607B68FA681A603B689A68DA
:10ADA0007B68DA623B681A687B689A627B68094A4A
:10ADB000934203D07B68084A934203D13B681A69E7
:10ADC0007B681A637B6801225A6100BF1437BD4655
:10ADD00080BC7047002C014000340140000400405A
:10ADE00000080040000C004080B487B000AF7860DD
:10ADF00039607B681B6A7B617B681B6A23F00102F8
:10AE00007B681A627B685B683B617B689B69FB605F
:10AE1000FB6823F07003FB60FB6823F00303FB6017
:10AE20003B681B68FA681343FB607B6923F00203ED
:10AE30007B613B689B687A6913437B617B68204A2E
:10AE4000934203D07B681F4A93420CD17B6923F065
:10AE500008037B613B68DB687A6913437B617B692C
:10AE600023F004037B617B68154A934203D07B681F
:10AE7000144A934211D13B6923F480733B613B69CF
:10AE800023F400733B613B685B693A6913433B61A0
:10AE90003B689B693A6913433B617B683A695A6036
:10AEA0007B68FA689A613B685A687B685A637B687A
:10AEB0007A691A6200BF1C37BD4680BC704700BF6C
:10AEC000002C01400034014080B487B000AF7860AE
:10AED00039607B681B6A7B617B681B6A23F0100208
:10AEE0007B681A627B685B683B617B689B69FB607F
:10AEF000FB6823F4E043FB60FB6823F44073FB60D2
:10AF00003B681B681B02FA681343FB607B6923F0F4
:10AF100020037B613B689B681B017A6913437B615B
:10AF20007B68214A934203D07B68204A93420DD12B
:10AF30007B6923F080037B613B68DB681B017A69D6
:10AF400013437B617B6923F040037B617B68164A76
:10AF5000934203D07B68154A934213D13B6923F493
:10AF600080633B613B6923F400633B613B685B6941
:10AF70009B003A6913433B613B689B699B003A69BC
:10AF800013433B617B683A695A607B68FA689A614F
:10AF90003B685A687B689A637B687A691A6200BF6B
:10AFA0001C37BD4680BC7047002C01400034014076
:10AFB00080B487B000AF786039607B681B6A7B61C2
:10AFC0007B681B6A23F480727B681A627B685B680B
:10AFD0003B617B68DB69FB60FB6823F07003FB600F
:10AFE000FB6823F00303FB603B681B68FA681343AC
:10AFF000FB607B6923F400737B613B689B681B02E9
:10B000007A6913437B617B68214A934203D07B6852
:10B01000204A93420DD17B6923F400637B613B6836
:10B02000DB681B027A6913437B617B6923F48063CD
:10B030007B617B68164A934203D07B68154A934232
:10B0400013D13B6923F480533B613B6923F40053E4
:10B050003B613B685B691B013A6913433B613B6899
:10B060009B691B013A6913433B617B683A695A60EB
:10B070007B68FA68DA613B685A687B68DA637B68E8
:10B080007A691A6200BF1C37BD4680BC704700BF9A
:10B09000002C01400034014080B487B000AF7860DC
:10B0A00039607B681B6A3B617B681B6A23F48052B2
:10B0B0007B681A627B685B687B617B68DB69FB602D
:10B0C000FB6823F4E043FB60FB6823F44073FB6000
:10B0D0003B681B681B02FA681343FB603B6923F45F
:10B0E00000533B613B689B681B033A6913433B6118
:10B0F0007B68114A934203D07B68104A934209D17E
:10B100007B6923F480437B613B685B699B017A69BF
:10B1100013437B617B687A695A607B68FA68DA61FD
:10B120003B685A687B681A647B683A691A6200BF98
:10B130001C37BD4680BC7047002C014000340140E4
:10B1400080B487B000AFF860B9607A603B60FB689C
:10B150001B6A3B61FB681B6A23F00102FB681A62F1
:10B16000FB689B697B61FB68234A934213D0FB68B1
:10B17000224A93420FD0FB68B3F1804F0BD0FB689B
:10B180001F4A934207D0FB681E4A934203D0FB68D4
:10B190001D4A934201D1012300E00023002B08D077
:10B1A0007B6923F003037B617A697B6813437B61CE
:10B1B00003E07B6943F001037B617B6923F0F003CB
:10B1C0007B613B681B01DBB27A6913437B613B699E
:10B1D00023F00A033B61BB6803F00A033A69134397
:10B1E0003B61FB687A699A61FB683A691A6200BF41
:10B1F0001C37BD4680BC7047002C01400034014024
:10B200000004004000080040000C004080B487B0FB
:10B2100000AFF860B9607A603B60FB681B6A7B61D5
:10B22000FB681B6A23F01002FB681A62FB689B69CB
:10B230003B613B6923F440733B617B681B023A69C5
:10B2400013433B613B6923F470433B613B681B0341
:10B250009BB23A6913433B617B6923F0A0037B6196
:10B26000BB681B0103F0A0037A6913437B61FB6891
:10B270003A699A61FB687A691A6200BF1C37BD4659
:10B2800080BC704780B487B000AFF860B9607A6066
:10B290003B60FB681B6A7B61FB681B6A23F480725E
:10B2A000FB681A62FB68DB693B613B6923F00303BF
:10B2B0003B613A697B6813433B613B6923F0F003D0
:10B2C0003B613B681B01DBB23A6913433B617B691D
:10B2D00023F400737B61BB681B0203F400737A697B
:10B2E00013437B61FB683A69DA61FB687A691A6229
:10B2F00000BF1C37BD4680BC704780B487B000AF2C
:10B30000F860B9607A603B60FB681B6A7B61FB6830
:10B310001B6A23F48052FB681A62FB68DB693B619D
:10B320003B6923F440733B617B681B023A6913431A
:10B330003B613B6923F470433B613B681B039BB259
:10B340003A6913433B617B6923F400537B61BB681B
:10B350001B0303F400537A6913437B61FB683A696A
:10B36000DA61FB687A691A6200BF1C37BD4680BC8F
:10B37000704780B487B000AFF860B9607A60BB688E
:10B3800003F01F03012202FA03F37B61FB681A6AD0
:10B390007B69DB431A40FB681A62FB681A6ABB6868
:10B3A00003F01F03796801FA03F31A43FB681A627A
:10B3B00000BF1C37BD4680BC7047000080B485B01C
:10B3C00000AF786039607B6893F83C30012B01D185
:10B3D000022350E07B68012283F83C207B68022234
:10B3E00083F83D207B681B685B68FB607B681B689B
:10B3F0009B68BB60FB6823F07003FB603B681B68C5
:10B40000FA681343FB607B681B68FA685A607B68C4
:10B410001B681B4A934218D07B681B68194A9342E9
:10B4200013D07B681B68B3F1804F0ED07B681B681C
:10B43000154A934209D07B681B68144A934204D092
:10B440007B681B68124A93420CD1BB6823F08003CF
:10B45000BB603B685B68BA681343BB607B681B6872
:10B46000BA689A607B68012283F83D207B680022DD
:10B4700083F83C20002318461437BD4680BC704733
:10B48000002C01400034014000040040000800404E
:10B49000000C004080B485B000AF786039600023B4
:10B4A000FB607B6893F83C30012B01D102233DE027
:10B4B0007B68012283F83C20FB6823F0FF023B6895
:10B4C000DB681343FB60FB6823F440723B689B68B6
:10B4D0001343FB60FB6823F480623B685B681343A3
:10B4E000FB60FB6823F400623B681B681343FB604E
:10B4F000FB6823F480523B681B691343FB60FB68C5
:10B5000023F400523B685B691343FB60FB6823F440
:10B5100080423B68DB691343FB607B681B68FA6809
:10B520005A647B68002283F83C20002318461437B5
:10B53000BD4680BC704780B483B000AF786000BF68
:10B540000C37BD4680BC704780B483B000AF7860D4
:10B5500000BF0C37BD4680BC704780B582B000AFDD
:10B5600078607B68002B01D1012342E07B6893F86F
:10B570004130DBB2002B06D17B68002283F84020EB
:10B580007868FAF765FB7B68242283F841207B68A2
:10B590001B68DA687B681B6822F40052DA607868FE
:10B5A00000F04EFE7B681B681A697B681B6822F4FA
:10B5B00090421A617B681B685A697B681B6822F09D
:10B5C0002A025A617B681B68DA687B681B6842F450
:10B5D0000052DA607B6800225A647B68202283F87C
:10B5E00041207B68202283F842207B6800225A6336
:10B5F000002318460837BD4680BD80B485B000AF33
:10B60000F860B9601346FB80FB6893F84130DBB209
:10B61000202B21D1BB68002B02D0FB88002B01D14D
:10B6200001231AE0FB68BA681A62FB68FA889A84F8
:10B63000FB68FA88DA84FB6800225A64FB682122DE
:10B6400083F84120FB681B68DA68FB681B6842F0DE
:10B650008002DA60002300E0022318461437BD465A
:10B6600080BC704780B584B000AFF860B960134605
:10B67000FB80FB6893F84230DBB2202B12D1BB6811
:10B68000002B02D0FB88002B01D101230BE0FB68CB
:10B6900000221A63FB881A46B968F86800F0E3FBD9
:10B6A000034600E0022318461037BD4680BD000067
:10B6B00080B59AB000AF78607B681B680C33BB64C0
:10B6C000BB6C53E8003F7B647B6C23F490737B6618
:10B6D0007B681B680C337A6E7A653B65396D7A6DD1
:10B6E00041E80023FB64FB6C002BE5D17B681B6801
:10B6F00014337B637B6B53E8003F3B633B6B23F06E
:10B7000001033B667B681B6814333A6E3A64FB6343
:10B71000F96B3A6C41E80023BB63BB6B002BE5D1AE
:10B720007B681B6B012B19D17B681B680C333B6258
:10B730003B6A53E8003FFB61FB6923F01003FB65A4
:10B740007B681B680C33FA6DFA62BB62B96AFA6AED
:10B7500041E800237B627B6A002BE5D17B681B6894
:10B760005B6903F04003002B3FD07B681B681433F8
:10B77000FB60FB6853E8003FBB60BB6823F04003FD
:10B78000BB657B681B681433BA6DBA617B617969EC
:10B79000BA6941E800233B613B69002BE5D17B6836
:10B7A000DB6B002B13D07B68DB6B194A5A637B6819
:10B7B000DB6B1846FBF7EAFB0346002B22D07B68C5
:10B7C000DB6B5B6B7A68D26B104698471AE07B683C
:10B7D0000022DA857B68202283F842207B680022E1
:10B7E0001A63786800F0A8FA0CE07B680022DA851A
:10B7F0007B68202283F842207B6800221A637868E5
:10B8000000F09AFA002318466837BD4680BD00BF95
:10B81000C5BF010880B5BAB000AF78607B681B680F
:10B820001B68C7F8E4307B681B68DB68C7F8E0304A
:10B830007B681B685B69C7F8DC300023C7F8D83029
:10B840000023C7F8D430D7F8E43003F00F03C7F86B
:10B85000D830D7F8D830002B0FD1D7F8E43003F028
:10B860002003002B09D0D7F8E03003F02003002B91
:10B8700003D0786800F025FC5BE2D7F8D830002BC5
:10B8800000F0DE80D7F8DC3003F00103002B06D196
:10B89000D7F8E03003F49073002B00F0D180D7F894
:10B8A000E43003F00103002B0BD0D7F8E03003F4B1
:10B8B0008073002B05D07B685B6C43F001027B68D2
:10B8C0005A64D7F8E43003F00403002B0BD0D7F808
:10B8D000DC3003F00103002B05D07B685B6C43F088
:10B8E00002027B685A64D7F8E43003F00203002BAD
:10B8F0000BD0D7F8DC3003F00103002B05D07B68B8
:10B900005B6C43F004027B685A64D7F8E43003F0C0
:10B910000803002B11D0D7F8E03003F02003002BF0
:10B9200005D1D7F8DC3003F00103002B05D07B688C
:10B930005B6C43F008027B685A647B685B6C002B8D
:10B9400000F0F281D7F8E43003F02003002B08D098
:10B95000D7F8E03003F02003002B02D0786800F025
:10B96000B0FB7B681B685B6903F04003002B14BFCE
:10B9700001230023DBB2C7F8D4307B685B6C03F093
:10B980000803002B03D1D7F8D430002B4FD07868B0
:10B9900000F0A2FA7B681B685B6903F04003002B90
:10B9A00041D07B681B681433C7F89C30D7F89C30B3
:10B9B00053E8003FC7F89830D7F8983023F0400399
:10B9C000C7F8D0307B681B681433D7F8D020C7F88D
:10B9D000A820C7F8A430D7F8A410D7F8A82041E8C9
:10B9E0000023C7F8A030D7F8A030002BD9D17B684E
:10B9F000DB6B002B13D07B68DB6B7E4A5A637B6862
:10BA0000DB6B1846FBF7C2FA0346002B16D07B68A7
:10BA1000DB6B5B6B7A68D26B104698470EE07868F8
:10BA200005F04AFD0AE0786805F046FD06E0786812
:10BA300005F042FD7B6800225A6475E100BF73E1A6
:10BA40007B681B6B012B40F04F81D7F8E43003F08B
:10BA50001003002B00F04881D7F8E03003F010030A
:10BA6000002B00F041810023BB607B681B681B68D2
:10BA7000BB607B681B685B68BB60BB687B681B68DE
:10BA80005B6903F04003002B00F0B6807B68DB6B42
:10BA90001B685B68A7F8BE30B7F8BE30002B00F01B
:10BAA00045817B689B8DB7F8BE209A4280F03E812D
:10BAB0007B68B7F8BE20DA857B68DB6B9B69202B3F
:10BAC00000F088807B681B680C33C7F88830D7F893
:10BAD000883053E8003FC7F88430D7F8843023F427
:10BAE0008073C7F8B8307B681B680C33D7F8B82070
:10BAF000C7F89420C7F89030D7F89010D7F8942062
:10BB000041E80023C7F88C30D7F88C30002BD9D10E
:10BB10007B681B6814337B677B6F53E8003F3B6790
:10BB20003B6F23F00103C7F8B4307B681B68143304
:10BB3000D7F8B420C7F88020FB67F96FD7F88020CA
:10BB400041E80023BB67BB6F002BE1D17B681B681A
:10BB500014333B663B6E53E8003FFB65FB6D23F0FF
:10BB60004003C7F8B0307B681B681433D7F8B020A7
:10BB7000FA66BB66B96EFA6E41E800237B667B6E9F
:10BB8000002BE3D17B68202283F842207B680022CF
:10BB90001A637B681B680C33FB64FB6C53E8003F43
:10BBA000BB64BB6C23F01003C7F8AC307B681B6828
:10BBB0000C33D7F8AC20BA657B65796DBA6D41E876
:10BBC00000233B653B6D002BE3D17B68DB6B1846A4
:10BBD000FBF7A1F97B6802225A637B689A8D7B6828
:10BBE000DB8D9BB2D31A9BB21946786800F0ADF892
:10BBF0009CE000BF9DBF01087B689A8D7B68DB8D50
:10BC00009BB2D31AA7F8CE307B68DB8D9BB2002B9A
:10BC100000F08E80B7F8CE30002B00F089807B6872
:10BC20001B680C33BB63BB6B53E8003F7B637B6BD0
:10BC300023F49073C7F8C8307B681B680C33D7F8BF
:10BC4000C8207A643B64396C7A6C41E80023FB635A
:10BC5000FB6B002BE3D17B681B6814337B627B6A30
:10BC600053E8003F3B623B6A23F00103C7F8C4304E
:10BC70007B681B681433D7F8C4203A63FB62F96A07
:10BC80003A6B41E80023BB62BB6A002BE3D17B68BF
:10BC9000202283F842207B6800221A637B681B689D
:10BCA0000C333B613B6953E8003FFB60FB6823F0CA
:10BCB0001003C7F8C0307B681B680C33D7F8C0206E
:10BCC000FA61BB61B969FA6941E800237B617B696C
:10BCD000002BE3D17B6802225A63B7F8CE301946B5
:10BCE000786800F032F823E0D7F8E43003F08003FE
:10BCF000002B09D0D7F8E03003F08003002B03D0ED
:10BD0000786800F077F914E0D7F8E43003F04003E6
:10BD1000002B0ED0D7F8E03003F04003002B08D002
:10BD2000786800F0B6F904E000BF02E000BF00E070
:10BD300000BFE837BD4680BD80B483B000AF7860F7
:10BD400000BF0C37BD4680BC704780B483B000AFE5
:10BD500078600B467B8000BF0C37BD4680BC7047C7
:10BD600080B485B000AF78600023FB607B6893F8F7
:10BD70004030012B01D1022320E07B68012283F8AF
:10BD800040207B68242283F841207B681B68DB68A5
:10BD9000FB60FB6823F00C03FB60FB6843F00803C7
:10BDA000FB607B681B68FA68DA607B68202283F896
:10BDB00041207B68002283F8402000231846143776
:10BDC000BD4680BC704780B485B000AF786000236A
:10BDD000FB607B6893F84030012B01D1022320E007
:10BDE0007B68012283F840207B68242283F841206D
:10BDF0007B681B68DB68FB60FB6823F00C03FB605F
:10BE0000FB6843F00403FB607B681B68FA68DA6038
:10BE10007B68202283F841207B68002283F8402041
:10BE2000002318461437BD4680BC704780B485B0E7
:10BE300000AF78600023FB600023BB607B6893F851
:10BE40004130DBB2FB607B6893F84230DBB2BB6011
:10BE5000FB68DAB2BB68DBB21343DBB218461437B7
:10BE6000BD4680BC704780B485B000AFF860B96053
:10BE70001346FB80FB68BA689A62FB68FA889A8569
:10BE8000FB68FA88DA85FB6800225A64FB68222284
:10BE900083F84220FB681B69002B07D0FB681B68F6
:10BEA000DA68FB681B6842F48072DA60FB681B6822
:10BEB0005A69FB681B6842F001025A61FB681B6803
:10BEC000DA68FB681B6842F02002DA60002318463B
:10BED0001437BD4680BC704780B495B000AF786021
:10BEE0007B681B680C337B637B6B53E8003F3B63D1
:10BEF0003B6B23F49073FB647B681B680C33FA6C18
:10BF00003A64FB63F96B3A6C41E80023BB63BB6B9B
:10BF1000002BE5D17B681B6814333B623B6A53E816
:10BF2000003FFB61FB6923F00103BB647B681B6876
:10BF30001433BA6CFA62BB62B96AFA6A41E8002348
:10BF40007B627B6A002BE5D17B681B6B012B19D1CF
:10BF50007B681B680C33FB60FB6853E8003FBB60E9
:10BF6000BB6823F010037B647B681B680C337A6C1E
:10BF7000BA617B617969BA6941E800233B613B6939
:10BF8000002BE5D17B68202283F842207B680022C9
:10BF90001A6300BF5437BD4680BC704780B584B07B
:10BFA00000AF78607B685B6AFB60FB680022DA8523
:10BFB000FB680022DA84F86805F07EFA00BF1037CB
:10BFC000BD4680BD80B584B000AF78607B685B6A99
:10BFD000FB60FB680022DA85FB68202283F84220A0
:10BFE000FB6800221A63F868FFF7A6FE00BF10374F
:10BFF000BD4680BD80B485B000AF78607B6893F8A3
:10C000004130DBB2212B3ED17B689B68B3F5805F6A
:10C0100014D17B681B69002B10D17B681B6AFB6005
:10C02000FB681B881A467B681B68C2F308025A60CB
:10C030007B681B6A9A1C7B681A6208E07B681B6A33
:10C04000591C7A6811621A787B681B685A607B6891
:10C05000DB8C9BB2013B9BB27A681946D184002BE2
:10C060000FD17B681B68DA687B681B6822F080024E
:10C07000DA607B681B68DA687B681B6842F0400204
:10C08000DA60002300E0022318461437BD4680BC66
:10C09000704780B582B000AF78607B681B68DA6853
:10C0A0007B681B6822F04002DA607B68202283F8FC
:10C0B0004120786805F058F9002318460837BD4636
:10C0C00080BD80B58CB000AF78607B6893F842305B
:10C0D000DBB2222B40F0AE807B689B68B3F5805FBB
:10C0E00017D17B681B69002B13D10023FB627B688F
:10C0F0009B6ABB627B681B685B689BB2C3F30803E7
:10C100009AB2BB6A1A807B689B6A9A1C7B689A62A7
:10C1100026E07B689B6AFB620023BB627B689B68AE
:10C12000B3F5805F07D07B689B68002B0AD17B68E2
:10C130001B69002B06D17B681B685B68DAB2FB6A5F
:10C140001A7008E07B681B685B68DBB203F07F0352
:10C15000DAB2FB6A1A707B689B6A5A1C7B689A6227
:10C160007B68DB8D9BB2013B9BB27A681946D18517
:10C17000002B5DD17B681B68DA687B681B6822F046
:10C180002002DA607B681B68DA687B681B6822F42F
:10C190008072DA607B681B685A697B681B6822F0D2
:10C1A00001025A617B68202283F842207B680022CA
:10C1B0005A637B681B6B012B35D17B6800221A63A5
:10C1C0007B681B680C337B617B6953E8003F3B61F4
:10C1D0003B6923F010037B627B681B680C337A6A2F
:10C1E0003A62FB61F9693A6A41E80023BB61BB69C5
:10C1F000002BE5D17B681B681B6803F01003102B34
:10C200000AD10023FB607B681B681B68FB607B68AE
:10C210001B685B68FB60FB687B689B8D19467868D0
:10C22000FFF793FD02E0786805F0DCF8002302E0F8
:10C23000002300E0022318463037BD4680BD0000D1
:10C2400080B584B000AF78607B681B681B6923F4FD
:10C2500040517B68DA687B681B680A431A617B6817
:10C260009A687B681B691A437B685B691343BB60F0
:10C270007B681B68DB6823F4B05323F00C037A68F7
:10C280001268B9680B43D3607B681B685B6923F451
:10C2900040717B689A697B681B680A435A617B68B6
:10C2A0001B682C4A934203D1FDF7AEFDF86002E013
:10C2B000FDF796FDF860FA6813469B0013449A0058
:10C2C0001A447B685B689B00B2FBF3F3224AA2FB33
:10C2D00003235B091901FA6813469B0013449A0073
:10C2E0001A447B685B689B00B2FBF3F21A4BA3FB1A
:10C2F00002035B09642000FB03F3D31A1B013233F2
:10C30000154AA2FB03235B0903F0F0031944FA6802
:10C3100013469B0013449A001A447B685B689B0099
:10C32000B2FBF3F20C4BA3FB02035B09642000FB9E
:10C3300003F3D31A1B013233074AA2FB03235B0921
:10C3400003F00F027B681B680A449A6000BF103735
:10C35000BD4680BD003801401F85EB5180B485B0DB
:10C3600000AFEFF30583BB60BB68002B0FD1EFF389
:10C3700010837B607B68002B09D1104B1B68022B5C
:10C3800009D1EFF311833B603B68002B03D06FF0C2
:10C390000503FB600CE0094B1B68002B05D1074B24
:10C3A00001221A600023FB6002E04FF0FF33FB60C4
:10C3B000FB6818461437BD4680BC704798090020BA
:10C3C00080B584B000AFEFF30583BB60BB68002B82
:10C3D0000FD1EFF310837B607B68002B09D1114BE9
:10C3E0001B68022B09D1EFF311833B603B68002BE4
:10C3F00003D06FF00503FB600EE00A4B1B68012BB6
:10C4000007D1084B02221A6001F0A2FE0023FB6054
:10C4100002E04FF0FF33FB60FB6818461037BD4663
:10C4200080BD00BF9809002080B592B004AFF860CD
:10C43000B9607A6000237B61EFF305837B627B6ADE
:10C44000002B40F09480EFF310833B623B6A002B9B
:10C4500040F08D80484B1B68022B06D1EFF311830F
:10C46000FB61FB69002B40F08280FB68002B7ED0D3
:10C4700080233B631823FB620023FB7607F11B0339
:10C480007B634FF0FF33BB627B68002B45D07B683A
:10C490001B68002B02D07B681B687B637B689B69F1
:10C4A000002B02D07B689B69FB62FB6A002B08D0E3
:10C4B000FB6A382B05D87B685B6803F00103002B0F
:10C4C00001D0002354E07B685B69002B03D07B68BC
:10C4D0005B699B083B637B689B68002B0ED07B6885
:10C4E000DB68A72B0AD97B681B69002B06D07B6809
:10C4F0005B69002B02D00123BB6210E07B689B6864
:10C50000002B0CD17B68DB68002B08D17B681B6992
:10C51000002B04D10023BB6201E00023BB62BB6A95
:10C52000012B10D17B681B697A6892680292019393
:10C53000FB6A0093BB683A6B796BF86801F01EFCEC
:10C5400003467B6113E0BB6A002B10D13B6B9AB2B0
:10C5500007F114030193FB6A0093BB68796BF868D9
:10C5600001F06BFC0346012B01D000237B617B694A
:10C5700018463837BD4680BD9809002080B586B082
:10C5800000AF7860EFF305833B613B69002B0FD16F
:10C59000EFF31083FB60FB68002B09D10D4B1B6888
:10C5A000022B09D1EFF31183BB60BB68002B03D0D2
:10C5B0006FF005037B6107E000237B617B68002B44
:10C5C00002D0786801F08EFD7B6918461837BD46A9
:10C5D00080BD00BF9809002080B58CB002AFF86024
:10C5E000B9607A6000237B62EFF30583BB61BB69AE
:10C5F000002B40F08680EFF310837B617B69002B7A
:10C600007FD1424B1B68022B05D1EFF311833B61B5
:10C610003B69002B75D1FB68002B72D0BA68FB68B0
:10C620009A426ED84FF0FF333B627B68002B15D0E7
:10C630007B689B68002B06D07B68DB684F2B02D998
:10C6400001233B620CE07B689B68002B08D17B6870
:10C65000DB68002B04D100233B6201E000233B6236
:10C660003B6AB3F1FF3F4CD0FB68012B28D13B6AFA
:10C67000012B0AD17B689B680322009200220021D3
:10C68000012000F0BBFB786205E0032200210120BD
:10C6900000F030FC78627B6A002B22D0BB68002B54
:10C6A0001FD0002300220021786A00F0F3FC03462B
:10C6B000012B16D0786A01F08FF900237B6210E01D
:10C6C0003B6A012B08D17B689B681A46B968F868F9
:10C6D00000F072FC786204E0B968F86800F0A5FC2C
:10C6E00078627B6A002B0CD07B68002B03D07B68C0
:10C6F0001B68FB6101E00023FB61F969786A01F0C6
:10C70000B7FA7B6A18462837BD4680BD98090020D5
:10C7100080B588B000AF786039607B68BB6100236A
:10C72000FB61BB69002B03D16FF00303FB614BE09E
:10C73000EFF305837B617B69002B0FD1EFF310834F
:10C740003B613B69002B09D1224B1B68022B28D18E
:10C75000EFF31183FB60FB68002B22D03B68002BBA
:10C7600003D06FF00303FB612DE00023BB6007F1F2
:10C7700008031A460021B86901F0ACF80346012B02
:10C7800003D06FF00203FB611DE0BB68002B1AD0E1
:10C79000114B4FF080521A60BFF34F8FBFF36F8F72
:10C7A00011E03968B86900F085FF0346012B0BD012
:10C7B0003B68002B03D06FF00103FB6104E06FF0D6
:10C7C0000203FB6100E000BFFB6918462037BD464D
:10C7D00080BD00BF9809002004ED00E080B588B05E
:10C7E00000AF78607B68BB610023FB61BB69002BF5
:10C7F00003D16FF00303FB613EE0EFF305837B6140
:10C800007B69002B0FD1EFF310833B613B69002B59
:10C8100009D11C4B1B68022B20D1EFF31183FB6065
:10C82000FB68002B1AD00023BB6007F108031946F0
:10C83000B86900F0CCFD0346012B03D06FF0020372
:10C84000FB6118E0BB68002B15D00F4B4FF08052F6
:10C850001A60BFF34F8FBFF36F8F0CE000230022ED
:10C860000021B86900F016FC0346012B04D06FF0DC
:10C870000203FB6100E000BFFB6918462037BD469C
:10C8800080BD00BF9809002004ED00E080B58CB0A9
:10C8900002AFF860B9607A6000237B62EFF3058332
:10C8A000BB61BB69002B6FD1EFF310837B617B69A8
:10C8B000002B69D1374B1B68022B05D1EFF3118395
:10C8C0003B613B69002B5FD1FB68002B5CD0BB68F0
:10C8D000002B59D04FF0FF333B627B68002B29D0EF
:10C8E0007B689B68002B12D07B68DB684F2B0ED9CE
:10C8F0007B681B69002B0AD07B685A69FB68B968A2
:10C9000001FB03F39A4202D301233B6214E07B68EC
:10C910009B68002B10D17B68DB68002B0CD17B68F7
:10C920001B69002B08D17B685B69002B04D10023B5
:10C930003B6201E000233B623B6A012B0BD17B6829
:10C940001A697B689B6800210091B968F86800F05B
:10C9500055FA786208E03B6A002B05D10022B968DD
:10C96000F86800F0C7FA78627B6A002B0CD07B680D
:10C97000002B03D07B681B68FB6101E00023FB6197
:10C98000F969786A01F074F97B6A18462837BD4660
:10C9900080BD00BF9809002080B58AB000AFF86064
:10C9A000B9603B601346FB71FB683B6200237B620E
:10C9B000EFF30583FB61FB69002B0FD1EFF31083CD
:10C9C000BB61BB69002B09D12B4B1B68022B2ED1FD
:10C9D000EFF311837B617B69002B28D03B6A002B2E
:10C9E00005D0BB68002B02D03B68002B03D06FF052
:10C9F00003037B6239E000233B6107F1100200234F
:10CA0000B968386A00F048FC0346012B03D06FF088
:10CA100002037B6229E03B69002B26D0174B4FF0C5
:10CA200080521A60BFF34F8FBFF36F8F1DE03B6AD8
:10CA3000002B02D0BB68002B03D16FF003037B6295
:10CA400014E000233A68B968386A00F023FB034613
:10CA5000012B0BD03B68002B03D06FF001037B62EE
:10CA600004E06FF002037B6200E000BF7B6A1846BF
:10CA70002837BD4680BD00BF9809002004ED00E0C6
:10CA800080B58AB000AFF860B9607A603B60FB683F
:10CA90003B6200237B62EFF30583FB61FB69002BA4
:10CAA0000FD1EFF31083BB61BB69002B09D12B4B76
:10CAB0001B68022B2ED1EFF311837B617B69002B66
:10CAC00028D03B6A002B05D0BB68002B02D03B6806
:10CAD000002B03D06FF003037B6238E000233B613F
:10CAE00007F110031A46B968386A00F0F3FE0346EE
:10CAF000012B03D06FF002037B6228E03B69002B1F
:10CB000025D0174B4FF080521A60BFF34F8FBFF301
:10CB10006F8F1CE03B6A002B02D0BB68002B03D157
:10CB20006FF003037B6213E03A68B968386A00F07B
:10CB3000DFFC0346012B0BD03B68002B03D06FF0CA
:10CB400001037B6204E06FF002037B6200E000BF40
:10CB50007B6A18462837BD4680BD00BF9809002073
:10CB600004ED00E080B485B000AFF860B9607A6091
:10CB7000FB68064A1A60BB68054A1A607B68802217
:10CB80001A6000BF1437BD4680BC70479C09002066
:10CB9000440A002080B485B000AFF860B9607A60C4
:10CBA000FB68074A1A60BB68064A1A607B684FF444
:10CBB00080721A6000BF1437BD4680BC704700BF4A
:10CBC000440C0020EC0C002080B483B000AF7860EF
:10CBD0007B6803F108027B685A607B684FF0FF3284
:10CBE0009A607B6803F108027B68DA607B6803F176
:10CBF00008027B681A617B6800221A6000BF0C374C
:10CC0000BD4680BC704780B483B000AF78607B685D
:10CC100000221A6100BF0C37BD4680BC704780B44B
:10CC200085B000AF786039607B685B68FB603B680B
:10CC3000FA685A60FB689A683B689A60FB689B6870
:10CC40003A685A60FB683A689A603B687A681A6189
:10CC50007B681B685A1C7B681A6000BF1437BD468E
:10CC600080BC704780B485B000AF786039603B68A5
:10CC70001B68BB60BB68B3F1FF3F03D17B681B69D6
:10CC8000FB600CE07B680833FB6002E0FB685B68DC
:10CC9000FB60FB685B681B68BA689A42F6D2FB6867
:10CCA0005A683B685A603B685B683A689A603B68C0
:10CCB000FA689A60FB683A685A603B687A681A6159
:10CCC0007B681B685A1C7B681A6000BF1437BD461E
:10CCD00080BC704780B485B000AF78607B681B690A
:10CCE000FB607B685B687A6892689A607B689B6887
:10CCF0007A6852685A60FB685B687A689A4203D126
:10CD00007B689A68FB685A607B6800221A61FB683E
:10CD10001B685A1EFB681A60FB681B6818461437AC
:10CD2000BD4680BC7047000080B584B000AF78601D
:10CD300039607B68FB60FB68002B0BD14FF0500320
:10CD400083F31188BFF36F8FBFF34F8FBB6000BFBA
:10CD500000BFFDE702F0BAFEFB681A68FB68DB6BF8
:10CD6000F968096C01FB03F31A44FB685A60FB681D
:10CD700000229A63FB681A68FB689A60FB681A686D
:10CD8000FB68DB6B013BF968096C01FB03F31A4498
:10CD9000FB68DA60FB68FF2283F84420FB68FF220F
:10CDA00083F845203B68002B14D1FB681B69002BDE
:10CDB0001AD0FB681033184601F0A2FC0346002B82
:10CDC00012D00D4B4FF080521A60BFF34F8FBFF35C
:10CDD0006F8F09E0FB6810331846FFF7F5FEFB681C
:10CDE00024331846FFF7F0FE02F0A0FE0123184698
:10CDF0001037BD4680BD00BF04ED00E080B58EB0A9
:10CE000002AFF860B9607A603B60FB68002B0BD121
:10CE10004FF0500383F31188BFF36F8FBFF34F8F31
:10CE2000BB6200BF00BFFDE73B68002B0BD14FF09A
:10CE3000500383F31188BFF36F8FBFF34F8F7B6273
:10CE400000BF00BFFDE77B68002B02D0BB68002B52
:10CE500001D0012300E00023002B0BD14FF0500341
:10CE600083F31188BFF36F8FBFF34F8F3B6200BF17
:10CE700000BFFDE77B68002B02D1BB68002B01D10E
:10CE8000012300E00023002B0BD14FF0500383F36C
:10CE90001188BFF36F8FBFF34F8FFB6100BF00BFDF
:10CEA000FDE750237B617B69502B0BD04FF0500383
:10CEB00083F31188BFF36F8FBFF34F8FBB6100BF48
:10CEC00000BFFDE73B68FB62FB6A002B0DD0FB6AED
:10CED000012283F8462097F83820FB6A0093134616
:10CEE0007A68B968F86800F044F8FB6A1846303789
:10CEF000BD4680BD80B58AB002AFF860B960134608
:10CF0000FB71FB68002B0BD14FF0500383F31188AA
:10CF1000BFF36F8FBFF34F8F3B6100BF00BFFDE7D3
:10CF2000BB68002B02D10023FB6104E0FB68BA68F8
:10CF300002FB03F3FB61FB695033184602F0C8FEA5
:10CF4000B861BB69002B0FD0BB6950337B61BB69F3
:10CF5000002283F84620FA79BB69009313467A6968
:10CF6000B968F86800F005F8BB6918462037BD4677
:10CF700080BD80B584B000AFF860B9607A60FB70A6
:10CF8000BB68002B03D1BB69BA691A6002E0BB69B8
:10CF90007A681A60BB69FA68DA63BB69BA681A64AE
:10CFA0000121B869FFF7C0FEBB69FA7883F84C200D
:10CFB00000BF1037BD4680BD80B58AB002AFF860B3
:10CFC000B9607A60FB68002B0BD14FF0500383F3FC
:10CFD0001188BFF36F8FBFF34F8FBB6100BF00BFDE
:10CFE000FDE7BA68FB689A420BD94FF0500383F310
:10CFF0001188BFF36F8FBFF34F8F7B6100BF00BFFE
:10D00000FDE7022300937B6800220021F868FFF708
:10D01000F5FEF861FB69002B02D0FB69BA689A63E0
:10D02000FB6918462037BD4680BD80B586B000AF8D
:10D03000786039607B68002B0BD14FF0500383F38D
:10D040001188BFF36F8FBFF34F8F3B6100BF00BFED
:10D05000FDE73A687B689A420BD94FF0500383F39F
:10D060001188BFF36F8FBFF34F8FFB6000BF00BF0E
:10D07000FDE7022200217868FFF73CFF78617B69B9
:10D08000002B02D07B693A689A637B69184618378F
:10D09000BD4680BD80B58EB000AFF860B9607A60E3
:10D0A0003B6000237B63FB683B633B6B002B0BD136
:10D0B0004FF0500383F31188BFF36F8FBFF34F8F8F
:10D0C000BB6200BF00BFFDE7BB68002B03D13B6B19
:10D0D0001B6C002B01D1012300E00023002B0BD19E
:10D0E0004FF0500383F31188BFF36F8FBFF34F8F5F
:10D0F0007B6200BF00BFFDE73B68022B03D13B6BA7
:10D10000DB6B012B01D1012300E00023002B0BD1AD
:10D110004FF0500383F31188BFF36F8FBFF34F8F2E
:10D120003B6200BF00BFFDE701F0B4FC0346002BEB
:10D1300002D17B68002B01D1012300E00023002BEA
:10D140000BD14FF0500383F31188BFF36F8FBFF300
:10D150004F8FFB6100BF00BFFDE702F0B7FC3B6BE8
:10D160009A6B3B6BDB6B9A4202D33B68022B29D153
:10D170003A68B968386B00F06AFCF8623B6B5B6A2E
:10D18000002B10D03B6B2433184601F0B9FA03464C
:10D19000002B13D03F4B4FF080521A60BFF34F8FDC
:10D1A000BFF36F8F0AE0FB6A002B07D0394B4FF0BB
:10D1B00080521A60BFF34F8FBFF36F8F02F0B6FC3F
:10D1C000012363E07B68002B03D102F0AFFC002356
:10D1D0005CE07B6B002B06D107F11403184601F0CD
:10D1E000F3FA01237B6302F0A1FC01F021F802F0C5
:10D1F0006DFC3B6B93F844305BB2B3F1FF3F03D15E
:10D200003B6B002283F844203B6B93F845305BB2C4
:10D21000B3F1FF3F03D13B6B002283F8452002F0BE
:10D2200085FC3A1D07F114031146184601F0E2FA95
:10D230000346002B24D1386B00F001FD0346002B80
:10D2400018D03B6B10337A681146184601F006FA85
:10D25000386B00F08CFC00F0F9FF0346002B7FF4E4
:10D260007CAF0C4B4FF080521A60BFF34F8FBFF36F
:10D270006F8F72E7386B00F07AFC00F0E7FF6CE725
:10D28000386B00F074FC00F0E1FF002318463837DB
:10D29000BD4680BD04ED00E080B58EB000AFF86003
:10D2A000B9607A603B60FB683B633B6B002B0BD142
:10D2B0004FF0500383F31188BFF36F8FBFF34F8F8D
:10D2C0007B6200BF00BFFDE7BB68002B03D13B6B57
:10D2D0001B6C002B01D1012300E00023002B0BD19C
:10D2E0004FF0500383F31188BFF36F8FBFF34F8F5D
:10D2F0003B6200BF00BFFDE73B68022B03D13B6BE5
:10D30000DB6B012B01D1012300E00023002B0BD1AB
:10D310004FF0500383F31188BFF36F8FBFF34F8F2C
:10D32000FB6100BF00BFFDE702F092FCEFF311824A
:10D330004FF0500383F31188BFF36F8FBFF34F8F0C
:10D34000BA617B61BB69FB623B6B9A6B3B6BDB6BCE
:10D350009A4202D33B68022B2CD13B6B93F84530A9
:10D3600087F82B303A68B968386B00F070FB97F992
:10D370002B30B3F1FF3F12D13B6B5B6A002B16D011
:10D380003B6B2433184601F0BBF90346002B0ED04B
:10D390007B68002B0BD07B6801221A6007E097F8AE
:10D3A0002B300133DBB25AB23B6B83F845200123AB
:10D3B0007B6301E000237B63FB6A3B613B6983F392
:10D3C000118800BF7B6B18463837BD4680BD80B5DD
:10D3D0008EB000AF786039607B683B633B6B002B9D
:10D3E0000BD14FF0500383F31188BFF36F8FBFF35E
:10D3F0004F8F3B6200BF00BFFDE73B6B1B6C002BF8
:10D400000BD04FF0500383F31188BFF36F8FBFF33E
:10D410004F8FFB6100BF00BFFDE73B6B1B68002B1C
:10D4200003D13B6B5B68002B01D1012300E000239B
:10D43000002B0BD14FF0500383F31188BFF36F8F94
:10D44000BFF34F8FBB6100BF00BFFDE702F000FCE0
:10D45000EFF311824FF0500383F31188BFF36F8F06
:10D46000BFF34F8F7A613B617B69FB623B6B9B6BC8
:10D47000BB623B6BDB6BBA6A9A422BD23B6B93F875
:10D48000453087F82730BB6A5A1C3B6B9A6397F983
:10D490002730B3F1FF3F12D13B6B5B6A002B16D0F4
:10D4A0003B6B2433184601F02BF90346002B0ED0BA
:10D4B0003B68002B0BD03B6801221A6007E097F80D
:10D4C00027300133DBB25AB23B6B83F8452001238E
:10D4D0007B6301E000237B63FB6AFB60FB6883F3F3
:10D4E000118800BF7B6B18463837BD4680BD0000F1
:10D4F00080B58CB000AFF860B9607A600023FB6241
:10D50000FB68BB62BB6A002B0BD14FF0500383F367
:10D510001188BFF36F8FBFF34F8F3B6200BF00BF17
:10D52000FDE7BB68002B03D1BB6A1B6C002B01D14C
:10D53000012300E00023002B0BD14FF0500383F3B5
:10D540001188BFF36F8FBFF34F8FFB6100BF00BF28
:10D55000FDE701F09FFA0346002B02D17B68002B08
:10D5600001D1012300E00023002B0BD14FF0500329
:10D5700083F31188BFF36F8FBFF34F8FBB6100BF81
:10D5800000BFFDE702F0A2FABB6A9B6B7B627B6A7D
:10D59000002B1FD0B968B86A00F0C3FA7B6A5A1E24
:10D5A000BB6A9A63BB6A1B69002B0FD0BB6A10333E
:10D5B000184601F0A5F80346002B07D03C4B4FF06E
:10D5C00080521A60BFF34F8FBFF36F8F02F0AEFA35
:10D5D000012369E07B68002B03D102F0A7FA002346
:10D5E00062E0FB6A002B06D107F11003184601F038
:10D5F000EBF80123FB6202F099FA00F019FE02F049
:10D6000065FABB6A93F844305BB2B3F1FF3F03D1D4
:10D61000BB6A002283F84420BB6A93F845305BB2B2
:10D62000B3F1FF3F03D1BB6A002283F8452002F02B
:10D630007DFA3A1D07F110031146184601F0DAF899
:10D640000346002B23D1B86A00F0E3FA0346002B0F
:10D6500017D0BB6A24337A681146184600F0FEFFE3
:10D66000B86A00F084FA00F0F1FD0346002B89D17E
:10D670000F4B4FF080521A60BFF34F8FBFF36F8F85
:10D6800080E7B86A00F073FA00F0E0FD7AE7B86A64
:10D6900000F06DFA00F0DAFDB86A00F0BAFA03465D
:10D6A000002B3FF46FAF002318463037BD4680BDD6
:10D6B00004ED00E080B58EB000AF786039600023E3
:10D6C0007B637B68FB6200233B63FB6A002B0BD10F
:10D6D0004FF0500383F31188BFF36F8FBFF34F8F69
:10D6E0003B6200BF00BFFDE7FB6A1B6C002B0BD049
:10D6F0004FF0500383F31188BFF36F8FBFF34F8F49
:10D70000FB6100BF00BFFDE701F0C4F90346002B39
:10D7100002D13B68002B01D1012300E00023002B44
:10D720000BD14FF0500383F31188BFF36F8FBFF31A
:10D730004F8FBB6100BF00BFFDE702F0C7F9FB6A76
:10D740009B6BBB62BB6A002B24D0BB6A5A1EFB6A70
:10D750009A63FB6A1B68002B04D101F01FFB024691
:10D76000FB6A5A60FB6A1B69002B0FD0FB6A1033FF
:10D77000184600F0C5FF0346002B07D0544B4FF06E
:10D7800080521A60BFF34F8FBFF36F8F02F0CEF954
:10D79000012398E03B68002B12D13B6B002B0BD090
:10D7A0004FF0500383F31188BFF36F8FBFF34F8F98
:10D7B0007B6100BF00BFFDE702F0B8F9002382E003
:10D7C0007B6B002B06D107F10C03184600F0FCFF21
:10D7D00001237B6302F0AAF900F02AFD02F076F93A
:10D7E000FB6A93F844305BB2B3F1FF3F03D1FB6AAD
:10D7F000002283F84420FB6A93F845305BB2B3F112
:10D80000FF3F03D1FB6A002283F8452002F08EF926
:10D810003A4607F10C031146184600F0EBFF0346A9
:10D82000002B32D1F86A00F0F4F90346002B26D021
:10D83000FB6A1B68002B09D102F048F9FB6A5B68A0
:10D84000184601F045F9386302F070F9FB6A243399
:10D850003A681146184600F001FFF86A00F087F9AF
:10D8600000F0F4FC0346002B7FF467AF184B4FF039
:10D8700080521A60BFF34F8FBFF36F8F5DE7F86A76
:10D8800000F075F900F0E2FC57E7F86A00F06FF974
:10D8900000F0DCFCF86A00F0BCF90346002B3FF412
:10D8A0004CAF3B6B002B0DD002F010F9F86A00F082
:10D8B000B7F87862FB6A5B68796A184601F0E6F9A6
:10D8C00002F034F9002318463837BD4680BD00BF4A
:10D8D00004ED00E080B58EB000AFF860B9607A600A
:10D8E000FB683B633B6B002B0BD14FF0500383F382
:10D8F0001188BFF36F8FBFF34F8F3B6200BF00BF34
:10D90000FDE7BB68002B03D13B6B1B6C002B01D1E7
:10D91000012300E00023002B0BD14FF0500383F3D1
:10D920001188BFF36F8FBFF34F8FFB6100BF00BF44
:10D93000FDE702F08DF9EFF311824FF0500383F30E
:10D940001188BFF36F8FBFF34F8FBA617B61BB69E3
:10D95000FB623B6B9B6BBB62BB6A002B2FD03B6BAC
:10D9600093F8443087F82730B968386B00F0D9F85D
:10D97000BB6A5A1E3B6B9A6397F92730B3F1FF3F9E
:10D9800012D13B6B1B69002B16D03B6B1033184632
:10D9900000F0B6FE0346002B0ED07B68002B0BD0A8
:10D9A0007B6801221A6007E097F827300133DBB269
:10D9B0005AB23B6B83F8442001237B6301E00023D0
:10D9C0007B63FB6A3B613B6983F3118800BF7B6B20
:10D9D00018463837BD4680BD80B584B000AF78604A
:10D9E0007B68FB60FB68002B0BD14FF0500383F387
:10D9F0001188BFF36F8FBFF34F8FBB6000BF00BFB5
:10DA0000FDE7F86800F05CF9FB6893F84630002BFE
:10DA100002D1F86802F028FA00BF1037BD4680BD79
:10DA200080B485B000AF78607B685B6A002B06D05D
:10DA30007B681B6B1B68C3F13803FB6001E00023AC
:10DA4000FB60FB6818461437BD4680BC704780B544
:10DA500086B000AFF860B9607A6000237B61FB6834
:10DA60009B6B3B61FB681B6C002B0DD1FB681B683B
:10DA7000002B4DD1FB685B68184601F097F8786180
:10DA8000FB6800225A6043E07B68002B19D1FB68D9
:10DA90009868FB681B6C1A46B96803F045FEFB6882
:10DAA0009A68FB681B6C1A44FB689A60FB689A686A
:10DAB000FB685B689A422BD3FB681A68FB689A6024
:10DAC00026E0FB68D868FB681B6C1A46B96803F04F
:10DAD0002BFEFB68DA68FB681B6C5B421A44FB6830
:10DAE000DA60FB68DA68FB681B689A4207D2FB6859
:10DAF0005A68FB681B6C5B421A44FB68DA607B68FF
:10DB0000022B05D13B69002B02D03B69013B3B61F5
:10DB10003B695A1CFB689A637B6918461837BD46F7
:10DB200080BD80B582B000AF786039607B681B6CC7
:10DB3000002B18D07B68DA687B681B6C1A447B6802
:10DB4000DA607B68DA687B685B689A4203D37B683B
:10DB50001A687B68DA607B68D9687B681B6C1A4638
:10DB6000386803F0E1FD00BF0837BD4680BD80B5D1
:10DB700084B000AF786001F0A9FF7B6893F845306E
:10DB8000FB7311E07B685B6A002B12D07B68243347
:10DB9000184600F0B5FD0346002B01D000F08EFEC4
:10DBA000FB7B013BDBB2FB7397F90F30002BE9DC09
:10DBB00000E000BF7B68FF2283F8452001F0B6FF3C
:10DBC00001F084FF7B6893F84430BB7311E07B68FD
:10DBD0001B69002B12D07B681033184600F090FDB3
:10DBE0000346002B01D000F069FEBB7B013BDBB29A
:10DBF000BB7397F90E30002BE9DC00E000BF7B68B7
:10DC0000FF2283F8442001F091FF00BF1037BD468A
:10DC100080BD80B584B000AF786001F057FF7B68AD
:10DC20009B6B002B02D10123FB6001E00023FB6012
:10DC300001F07CFFFB6818461037BD4680BD80B5FB
:10DC400084B000AF786001F041FF7B689A6B7B681D
:10DC5000DB6B9A4202D10123FB6001E00023FB60F1
:10DC600001F064FFFB6818461037BD4680BD000018
:10DC700080B485B000AF786039600023FB6014E0A9
:10DC80000E4AFB6852F83330002B0BD10B49FB686E
:10DC90003A6841F83320094AFB68DB0013447A688C
:10DCA0005A6006E0FB680133FB60FB68072BE7D98D
:10DCB00000BF00BF1437BD4680BC7047EC10002089
:10DCC00080B485B000AF78600023FB6016E0104A96
:10DCD000FB68DB0013445B687A689A420BD10C4AFC
:10DCE000FB68002142F83310094AFB68DB0013444B
:10DCF00000225A6006E0FB680133FB60FB68072BDB
:10DD0000E5D900BF00BF1437BD4680BC704700BFD7
:10DD1000EC10002080B586B000AFF860B9607A6082
:10DD2000FB687B6101F0D2FE7B6993F844305BB203
:10DD3000B3F1FF3F03D17B69002283F844207B6964
:10DD400093F845305BB2B3F1FF3F03D17B6900220A
:10DD500083F8452001F0EAFE7B699B6B002B06D11E
:10DD60007B6924337A68B968184600F09DFC7869AD
:10DD7000FFF7FDFE00BF1837BD4680BD80B58EB0F1
:10DD800004AFF860B9607A603B607B6B002B0BD10D
:10DD90004FF0500383F31188BFF36F8FBFF34F8FA2
:10DDA0003B6200BF00BFFDE7BB6B002B0BD14FF008
:10DDB000500383F31188BFF36F8FBFF34F8FFB6165
:10DDC00000BF00BFFDE7A8233B613B69A82B0BD038
:10DDD0004FF0500383F31188BFF36F8FBFF34F8F62
:10DDE000BB6100BF00BFFDE7BB6B002B1ED07B6B90
:10DDF000002B1BD0BB6B7B627B6A7A6B1A637B6ADE
:10DE0000022283F8A520002303937B6A029307F183
:10DE1000140301933B6B00933B687A68B968F86818
:10DE200000F050F8786A00F0EDF801E000237B6123
:10DE30007B6918462837BD4680BD80B58CB004AFDD
:10DE4000F860B9603B601346FB80FB889B00184676
:10DE500001F03EFF78617B69002B0ED0A82001F015
:10DE600037FFF861FB69002B03D0FB697A691A63FD
:10DE700005E0786901F0F8FF01E00023FB61FB6930
:10DE8000002B17D0FB69002283F8A520FA88002315
:10DE90000393FB690293FB6A0193BB6A00933B689F
:10DEA000B968F86800F00EF8F86900F0ABF80123E3
:10DEB000BB6102E04FF0FF33BB61BB6918462037FE
:10DEC000BD4680BD80B588B000AFF860B9607A60AB
:10DED0003B603B6B186B7B689B001A46A52103F0E7
:10DEE00091FB3B6B1A6B7B6803F18043013B9B000A
:10DEF0001344BB61BB6923F00703BB61BB6903F03B
:10DF00000703002B0BD04FF0500383F31188BFF3AE
:10DF10006F8FBFF34F8F7B6100BF00BFFDE7002312
:10DF2000FB6112E0BA68FB69134419783A6BFB692C
:10DF3000134434330A461A70BA68FB6913441B78D9
:10DF4000002B06D0FB690133FB61FB690F2BE9D97C
:10DF500000E000BF3B6B002283F84320BB6A372BF5
:10DF600001D93723BB623B6BBA6ADA623B6BBA6A90
:10DF7000DA643B6B00221A653B6B04331846FEF7EC
:10DF800042FE3B6B18331846FEF73DFE3B6B3A6B87
:10DF90001A61BB6AC3F138023B6B9A613B6B3A6B07
:10DFA0005A623B6B0022C3F8A0203B6B002283F82F
:10DFB000A4203B6B54334C220021184603F022FB73
:10DFC0003B6B0D4A9A653B6B0C4ADA653B6B0C4A1E
:10DFD0001A663A68F968B86901F088FC02463B6B3A
:10DFE0001A60FB6A002B02D0FB6A3A6B1A6000BF12
:10DFF0002037BD4680BD00BF88670020F067002045
:10E000005868002080B582B000AF786001F05EFDF6
:10E010002D4B1B6801332C4A13602C4B1B68002BC3
:10E0200009D12A4A7B681360274B1B68012B10D14A
:10E0300000F068FC0DE0264B1B68002B09D1234B38
:10E040001B68DA6A7B68DB6A9A4202D81F4A7B68DF
:10E050001360204B1B6801331E4A13601D4B1A6866
:10E060007B685A647B68DA6A1B4B1B689A4203D947
:10E070007B68DB6A184A13607B68DA6A13469B0088
:10E0800013449B00154A1A447B6804331946104612
:10E09000FEF7C5FD01F04AFD0D4B1B68002B0ED0AD
:10E0A0000A4B1B68DA6A7B68DB6A9A4207D20C4B20
:10E0B0004FF080521A60BFF34F8FBFF36F8F00BFD6
:10E0C0000837BD4680BD00BF001600202C1100207F
:10E0D0000C1600201C16002008160020301100200D
:10E0E00004ED00E080B584B000AF78600023FB60F1
:10E0F0007B68002B18D0144B1B68002B0BD04FF003
:10E10000500383F31188BFF36F8FBFF34F8FBB6052
:10E1100000BF00BFFDE700F08BF80021786801F038
:10E120001DF800F093F8F860FB68002B07D1074B4F
:10E130004FF080521A60BFF34F8FBFF36F8F00BF55
:10E140001037BD4680BD00BF2816002004ED00E05A
:10E1500080B58AB004AF0023BB6000237B603A46E1
:10E16000391D07F108031846FEF7FCFC39687B6887
:10E17000BA68029201930023009300230A462449BF
:10E180002448FFF7FBFD0346234A1360224B1B681C
:10E19000002B02D001237B6101E000237B617B69BE
:10E1A000012B02D101F02EF878617B69012B1BD184
:10E1B0004FF0500383F31188BFF36F8FBFF34F8F7E
:10E1C0003B6100BF154B1B685433154A1360154B58
:10E1D0004FF0FF321A60144B01221A60134B0022D9
:10E1E0001A6001F001FC0FE07B69B3F1FF3F0BD136
:10E1F0004FF0500383F31188BFF36F8FBFF34F8F3E
:10E20000FB6000BF00BFFDE700BF1837BD4680BD03
:10E210009C360208D5E80108241600202C110020A5
:10E220005C000020201600200C16002004160020A0
:10E2300080B400AF044B1B680133034A136000BF76
:10E24000BD4680BC704700BF2816002080B584B052
:10E2500000AF0023FB600023BB60424B1B68002B18
:10E260000BD14FF0500383F31188BFF36F8FBFF3CF
:10E270004F8F3B6000BF00BFFDE701F027FC394B2B
:10E280001B68013B374A1360364B1B68002B62D179
:10E29000354B1B68002B5ED02FE0344BDB68DB680E
:10E2A000FB60FB6818331846FEF714FDFB68043367
:10E2B0001846FEF70FFDFB68DA6A2D4B1B689A4281
:10E2C00003D9FB68DB6A2A4A1360FB68DA6A1346E3
:10E2D0009B0013449B00274A1A44FB6804331946E9
:10E2E0001046FEF79CFCFB68DA6A234B1B68DB6A6E
:10E2F0009A4202D3214B01221A601C4B1B68002B4F
:10E30000CBD1FB68002B01D000F0A0FB1C4B1B689D
:10E310007B607B68002B10D000F056F80346002B82
:10E3200002D0164B01221A607B68013B7B607B6840
:10E33000002BF1D1124B00221A60104B1B68002BEE
:10E3400009D00123BB600F4B4FF080521A60BFF31E
:10E350004F8FBFF36F8F01F0E9FBBB681846103792
:10E36000BD4680BD2816002000160020C0150020E4
:10E3700008160020301100202C1100201416002057
:10E380001016002004ED00E080B483B000AF044B11
:10E390001B687B607B6818460C37BD4680BC7047A5
:10E3A0000416002080B582B000AF01F051FC0023BC
:10E3B0007B60044B1B683B603B6818460837BD46D2
:10E3C00080BD00BF0416002080B586B000AF0023DA
:10E3D0007B61524B1B68002B40F08F80504B1B68B9
:10E3E00001333B614E4A3B6913603B69002B21D1ED
:10E3F0004C4B1B681B68002B0BD04FF0500383F372
:10E400001188BFF36F8FBFF34F8F3B6000BF00BF1A
:10E41000FDE7444B1B68FB60434B1B68414A13609C
:10E42000414AFB681360414B1B6801333F4A13604C
:10E4300000F00CFB3E4B1B683A699A424ED3394BB5
:10E440001B681B68002B01D1012300E00023002B77
:10E4500004D0374B4FF0FF321A603FE0314B1B685E
:10E46000DB68DB68BB60BB685B687B603A697B68C4
:10E470009A4203D22E4A7B6813602FE0BB680433B4
:10E480001846FEF727FCBB689B6A002B04D0BB68CC
:10E4900018331846FEF71EFCBB68DA6A254B1B686A
:10E4A0009A4203D9BB68DB6A224A1360BB68DA6A06
:10E4B00013469B0013449B001F4A1A44BB68043355
:10E4C00019461046FEF7ABFBBB68DA6A1B4B1B68AC
:10E4D000DB6A9A42B3D301237B61B0E7174B1B6819
:10E4E000DA6A154913469B0013449B000B441B68D2
:10E4F000012B07D901237B6104E0114B1B68013319
:10E500000F4A13600F4B1B68002B01D001237B6166
:10E510007B6918461837BD4680BD00BF281600200D
:10E5200004160020B8150020BC1500201816002085
:10E530002016002008160020301100202C11002089
:10E54000101600201416002080B586B000AF3D4B99
:10E550001B68002B03D03C4B01221A606EE03A4B43
:10E5600000221A60394B1B681B6B3B614FF0A533CF
:10E57000FB603B691B68FA689A4211D13B6904331E
:10E580001B68FA689A420BD13B6908331B68FA682A
:10E590009A4205D13B690C331B68FA689A4208D04D
:10E5A0002A4B1A68294B1B68343319461046F0F77A
:10E5B000EDF9274B1B687B6111E07B69002B0BD1C8
:10E5C0004FF0500383F31188BFF36F8FBFF34F8F6A
:10E5D0007B6000BF00BFFDE77B69013B7B611D499C
:10E5E0007A6913469B0013449B000B441B68002B65
:10E5F000E3D07A6913469B0013449B00154A1344E9
:10E60000BB60BB685B685A68BB685A60BB685A6885
:10E61000BB6808339A4204D1BB685B685A68BB6820
:10E620005A60BB685B68DB68084A1360084A7B690C
:10E630001360064B1B685433074A136000BF18373A
:10E64000BD4680BD28160020141600202C11002085
:10E6500008160020301100205C00002080B584B036
:10E6600000AF786039607B68002B0BD14FF050030E
:10E6700083F31188BFF36F8FBFF34F8FFB6000BF31
:10E6800000BFFDE7074B1B68183319467868FEF793
:10E69000E9FA0121386800F061FD00BF1037BD467E
:10E6A00080BD00BF2C11002080B586B000AFF8609F
:10E6B000B9607A60FB68002B0BD14FF0500383F3F5
:10E6C0001188BFF36F8FBFF34F8F7B6100BF00BF17
:10E6D000FDE70A4B1B6818331946F868FEF79FFAE6
:10E6E0007B68002B02D04FF0FF33BB607968B868BD
:10E6F00000F034FD00BF1837BD4680BD2C1100204E
:10E7000080B586B000AF78607B68DB68DB683B6112
:10E710003B69002B0BD14FF0500383F31188BFF3FB
:10E720006F8FBFF34F8FFB6000BF00BFFDE73B69FA
:10E7300018331846FEF7CEFA1D4B1B68002B1DD16F
:10E740003B6904331846FEF7C5FA3B69DA6A194B90
:10E750001B689A4203D93B69DB6A164A13603B691E
:10E76000DA6A13469B0013449B00134A1A443B6920
:10E77000043319461046FEF752FA05E03B69183398
:10E7800019460E48FEF74BFA3B69DA6A0C4B1B68D8
:10E79000DB6A9A4205D901237B610A4B01221A6088
:10E7A00001E000237B617B6918461837BD4680BDB8
:10E7B000281600200816002030110020C015002067
:10E7C0002C1100201416002080B483B000AF7860B4
:10E7D000064B1A687B681A60054B1A687B685A609A
:10E7E00000BF0C37BD4680BC704700BF1816002024
:10E7F0000416002080B588B000AF786039607B686F
:10E80000002B0BD14FF0500383F31188BFF36F8FB0
:10E81000BFF34F8F3B6100BF00BFFDE73B68002B9C
:10E820000BD14FF0500383F31188BFF36F8FBFF309
:10E830004F8FFB6000BF00BFFDE701F047F91D4BA4
:10E840001B68BB617B685B68BA69D31A7B613B68F4
:10E850001B68B3F1FF3F02D10023FB6123E07B681B
:10E860001A68154B1B689A4207D07B685B68BA69C7
:10E870009A4202D30123FB6115E03B681B687A6969
:10E880009A420BD23B681A687B69D21A3B681A60BD
:10E890007868FFF799FF0023FB6104E03B680022E2
:10E8A0001A600123FB6101F041F9FB69184620372A
:10E8B000BD4680BD041600201816002080B400AFAD
:10E8C000034B01221A6000BFBD4680BC704700BFE9
:10E8D0001416002080B582B000AF786000F052F8C6
:10E8E000064B1B68012BF9D9054B4FF080521A607B
:10E8F000BFF34F8FBFF36F8FF0E700BF30110020E1
:10E9000004ED00E080B582B000AF00237B600CE036
:10E910007A6813469B0013449B00124A134418461E
:10E92000FEF752F97B6801337B607B68372BEFD9A8
:10E930000D48FEF749F90D48FEF746F90C48FEF779
:10E9400043F90C48FEF740F90B48FEF73DF90B4B35
:10E95000054A1A600A4B054A1A6000BF0837BD46CF
:10E9600080BD00BF3011002090150020A4150020AC
:10E97000C0150020D4150020EC150020B81500208B
:10E98000BC15002080B582B000AF19E001F09EF800
:10E99000104BDB68DB687B607B6804331846FEF74E
:10E9A00099F90D4B1B68013B0B4A13600B4B1B681D
:10E9B000013B0A4A136001F0B9F8786800F010F8DA
:10E9C000064B1B68002BE1D100BF00BF0837BD46D6
:10E9D00080BD00BFD415002000160020E8150020DF
:10E9E00080B584B000AF78607B685433184602F07D
:10E9F00011FE7B6893F8A530002B08D17B681B6B58
:10EA0000184601F031FA786801F02EFA19E07B68B7
:10EA100093F8A530012B03D1786801F025FA10E0B6
:10EA20007B6893F8A530022B0BD04FF0500383F393
:10EA30001188BFF36F8FBFF34F8FFB6000BF00BF24
:10EA4000FDE700BF1037BD4680BD000080B483B035
:10EA500000AF0E4B1B681B68002B01D1012300E0A7
:10EA60000023002B04D00A4B4FF0FF321A6008E05D
:10EA7000064B1B68DB68DB687B607B685B68044A6D
:10EA8000136000BF0C37BD4680BC7047B81500202E
:10EA90002016002080B483B000AF0B4B1B68002B06
:10EAA00002D101237B6008E0084B1B68002B02D1D8
:10EAB00002237B6001E000237B607B6818460C37F3
:10EAC000BD4680BC704700BF0C16002028160020F1
:10EAD00080B584B000AF78607B68BB600023FB60CA
:10EAE0007B68002B56D0BB68DA6A2D4B1B68DB6A4B
:10EAF0009A4246D2BB689B69002B06DB284B1B68F9
:10EB0000DB6AC3F13802BB689A61BB685969BB68AC
:10EB1000DA6A13469B0013449B00224A134499422D
:10EB200001D1012300E00023002B22D0BB68043375
:10EB30001846FEF7CFF81A4B1B68DA6ABB68DA6230
:10EB4000BB68DA6A184B1B689A4203D9BB68DB6A58
:10EB5000154A1360BB68DA6A13469B0013449B0096
:10EB6000104A1A44BB68043319461046FEF757F89A
:10EB700004E00B4B1B68DA6ABB68DA620123FB60B6
:10EB800008E0BB68DA6C064B1B68DB6A9A4201D26C
:10EB90000123FB60FB6818461037BD4680BD00BFEF
:10EBA0002C110020301100200816002080B586B0FE
:10EBB00000AF78607B683B6100237B617B68002B42
:10EBC00058D02F4B1B683A699A420BD04FF0500334
:10EBD00083F31188BFF36F8FBFF34F8FFB6000BFCC
:10EBE00000BFFDE73B691B6D002B0BD14FF05003BD
:10EBF00083F31188BFF36F8FBFF34F8FBB6000BFEC
:10EC000000BFFDE73B691B6D5A1E3B691A653B69F6
:10EC1000DA6A3B69DB6C9A422CD03B691B6D002B96
:10EC200028D13B6904331846FEF754F83B69DA6C87
:10EC30003B69DA623B69DB6AC3F138023B699A617E
:10EC40003B69DA6A0F4B1B689A4203D93B69DB6A5E
:10EC50000C4A13603B69DA6A13469B0013449B001D
:10EC6000094A1A443B69043319461046FDF7D7FF99
:10EC700001237B617B6918461837BD4680BD00BF04
:10EC80002C110020081600203011002080B588B01B
:10EC900000AF786039607B68BB6101237B617B6872
:10ECA000002B71D0BB691B6D002B0BD14FF05003B3
:10ECB00083F31188BFF36F8FBFF34F8FFB6000BFEB
:10ECC00000BFFDE7BB69DB6C3A689A4202D93B683A
:10ECD000FB6102E0BB69DB6CFB61BB69DB6AFA6963
:10ECE0009A4251D0BB691B6D7A699A424CD1284B2C
:10ECF0001B68BA699A420BD14FF0500383F3118815
:10ED0000BFF36F8FBFF34F8FBB6000BF00BFFDE746
:10ED1000BB69DB6A3B61BB69FA69DA62BB699B6903
:10ED2000002B04DBFB69C3F13802BB699A61BB6944
:10ED300059693A6913469B0013449B00154A1344D2
:10ED4000994201D1012300E00023002B1CD0BB69B4
:10ED500004331846FDF7BEFFBB69DA6A0E4B1B6829
:10ED60009A4203D9BB69DB6A0B4A1360BB69DA6A52
:10ED700013469B0013449B00064A1A44BB690433A4
:10ED800019461046FDF74BFF00BF2037BD4680BD3A
:10ED90002C110020301100200816002080B400AF94
:10EDA000074B1B68002B04D0054B1B681A6D013202
:10EDB0001A65034B1B681846BD4680BC704700BFF0
:10EDC0002C11002080B584B000AF7860396000F06D
:10EDD0007DFE204B1B68D3F8A030002B13D11D4BB8
:10EDE0001B68012283F8A4203B68002B0BD0012173
:10EDF000386800F0B3F9184B4FF080521A60BFF337
:10EE00004F8FBFF36F8F00F091FE00F05FFE114B4C
:10EE10001B68D3F8A030FB60FB68002B0ED07B682A
:10EE2000002B05D00B4B1B680022C3F8A02005E087
:10EE3000084B1B68FA68013AC3F8A020054B1B6811
:10EE4000002283F8A42000F071FEFB6818461037FA
:10EE5000BD4680BD2C11002004ED00E080B58AB0D5
:10EE600000AFF860B9603B601346FB7101237B6221
:10EE7000FB68002B0BD14FF0500383F31188BFF3D5
:10EE80006F8FBFF34F8FBB6100BF00BFFDE7FB6813
:10EE90003B6200F01BFE3B68002B04D03B6AD3F8BA
:10EEA000A0203B681A603B6A93F8A430FB773B6A6A
:10EEB000022283F8A420FB79042B2ED801A252F859
:10EEC00023F000BF1BEF0108D9EE0108EBEE0108AB
:10EED000FBEE010805EF01083B6AD3F8A020BB68F0
:10EEE0001A433B6AC3F8A02017E03B6AD3F8A0306E
:10EEF0005A1C3B6AC3F8A0200FE03B6ABA68C3F80B
:10EF0000A0200AE0FB7F022B04D03B6ABA68C3F85A
:10EF1000A02001E000237B6200BFFB7F012B3BD1DF
:10EF20003B6A04331846FDF7D5FE3B6ADA6A1E4B8E
:10EF30001B689A4203D93B6ADB6A1B4A13603B6A2F
:10EF4000DA6A13469B0013449B00184A1A443B6A32
:10EF5000043319461046FDF762FE3B6A9B6A002B9C
:10EF60000BD04FF0500383F31188BFF36F8FBFF3C3
:10EF70004F8F7B6100BF00BFFDE73B6ADA6A0C4B35
:10EF80001B68DB6A9A4207D90A4B4FF080521A601D
:10EF9000BFF34F8FBFF36F8F00F0C8FD7B6A184639
:10EFA0002837BD4680BD00BF081600203011002064
:10EFB0002C11002004ED00E080B58EB000AFF860A9
:10EFC000B9603B601346FB7101237B63FB68002B38
:10EFD0000BD14FF0500383F31188BFF36F8FBFF352
:10EFE0004F8F7B6200BF00BFFDE700F031FEFB6882
:10EFF0003B63EFF311824FF0500383F31188BFF3AB
:10F000006F8FBFF34F8F3A62FB613B6AFB623B68D5
:10F01000002B04D03B6BD3F8A0203B681A603B6BFD
:10F0200093F8A43087F82B303B6B022283F8A4209E
:10F03000FB79042B2ED801A252F823F095F0010899
:10F0400051F0010863F0010873F001087DF0010838
:10F050003B6BD3F8A020BB681A433B6BC3F8A020DE
:10F0600018E03B6BD3F8A0305A1C3B6BC3F8A020D0
:10F0700010E03B6BBA68C3F8A0200BE097F82B3088
:10F08000022B04D03B6BBA68C3F8A02001E0002338
:10F090007B6300BF97F82B30012B48D13B6B9B6AF9
:10F0A000002B0BD04FF0500383F31188BFF36F8F09
:10F0B000BFF34F8FBB6100BF00BFFDE7214B1B6853
:10F0C000002B1DD13B6B04331846FDF703FE3B6B51
:10F0D000DA6A1D4B1B689A4203D93B6BDB6A1A4AFA
:10F0E00013603B6BDA6A13469B0013449B00174A7C
:10F0F0001A443B6B043319461046FDF790FD05E0BA
:10F100003B6B183319461248FDF789FD3B6BDA6AF1
:10F11000104B1B68DB6A9A4209D93B6C002B03D069
:10F120003B6C01221A6002E00B4B01221A60FB6A61
:10F130007B617B6983F3118800BF7B6B184638378E
:10F14000BD4680BD28160020081600203011002082
:10F15000C01500202C1100201416002080B584B0AA
:10F1600000AF78603960214B1B68FB60204B1B6847
:10F1700004331846FDF7AEFD7B68B3F1FF3F0AD1BB
:10F180003B68002B07D01A4B1B68043319461948FB
:10F19000FDF745FD26E0FA687B681344BB60144B1D
:10F1A0001B68BA685A60BA68FB689A4209D2124B67
:10F1B0001A680F4B1B68043319461046FDF752FDC1
:10F1C00010E00E4B1A680A4B1B68043319461046B0
:10F1D000FDF748FD0A4B1B68BA689A4202D2084AFA
:10F1E000BB68136000BF1037BD4680BD0416002009
:10F1F0002C110020EC150020BC150020B8150020B3
:10F200002016002080B58AB004AF00237B6100F097
:10F210002DFB1D4B1B68002B21D00023FB6000231E
:10F22000BB603A1D07F1080107F10C031846FDF712
:10F23000B1FC7968BB68FA680292019302230093DB
:10F2400000230A4611491248FEF798FD0346114A69
:10F250001360104B1B68002B01D001237B617B697D
:10F26000002B0BD14FF0500383F31188BFF36F8F46
:10F27000BFF34F8F3B6100BF00BFFDE77B691846BE
:10F280001837BD4680BD00BF5C160020A4360208BA
:10F2900061F401086016002080B588B002AFF86004
:10F2A000B9607A603B60302000F012FD78617B69C4
:10F2B000002B0DD07B6901933B6A00933B687A6811
:10F2C000B968F86800F009F87B69002283F82C20FF
:10F2D0007B6918461837BD4680BD80B586B000AF43
:10F2E000F860B9607A603B60BB68002B0BD14FF0CF
:10F2F000500383F31188BFF36F8FBFF34F8F7B6190
:10F3000000BF00BFFDE77B6A002B15D000F0AEFA0E
:10F310007B6AFA681A607B6ABA689A617B6A7A6863
:10F32000DA617B6A3A681A627B6A3A6A5A627B6A75
:10F3300004331846FDF767FC00BF1837BD4680BD93
:10F3400080B58AB000AFF860B9607A603B60002396
:10F350007B62FB68002B0BD14FF0500383F31188C5
:10F36000BFF36F8FBFF34F8F3B6200BF00BFFDE75E
:10F37000194B1B68002B2AD0BB683B617B687B6103
:10F38000FB68BB61BB68052B18DCFFF783FB0346FA
:10F39000022B09D1104B186807F1100100233A6BBA
:10F3A000FDF778FE786212E00B4B186807F1100148
:10F3B00000230022FDF76EFE786208E0064B186815
:10F3C00007F1100100233A68FDF766FF78627B6A57
:10F3D00018462837BD4680BD5C16002080B588B031
:10F3E00002AF786039601D4B1B68DB68DB687B61AE
:10F3F0007B6904331846FDF76DFC7B69DB69012BE3
:10F4000023D17B699A697B68D1187B683A687869EF
:10F4100000F0CCF80346002B17D000230093002304
:10F420007A6800217869FFF78BFF38613B69002B10
:10F430000BD14FF0500383F31188BFF36F8FBFF3ED
:10F440004F8FFB6000BF00BFFDE77B695B6A786997
:10F45000984700BF1837BD4680BD00BF5416002036
:10F4600080B584B000AF786007F10803184600F05B
:10F4700059F8F860BB681946F86800F005F800F024
:10F48000D7F800BFF0E7000080B584B000AF786027
:10F490003960FEF7CDFE07F10803184600F066F864
:10F4A000F860BB68002B30D13B68002B0AD17A682A
:10F4B000FB689A4206D8FEF7C9FEF9687868FFF73C
:10F4C0008DFF24E03B68002B08D0134B1B681B68A2
:10F4D000002B0CBF01230023DBB23B600F4B1868ED
:10F4E0007A68FB68D31A3A681946FEF713FCFEF7F0
:10F4F000ADFE0346002B0AD1094B4FF080521A6033
:10F50000BFF34F8FBFF36F8F01E0FEF79FFE00BF89
:10F510001037BD4680BD00BF581600205C16002085
:10F5200004ED00E080B485B000AF78600E4B1B683E
:10F530001B68002B0CBF01230023DBB21A467B683B
:10F540001A607B681B68002B05D1074B1B68DB68C2
:10F550001B68FB6001E00023FB60FB681846143762
:10F56000BD4680BC704700BF5416002080B584B0F3
:10F5700000AF7860FEF708FFF8600B4B1B68FA6875
:10F580009A4205D200F010F97B6801221A6002E06D
:10F590007B6800221A60044AFB681360FB68184607
:10F5A0001037BD4680BD00BF6416002080B586B010
:10F5B00000AFF860B9607A603B6000237B61FB6854
:10F5C000BA685A60FB68FA681A61BA687B689A423E
:10F5D00012D87A683B68D21AFB689B699A4202D3B8
:10F5E00001237B611BE0104B1A68FB68043319464A
:10F5F0001046FDF737FB12E07A683B689A4206D264
:10F60000BA683B689A4202D301237B6107E0074B4B
:10F610001A68FB68043319461046FDF723FB7B6923
:10F6200018461837BD4680BD5816002054160020D5
:10F6300080B58EB002AFA5E07B68002B19DA3B1DC8
:10F640000433FB62FB6A002B0BD14FF0500383F3B2
:10F650001188BFF36F8FBFF34F8FFB6100BF00BFF7
:10F66000FDE7FB6A1B68FA6A5068FA6A92681146FD
:10F6700098477B68002BC0F28580FB68BB62BB6A41
:10F680005B69002B04D0BB6A04331846FDF722FBEC
:10F690003B461846FFF76AFF78627B68092B6CD8F7
:10F6A00001A252F823F000BFD1F60108D1F60108FB
:10F6B000D1F601087BF701082FF7010869F7010867
:10F6C000D1F60108D1F601087BF701082FF70108F0
:10F6D000BA68BB6A9B69D118BB687A6AB86AFFF7D7
:10F6E00065FF0346002B4AD0BB6A5B6AB86A98473D
:10F6F000BB6ADB69012B42D1BA68BB6A9B691A44B9
:10F700000023009300230021B86AFFF719FE386236
:10F710003B6A002B33D14FF0500383F31188BFF3C2
:10F720006F8FBFF34F8FBB6100BF00BFFDE7BA68AB
:10F73000BB6A9A61BB6A9B69002B0BD14FF05003E7
:10F7400083F31188BFF36F8FBFF34F8F7B6100BFCF
:10F7500000BFFDE7BB6A9A697B6AD1187B6A7A6A47
:10F76000B86AFFF723FF0DE0BB6A93F82C30002B3B
:10F7700007D1B86A00F078FB03E000BF02E000BFE9
:10F7800000E000BF074B1B68391D00221846FDF73B
:10F79000AFFE0346002B7FF44FAF00BF00BF3037F2
:10F7A000BD4680BD5C16002080B588B002AF46E043
:10F7B0002C4B1B68DB681B683B612A4B1B68DB68B2
:10F7C000DB68FB60FB6804331846FDF783FAFB68CF
:10F7D0005B6AF8689847FB68DB69012B2FD1FB68EF
:10F7E0009B693A691344BB60BA683B699A420ED977
:10F7F000FB68BA685A60FB68FA681A61194B1A68A4
:10F80000FB68043319461046FDF72CFA17E0002375
:10F81000009300233A690021F868FFF791FD7860B2
:10F820007B68002B0BD14FF0500383F31188BFF39B
:10F830006F8FBFF34F8F3B6000BF00BFFDE7094BE9
:10F840001B681B68002BB3D1064B1B687B61064B02
:10F850001B68044A1360044A7B69136000BF1837B1
:10F86000BD4680BD541600205816002080B582B0D9
:10F8700002AF00F02BF9154B1B68002B20D1144868
:10F88000FDF7A2F91348FDF79FF9134B104A1A60D0
:10F89000124B104A1A6000230093114B114A102199
:10F8A0000A20FDF7ABFA0346084A1360074B1B68B2
:10F8B000002B05D0054B1B680B491846FEF7D8F9FD
:10F8C00000F034F900BFBD4680BD00BF5C160020CB
:10F8D0002C16002040160020541600205816002038
:10F8E0000817002068160020AC36020880B485B0E6
:10F8F00000AFF860B9607A60FB68043BFB60FB68AE
:10F900004FF080721A60FB68043BFB60BB6823F019
:10F910000102FB681A60FB68043BFB60084AFB6855
:10F920001A60FB68143BFB607A68FB681A60FB682E
:10F93000203BFB60FB6818461437BD4680BC70470F
:10F9400045F9010880B485B000AF00237B60124BFD
:10F950001B68B3F1FF3F0BD04FF0500383F31188C6
:10F96000BFF36F8FBFF34F8FFB6000BF00BFFDE79A
:10F970004FF0500383F31188BFF36F8FBFF34F8FA6
:10F98000BB6000BF00BF7B68002BFCD000BF00BF86
:10F990001437BD4680BC70475800002000000000AE
:10F9A000074B19680868B0E8F00F80F30988BFF3C7
:10F9B0006F8F4FF0000080F311884EF00D0E7047EE
:10F9C0002C11002000BF00BF06480068006880F3CB
:10F9D000088862B661B6BFF34F8FBFF36F8F00DF49
:10F9E00000BF00BF08ED00E080B584B000AF324B2F
:10F9F000FB60FB681B78DBB27B60FB68FF221A7040
:10FA0000FB681B78DBB2FB70FB78DBB203F05003C2
:10FA1000DAB22A4B1A702A4B07221A6009E0284BE7
:10FA20001B68013B264A1360FB78DBB25B00DBB24C
:10FA3000FB70FB78DBB203F08003802BEFD0204B10
:10FA40001B68C3F10703042B0BD04FF0500383F363
:10FA50001188BFF36F8FBFF34F8FBB6000BF00BF34
:10FA6000FDE7174B1B681B02154A1360144B1B68FC
:10FA700003F4E063124A13607B68DAB2FB681A7021
:10FA8000104B1B680F4A43F4700313600D4B1B6847
:10FA90000C4A43F07043136000F0B8F80A4B0022A0
:10FAA0001A60FFF791FFFEF74FFDFFF74BFF0023B2
:10FAB00018461037BD4680BD00E400E0581700200E
:10FAC0005C17002020ED00E05800002080B483B0D7
:10FAD00000AF4FF0500383F31188BFF36F8FBFF374
:10FAE0004F8F7B6000BF0F4B1B6801330D4A1360C3
:10FAF0000C4B1B68012B10D10B4B1B68DBB2002B8E
:10FB00000BD04FF0500383F31188BFF36F8FBFF317
:10FB10004F8F3B6000BF00BFFDE700BF0C37BD4605
:10FB200080BC70475800002004ED00E080B483B032
:10FB300000AF124B1B68002B0BD14FF0500383F327
:10FB40001188BFF36F8FBFF34F8F7B6000BF00BF83
:10FB5000FDE70A4B1B68013B084A1360074B1B6813
:10FB6000002B05D100233B603B6883F3118800BF65
:10FB700000BF0C37BD4680BC704700BF5800002056
:10FB8000EFF30980BFF36F8F0D4B1A6820E9F00F78
:10FB900010602DE908404FF0500080F31188FEF707
:10FBA000D3FC4FF0000080F31188BDE808401968CD
:10FBB0000868B0E8F00F80F30988BFF36F8F7047D3
:10FBC0002C11002000BF00BF80B582B000AF4FF005
:10FBD000500383F31188BFF36F8FBFF34F8F7B60A8
:10FBE00000BFFEF7F1FB0346002B03D0064B4FF09E
:10FBF00080521A6000233B603B6883F3118800BF8A
:10FC000000BF0837BD4680BD04ED00E080B400AF02
:10FC10000A4B00221A600A4B00221A60094B1B682B
:10FC2000094AA2FB03239B09084A013B1360034BCB
:10FC300007221A6000BFBD4680BC704710E000E09C
:10FC400018E000E04C000020D34D621014E000E00A
:10FC500080B485B000AFEFF30583FB60FB680F2B2A
:10FC600015D9174AFB6813441B78FB72154B1B7898
:10FC7000FA7A9A420BD24FF0500383F31188BFF304
:10FC80006F8FBFF34F8F7B6000BF00BFFDE70E4B50
:10FC90001B6803F4E0620D4B1B689A420BD94FF0CE
:10FCA000500383F31188BFF36F8FBFF34F8F3B6017
:10FCB00000BF00BFFDE700BF1437BD4680BC7047E2
:10FCC000F0E300E0581700200CED00E05C17002086
:10FCD00080B58AB000AF78600023FB61FEF7A8FA18
:10FCE0005C4B1B68002B01D100F01AF95A4B1A68C3
:10FCF0007B681340002B40F090807B68002B1ED067
:10FD000008227B6813447B607B6803F00703002BA9
:10FD100015D07B6823F0070308337B607B6803F012
:10FD20000703002B0BD04FF0500383F31188BFF370
:10FD30006F8FBFF34F8F7B6100BF00BFFDE77B6814
:10FD4000002B6AD0454B1B687A689A4265D8444BB1
:10FD50003B62434B1B687B6204E07B6A3B627B6ACD
:10FD60001B687B627B6A5B687A689A4203D97B6A0C
:10FD70001B68002BF1D1374B1B687A6A9A424CD032
:10FD80003B6A1B6808221344FB617B6A1A683B6A62
:10FD90001A607B6A5A687B68D21A08235B009A4211
:10FDA00020D97A6A7B681344BB61BB6903F00703FF
:10FDB000002B0BD04FF0500383F31188BFF36F8FEC
:10FDC000BFF34F8F3B6100BF00BFFDE77B6A5A68FE
:10FDD0007B68D21ABB695A607B6A7A685A60B869D4
:10FDE00000F000F91D4B1A687B6A5B68D31A1B4A46
:10FDF00013601A4B1A681B4B1B689A4203D2174BAD
:10FE00001B68184A13607B6A5A68134B1B681A43B5
:10FE10007B6A5A607B6A00221A60FEF717FAFB6958
:10FE2000002B01D1EEF7E8FDFB6903F00703002B7F
:10FE30000BD04FF0500383F31188BFF36F8FBFF3E4
:10FE40004F8FFB6000BF00BFFDE7FB6918462837F6
:10FE5000BD4680BD68670020746700206C67002085
:10FE6000606700207067002080B586B000AF7860C2
:10FE70007B687B617B68002B4AD008235B427A69F0
:10FE800013447B617B693B613B695A68224B1B6869
:10FE90001340002B0BD14FF0500383F31188BFF3B5
:10FEA0006F8FBFF34F8FFB6000BF00BFFDE73B6963
:10FEB0001B68002B0BD04FF0500383F31188BFF366
:10FEC0006F8FBFF34F8FBB6000BF00BFFDE73B6983
:10FED0005A68114B1B681340002B19D03B691B68F3
:10FEE000002B15D13B695A680B4B1B68DB431A404A
:10FEF0003B695A60FEF79CF93B695A68074B1B68DF
:10FF00001344064A1360386900F06CF8FEF79EF956
:10FF100000BF1837BD4680BD746700206C670020A5
:10FF200080B485B000AF4FF4A043BB60274BFB60AB
:10FF3000FB6803F00703002B0CD0FB680733FB6062
:10FF4000FB6823F00703FB60BA68FB68D31A1F4AFB
:10FF50001344BB60FB687B601D4A7B6813601C4BCD
:10FF600000225A607B68BA681344FB600822FB6871
:10FF70009B1AFB60FB6823F00703FB60FB68154AD4
:10FF80001360144B1B6800225A60124B1B6800223E
:10FF90001A607B683B603B68FA68D21A3B685A601B
:10FFA0000C4B1A683B681A603B685B680A4A13602E
:10FFB0003B685B68094A1360094B4FF000421A60C6
:10FFC00000BF1437BD4680BC704700BF60170020DB
:10FFD0006067002068670020706700206C67002061
:10FFE0007467002080B485B000AF7860274BFB6059
:10FFF00002E0FB681B68FB60FB681B687A689A423A
:020000040802F0
:10000000F7D8FB68BB60FB685B68BA6813447A6822
:100010009A4208D1FB685A687B685B681A44FB689F
:100020005A60FB687B607B68BB607B685B68BA6812
:100030001A44FB681B689A4218D1FB681A68144B73
:100040001B689A420DD07B685A68FB681B685B6826
:100050001A447B685A60FB681B681A687B681A60E0
:1000600008E00B4B1A687B681A6003E0FB681A68AB
:100070007B681A60FA687B689A4202D0FB687A68EB
:100080001A6000BF1437BD4680BC7047606700200F
:100090006867002080B400AFBFF34F8F00BF064BEE
:1000A000DB6803F4E0620449044B1343CB60BFF305
:1000B0004F8F00BF00BFFDE700ED00E00400FA0530
:1000C00080B483B000AF78600B46FB707B6893F818
:1000D0000231CF2B20D87B6893F8013119467B6819
:1000E000FA785A547B6893F8013101335A42DBB2F3
:1000F000D2B258BF5342DAB27B6883F801217B68E1
:10010000002283F803217B6893F802310133DAB2CD
:100110007B6883F8022110E07B68012283F80321C9
:100120007B6893F8003101335A42DBB2D2B258BF38
:100130005342DAB27B6883F8002100BF0C37BD461A
:1001400080BC704780B582B000AF786039607B6852
:1001500093F802311A463968786800F005F80346CA
:1001600018460837BD4680BD80B586B000AFF86040
:10017000B9601346FB71FB6893F80231002B02D083
:10018000FB79002B01D1002337E00023FB7519E038
:10019000FB6893F800311946FB7DBA681344FA688E
:1001A000525C1A70FB6893F8003101335A42DBB29B
:1001B000D2B258BF5342DAB2FB6883F80021FB7D0C
:1001C0000133FB75FA7DFB799A4205D2FB6893F8FF
:1001D0000231FA7D9A42DBD3FB6893F80221FB7D62
:1001E000D31ADAB2FB6883F80221FB68002283F895
:1001F0000321F86800F005F8FB7D18461837BD4666
:1002000080BD80B483B000AF78607B68002283F843
:1002100000217B68002283F801217B68002283F89B
:1002200002217B68002283F8032100BF0C37BD4602
:1002300080BC704780B584B002AF7860464B1B78B5
:10024000022B00F284807B6803F5A0731846FFF749
:10025000D8FF7B681B78032B09D1404A7968404856
:10026000FCF7E2F802467B68C3F8302135E07B6892
:100270001B78042B30D13B4A79683B48FCF7D4F813
:1002800002467B68C3F830217B68B3F822311946F7
:100290007B68D3F83831354A009200223448FEF7A3
:1002A000FBFF02467B68C3F838217B68D3F83831FE
:1002B000002B01D100BFFDE72E4A10210520FCF7DD
:1002C000E5FA02467B68C3F82C217B68D3F82C3111
:1002D000002B02D100BFFDE7FEE77B68D3F8303189
:1002E000002B01D100BFFDE77B68D3F83431224AEF
:1002F0000092002205212148FEF7CEFF02467B68CE
:10030000C3F834217B68D3F83431002B01D100BF0E
:10031000FDE71B4A01210120FCF75EF902467B68DC
:10032000C3F83C217B68D3F83C31002B01D100BFDE
:10033000FDE7094B1B781946124A7B6842F82130C9
:10034000054B1B780133DAB2034B1A7000E0FEE76D
:100350000837BD4680BD00BF846700203C390208D5
:100360008105020860390208B10A02082505020861
:10037000F836020824390208A104020808370208E6
:10038000843902087867002080B582B000AF7860B9
:100390007B6893F84432012B10D07B6893F8443289
:1003A000032B0BD07B6893F84432022B06D07B687A
:1003B00093F84432042B01D000BFFDE77B6893F82B
:1003C0004432042B01D100BFFDE77B6893F844322F
:1003D000012B04D07B6893F84432042B41D17B6815
:1003E000DB68002B07D07B68D8687B681B8A0022FB
:1003F0001946F7F77EFA7B681B78032B06D17B68DA
:10040000D3F81831002B01D100BFFDE700BF7B6896
:100410005B681846FBF70AFD0346202BF7D17B6883
:1004200058687B6803F5937301221946FBF71AF9A4
:100430000346002B01D000BFFDE77B681B7A002B31
:1004400005D07B681B78042B01D100BFFDE77B68DA
:100450001B7A002B05D17B681B78032B01D100BFD1
:10046000FDE77B68002283F813217B6893F8132152
:100470007B6883F814217B680022A3F820217B6825
:10048000B3F820217B68A3F81E217B68B3F81E21F6
:100490007B68A3F81C2100BF0837BD4680BD000063
:1004A00080B586B002AF78600023FB602AE01B4A6B
:1004B000FB6852F82330D3F834317A689A421ED15F
:1004C000164AFB6852F823301B78042B0CD1134AD0
:1004D000FB6852F82330D3F838010023009300233F
:1004E00000220321FEF72CFF0C4AFB6852F8233050
:1004F000D3F83001002303220021FEF7AFFCFB6894
:100500000133FB60064B1B781A46FB689342CEDB37
:1005100000BF00BF1037BD4680BD00BF7867002018
:100520008467002080B584B000AF78600023FB6052
:1005300017E0114AFB6852F82330D3F838317A6853
:100540009A420BD10C4AFB6852F82330D3F83001A1
:10055000002303226FF00701FEF780FCFB680133E4
:10056000FB60064B1B781A46FB689342E1DB00BF39
:1005700000BF1037BD4680BD78670020846700202B
:1005800080B586B000AF78607B683B613B69002234
:100590009A743B6993F84432012B04D03B6993F879
:1005A0004432042B17D14FF0FF310120FEF70AFC33
:1005B000386900F061FC034613F1030F0BD13B696E
:1005C000FD229A743B69B3F8203101339AB23B693A
:1005D000A3F82021FDE03B6993F81331062B03D8E3
:1005E0003B69FA229A74F4E03B69012283F82821DE
:1005F0003B69DB7C002B03D13B69002283F8282177
:100600003B69DA7C3B691B7A9A4205D03B6993F8D7
:100610002831002B40F0DC80386900F0A9FC03464B
:10062000FB73FB7B002B14D0FB7B3969184600F071
:10063000D9FD386900F0F3FD97F90F203B699A74F2
:100640003B69B3F8203101339AB23B69A3F820210A
:10065000BFE03B6900229A743B69D3F83C314FF00C
:10066000FF311846FDF726F83B69062283F813216F
:100670003B691B7D3B723B695A7D3B699B7D1946FB
:100680001046F6F79BFA03467B813B69DA7D3B69AE
:100690001B7E19461046F6F791FA0346BB813B696B
:1006A00093F82831002B74D03B691B7D013B052B4F
:1006B0006ED801A252F823F0D1060208D106020832
:1006C000E9060208010702081907020831070208B3
:1006D00007F1080319463869F0F7ECFA03461A46A1
:1006E0003B6983F8272154E007F10803194638696C
:1006F000F0F76FFB03461A463B6983F8272148E071
:1007000007F1080319463869F0F7BAFB03461A46A1
:100710003B6983F827213CE007F108031946386953
:10072000F0F74CFF03461A463B6983F8272130E077
:100730007B89132B20D1BB8940F21F2293421BD10E
:10074000386900F06CFD3B69082283F827210023FB
:100750007B6103E000BF7B6901337B617B691D4ADC
:100760009342F7D93B69D3F83C01002300220021D2
:10077000FCF790FCFFF78EFC07F108031946386977
:10078000F0F735FF03461A463B6983F8272100E05E
:1007900000BF3B6993F91230002B0DD03B6993F9F0
:1007A000123013F1080F07D03B6993F91230DBB216
:1007B0003969184600F016FD386900F030FD3B69D4
:1007C000D3F83C01002300220021FCF763FC00E089
:1007D00000BFDBE63F420F0084B080B584B000AFBD
:1007E000786007F11C0080E80E000023BB737B6873
:1007F000D3F83C314FF0FF311846FCF75BFF7B68C4
:100800001B7A002B01D0FF23BB737B6893F9273140
:10081000002B01D0FE23BB733B7F002B02D03B7F1C
:10082000F72B01D9F723BB73BB7B002B0ED097F9B5
:100830000E207B689A747B68D3F83C010023002269
:100840000021FCF727FC97F90E3029E17A6A7B68D2
:10085000C3F818213A7F7B68DA747A7F7B681A754F
:10086000FB8B1B0A9BB2DAB27B685A75FB8BDAB240
:100870007B689A757B7F013B0F2B00F2FE8001A203
:1008800052F823F0C5080208C5080208C508020886
:10089000C5080208E3080208050902087B0A0208E5
:1008A0007B0A02087B0A02087B0A02087B0A02080C
:1008B0007B0A02087B0A02087B0A02082709020851
:1008C000E50902083B8C1B0A9BB2DAB27B68DA7539
:1008D0003B8CDAB27B681A767B68062283F8132198
:1008E000CBE07B6A1B88002B01D0FF2200E00022B6
:1008F0007B68DA757B6800221A767B68062283F8AB
:100900001321BAE07B6A1B881B0A9BB2DAB27B68B0
:10091000DA757B6A1B88DAB27B681A767B680622F6
:1009200083F81321A9E03B8C1B099BB27B727B7A75
:100930005B00FB733B8C03F00F039BB2002B05D0D5
:10094000FB7B0133FB737B7A01337B723B8C1B0A8D
:100950009BB2DAB27B68DA753B8CDAB27B681A76C6
:100960007B68FA7B5A767B68072283F81321002381
:10097000BB8131E0BB8903F001039BB2002B0FD098
:100980007A6ABB895B089BB25B0013441A887B6858
:1009900093F813311946D2B27B680B44DA7410E035
:1009A0007A6ABB895B089BB25B0013441B881B0AF5
:1009B0009AB27B6893F813311946D2B27B680B4424
:1009C000DA747B6893F813310133DAB27B6883F809
:1009D0001321BB890133BB81FB7B9BB2BA899A424D
:1009E000C8D34AE03B8C1B0A9BB2DAB27B68DA754B
:1009F0003B8CDAB27B681A763B8CDBB25B00DAB2F6
:100A00007B685A767B68072283F8132100237B8159
:100A10002EE07A6A7B895B0013441B881B0A9AB21A
:100A20007B6893F813311946D2B27B680B44DA74B1
:100A30007B6893F813310133DAB27B6883F81321B2
:100A40007A6A7B895B0013441A887B6893F81331B8
:100A50001946D2B27B680B44DA747B6893F8133181
:100A60000133DAB27B6883F813217B8901337B8100
:100A70003B8C7A899A42CCD300BF786800F0CFFBD8
:100A80007B68D3F83C01002300220021FCF702FB25
:100A90007B68012283F827217B6800229A74002357
:100AA00018461037BD46BDE8804004B0704700BF0F
:100AB00080B58CB002AF78607B687B627B6AD3F8CC
:100AC0002C3107F10C014FF0FF321846FCF710FDF6
:100AD0007B6A5B685B68B3F5964F0BD87B6A5B6893
:100AE0005B6848F6B802B2FBF3F302331846FBF733
:100AF00045FD02E00320FBF741FDBB69009307F1D0
:100B00000C030ECB786AFFF767FE4FF0FF31012030
:100B1000FEF758F938627B6A00229A743B6A002B10
:100B200018D07B6A002283F827217B6AF8229A7406
:100B30007B6AB3F8203101339AB27B6AA3F8202193
:100B4000B8697B6A93F91230194600230322FEF735
:100B500085F999E0786A00F08FF97B6A93F8133190
:100B6000052B18D87B6A002283F827217B6AFA229A
:100B70009A747B6AB3F8203101339AB27B6AA3F886
:100B80002021B8697B6A93F91230194600230322A9
:100B9000FEF764F978E07B6AD3F83801002300930C
:100BA000002300220321FEF7CBFB786A00F0F4F863
:100BB0000346FB7797F91F30002B10D07B6A002289
:100BC00083F827217B6AFA7F9A74B8697B6A93F964
:100BD0001230194600230322FEF740F954E07B6AE5
:100BE000FA7F9A747B6AD3F83C314FF0FF31184694
:100BF000FCF760FD7B6A1B7D013B0F2B2AD801A20D
:100C000052F823F0450C0208450C02084D0C02086E
:100C10004D0C0208550C0208550C0208550C020830
:100C2000550C0208550C0208550C0208550C020818
:100C3000550C0208550C0208550C0208550C020808
:100C4000550C0208786A00F021F804E0786A00F098
:100C500074F800E000BF7B6A002283F827217B6ADA
:100C600093F91230002B0ED17B6AD3F83C0100239C
:100C700000220021FCF70EFAB869002303226FF06E
:100C80000A01FEF7EBF800BF18E700BF90B585B08A
:100C900000AF78600323BB730023FB7343E0FB7B4F
:100CA00003F00103DBB2002B1CD0FA7BBB7B1344A7
:100CB0007A681344D87C7B68D3F81821FB7B5B08E7
:100CC000DBB25B0013441B88D9B27B68D3F81821D0
:100CD000FB7B5B08DBB25B00D41800F02BFA034609
:100CE00023801DE07B68D3F81821FB7B5B08DBB217
:100CF0005B0013441B881B0A9BB2D8B2FA7BBB7BF8
:100D000013447A681344D97C7B68D3F81821FB7BA1
:100D10005B08DBB25B00D41800F00CFA03462380BA
:100D2000FB7B0133FB737B685B7DFA7B9A42B6D316
:100D300000BF00BF1437BD4690BD90B585B000AF71
:100D400078600323FB730023BB7318E0FB7B7A6896
:100D50001344D87CFB7B01337A681344D97C7B68CD
:100D6000D3F81821BB7B5B00D41800F0E3F90346ED
:100D70002380FB7B0233FB73BB7B0133BB737B683C
:100D80005B7D5B08DBB2BA7B9A42DFD300BF00BF5A
:100D90001437BD4690BD000080B584B000AF7860C8
:100DA0007B6893F81331023B7A681344DB7C1BB2F7
:100DB0001B021AB27B6893F81331013B79680B442C
:100DC000DB7C1BB213431BB2BB817B6803F11302B4
:100DD0007B6893F81331023BDBB21946104600F0F2
:100DE000BBF903461A46BB89934209D07B68B3F826
:100DF000203101339AB27B68A3F82021FC2334E030
:100E00007B681B7D5BB2002B09DA7B68B3F820316D
:100E100001339AB27B68A3F82021FB2325E000234D
:100E2000FB730023BB730CE0BB7B124AD25C7B6874
:100E30001B7D9A4202D10123FB7305E0BB7B01338A
:100E4000BB73BB7B052BEFD9FB7B83F00103DBB2CC
:100E5000002B09D07B68B3F8203101339AB27B684C
:100E6000A3F82021012300E0002318461037BD46D7
:100E700080BD00BF9439020890B587B002AF78609A
:100E80007B6893F84432012B04D17B685B68184679
:100E9000FAF70EFC7B6893F84332002B09D07B688D
:100EA00003F5A0731846FFF7ACF94FF6FD73FB810D
:100EB00019E07B6803F5A0727B681333194610466E
:100EC000FFF740F903461A467B6883F813217B68D5
:100ED000B3F81C3101339AB27B68A3F81C217B68FC
:100EE00093F81331FB817B6893F84432012B37D19F
:100EF0000023BB6013E0BB680133BB60BB68052BFC
:100F000005D97B685B681846FAF727FB0FE0174B9B
:100F10004FF080521A60BFF34F8FBFF36F8F7B6823
:100F20005B681846FAF782FF0346202BE3D17B6803
:100F300058687B6803F5937301221946FAF792FB10
:100F40000346002B0CD07B68D3F83441FDF71CFA24
:100F5000024600230093002301212046FEF7F0F90A
:100F6000B7F90E3018461437BD4690BD04ED00E0C9
:100F700080B586B000AF78607B6893F81331023B90
:100F80007A681344DB7C1BB21B021AB27B6893F8AD
:100F90001331013B79680B44DB7C1BB213431BB25A
:100FA000BB827B6803F113027B6893F81331023B29
:100FB000DBB21946104600F0CFF803461A46BB8A4A
:100FC000934209D07B68B3F8203101339AB27B6831
:100FD000A3F82021FC23A7E00023FB750023BB75A9
:100FE0000CE0BB7D524AD25C7B681B7D9A4202D1E9
:100FF0000123FB7505E0BB7D0133BB75BB7D052B74
:10100000EFD9FB7D83F00103DBB2002B09D07B68B5
:10101000B3F8203101339AB27B68A3F82021012371
:1010200082E07B685A7D7B689B7D1946104600F004
:1010300081F803467B827B68DA7D7B681B7E1946DC
:10104000104600F077F803463B827B681B7D013B2E
:10105000052B68D801A252F823F000BF75100208D2
:101060008F100208A9100208C3100208DD10020840
:10107000F71002083A8A7B8A11461846EFF73CF9C6
:101080000346FB73FB7B002B42D0FB7B4CE03A8A90
:101090007B8A11461846EFF75FF90346FB73FB7B2B
:1010A000002B37D0FB7B3FE03A8A7B8A11461846FB
:1010B000EFF774F90346FB73FB7B002B2CD0FB7B13
:1010C00032E03A8A7B8A11461846EFF7C7F90346A1
:1010D000FB73FB7B002B21D0FB7B25E03A8A7B8ACC
:1010E00011461846EFF74DFA0346FB73FB7B002BC6
:1010F00016D0FB7B18E03A8A7B8A11461846EFF738
:1011000083FA0346FB73FB7B002B0BD0FB7B0BE0CE
:1011100000BF08E000BF06E000BF04E000BF02E03F
:1011200000BF00E000BF002318461837BD4680BD51
:101130009439020880B485B000AF03460A46FB71BB
:101140001346BB71BB793B73FB797B73BB89184634
:101150001437BD4680BC704780B487B000AF78605C
:101160000B46FB704FF6FF737B610023FB7423E09B
:10117000FB7C7A6813441B781A467B6953407B6179
:101180000123BB7412E07B6903F00103BB607B6940
:101190005B087B61BB68002B05D07B6983F420432F
:1011A00083F001037B61BB7C0133BB74BB7C082BE8
:1011B000E9D9FB7C0133FB74FA7CFB789A42D7D3E4
:1011C0007B691B0AFB607B691B02FA6813437B6126
:1011D0007B699BB27B617B699BB218461C37BD461D
:1011E00080BC704780B483B000AF03463960FB71A8
:1011F0003B681A7A3B68DA743B681B7D63F07F03B7
:10120000DAB23B681A753B68FA795A753B68032273
:1012100083F8132100BF0C37BD4680BC704790B5E2
:1012200087B002AF78607B681B78032B11D17B6895
:1012300093F82831002B0CD17B68002283F813210E
:101240007B68B3F81E3101339AB27B68A3F81E2184
:1012500086E07B6803F113027B6893F8133119462B
:101260001046FFF779FF0346FB81FB891B0A9AB200
:101270007B6893F813311946D2B27B680B44DA7459
:101280007B6893F813310133DAB27B6883F813215A
:101290007B6893F813311946FB89DAB27B680B44FB
:1012A000DA747B6893F813310133DAB27B6883F820
:1012B00013217B68DB68002B0CD07B685B681846C9
:1012C000FAF74EFD7B68D8687B681B8A01221946B5
:1012D000F6F70FFB7B6858687B6803F113017B68A6
:1012E00093F813311A46FAF788F9FA210120FDF72D
:1012F00069FD00BF7B685B681B681B6803F04003E7
:10130000002BF7D07B68DB68002B0CD07B68D8689B
:101310007B681B8A00221946F6F7EBFA7B685B684C
:101320001846FAF750FD7B681B78042B0CD17B68BC
:10133000D3F83841FDF728F8024600230093002334
:1013400002212046FDF7FCFF7B68002283F8132171
:101350007B68B3F81E3101339AB27B68A3F81E2173
:101360001437BD4690BD000080B586B002AF7860EE
:101370000023BB600023FB6019E0174AFB6852F8AA
:1013800023305B687A689A420ED1134AFB6852F8A0
:101390002330D3F8300107F1080300930023002223
:1013A0000021FDF709FE08E0FB680133FB600B4BF1
:1013B0001B781A46FB689342DFDBBB68002B07D023
:1013C000074B4FF080521A60BFF34F8FBFF36F8F00
:1013D00000BF1037BD4680BD7867002084670020BD
:1013E00004ED00E090B587B002AF78600023BB60E9
:1013F0000023FB6043E02D4AFB6852F823305B6812
:101400007A689A4238D1294AFB6852F8233093F817
:101410004432012B3AD1254AFB6852F8233003F5B8
:10142000A0722249FB6851F8233093F826311946FF
:101430001046FEF745FE1D4AFB6852F823305868F7
:101440001A4AFB6852F8233003F5937301221946B8
:10145000FAF708F9154AFB6852F82330D3F83441FB
:10146000FCF7A0FF024607F10803002100910721C5
:101470002046FDF765FF09E0FB680133FB600C4B7C
:101480001B781A46FB689342B5DB00E000BFBB68DF
:10149000002B07D0074B4FF080521A60BFF34F8FDD
:1014A000BFF36F8F00BF1437BD4690BD7867002033
:1014B0008467002004ED00E090B589B002AF786049
:1014C00000233B6100237B6153E0344A7B6952F87F
:1014D00023305B687A689A4248D1304A7B6952F877
:1014E000233093F84432012B40D17B681B681B6882
:1014F00003F00803082B0AD10023FB607B681B68FC
:101500001B68FB607B681B685B68FB60FB687B6833
:101510001B681B6803F00603062B0AD10023BB607F
:101520007B681B681B68BB607B681B685B68BB6073
:10153000BB681A4A7B6952F8233003F59373012282
:1015400019467868FAF78EF8144A7B6952F8233006
:10155000D3F83441FCF726FF024607F110030021BF
:10156000009107212046FDF7EBFE08E07B6901337F
:101570007B610B4B1B781A467B699342A5DB3B6969
:10158000002B07D0074B4FF080521A60BFF34F8FEC
:10159000BFF36F8F00BF1C37BD4690BD786700203A
:1015A0008467002004ED00E00EB44FF4017270B5C2
:1015B00000259DB021AC54F8046BADF814201B95A8
:1015C00002900690EAF734FE0B4B03900B934FF614
:1015D000FF7307900948ADF816303246234602A93A
:1015E00000680F951495019400F0FCF91DB0BDE85A
:1015F000704003B0704700BF011602085C00002075
:101600000020704703460244934200D1704703F81C
:10161000011BF9E72D4B70B51B680446834253D07C
:10162000C3691BB3DB6863B10025E369DB68595903
:10163000B1B90435802DF8D1E3692046D96800F0AE
:1016400081F8E369196811B1204600F07BF8E3697D
:101650009D685DB1294620462D6800F073F8F8E7D3
:101660000E68204600F06EF83146E1E7616911B17D
:10167000204600F067F8E16911B1204600F062F8F9
:10168000216B11B1204600F05DF8616B11B120466D
:1016900000F058F8A16B11B1204600F053F8A16C8E
:1016A00011B1204600F04EF8616C11B1204600F0F7
:1016B00049F8E16A11B1204600F044F8236A1BB1F1
:1016C0002046BDE87040184770BD00BF5C00002098
:1016D000014B1868704700BF5C00002070B5002601
:1016E0000C4D0D4C641BA410A64209D101F040FF23
:1016F00000260A4D0A4C641BA410A64205D170BDF9
:1017000055F8043B98470136EEE755F8043B9847F7
:101710000136F2E7483B0208483B0208483B020812
:101720004C3B0208704770470A44914200F1FF3376
:1017300000D1704710B511F8014B914203F8014FE9
:10174000F9D110BD38B50546002940D051F8043C08
:101750000C1F002BB8BFE41800F0DEF81C4A136819
:1017600033B9636014602846BDE8384000F0DAB849
:10177000A34208D9206821188B4201BF19685B6811
:1017800009182160EDE71A465B680BB1A342FAD94C
:1017900011685018A0420BD12068014450188342B0
:1017A0001160E0D118685B68084410605360DAE7A4
:1017B00002D90C232B60D6E7206821188B4201BF89
:1017C00019685B680918216063605460CBE738BD15
:1017D000CC68002070B50F4E0C463168054611B933
:1017E00000F032FC30602146284600F02DFC431CFE
:1017F00003D14FF0FF34204670BDC41C24F0030415
:10180000A042F8D0211A284600F01EFC0130F2D187
:10181000EFE700BFC86800202DE9F843CD1C25F094
:10182000030508350C2D38BF0C25002D064601DBBD
:10183000A94204D90C2333600020BDE8F883DFF807
:10184000D48000F069F8D8F800301C4644BB294623
:101850003046FFF7BFFF431C044658D1D8F800407C
:101860002746002F43D1002C4BD023683946304601
:1018700004EB030900F0E8FB814542D121683046C2
:101880006D1A2946FFF7A6FF01303AD023682B4492
:101890002360D8F800305A6862BBC8F800700FE0C7
:1018A0002268521B20D40B2A17D96119A342256044
:1018B00018BF5960636808BFC8F8001062514B60D8
:1018C000304600F02FF804F10B00231D20F0070034
:1018D000C21A1CBF1B1AA350AFE76268A3420CBF19
:1018E000C8F800205A60EBE723466468AEE73C4640
:1018F0007F68B6E71A465B68A342FBD100235360BA
:10190000DEE70C233046336000F00CF894E7056006
:10191000D6E700BFCC6800200148FFF703BF00BF37
:10192000C46800200148FFF7FEBE00BFC468002065
:1019300038B54B1C144603D14FF0FF35284638BD4F
:101940009389CDB223F020039381636B52688BB1EE
:10195000A36B934208DD23685A1E226003F8015CE2
:10196000636801336360E9E7214600F034FB002837
:10197000F1D0E1E72169236851B1994208D213F807
:10198000011CA94204D1013B013223606260D5E70A
:10199000C4E90F3204F1440363630323A3632346C2
:1019A00003F8465F23600123DCE710B50C46496B62
:1019B00069B104F14403994201D0FFF7C3FE00204E
:1019C000236C6063636013B1E36B236010BD236914
:1019D0004FF0FF30236000236360A38943F02003AE
:1019E000A381F3E72DE9F04F0C4600210646ADF543
:1019F000237DCDE94411AB490DF10408A091AA491A
:101A0000AA4FCDF81881A191009392F80090B9F1F6
:101A1000000F00F0598117F80930551C13F0080326
:101A200019D06368002B0FDD23681A78BA5C12079F
:101A300001D42A46E9E7459A0133013245926268AA
:101A40002360013A6260ECE721463046A19B98474B
:101A50000028E9D0EDE7B9F1250F40F086804193E9
:101A6000439353782A2B04BF1023951C4FF00A028E
:101A700008BF4193AA461AF8011BA1F13003092BB4
:101A80001ED9DFF82CB20322584600F0EDFA38B127
:101A900001235546419AA0EB0B0083401343419329
:101AA00015F8013B782B06D8572B10D8252B5CD086
:101AB00056D8002B74D0032347930A23429387E020
:101AC000439B554602FB031130394391D2E7A3F102
:101AD0005802202AEFD801A151F822F0AF1B0208CA
:101AE000B71A0208B71A0208091C0208B71A020836
:101AF000B71A0208B71A0208B71A0208B71A02087A
:101B0000B71A0208B71A02081F1C0208051C0208AF
:101B1000671B0208671B0208671B0208B71A020846
:101B2000C11B0208B71A0208B71A0208B71A02083E
:101B3000B71A02082F1C0208C91B0208A71B0208BB
:101B4000B71A0208B71A02082B1C0208B71A0208B3
:101B5000051C0208B71A0208B71A0208AF1B0208D0
:101B6000453B022BA7D8052331E06368002B0DDD30
:101B700023681A784A4540F0A780013362682360E1
:101B8000459B013A01336260459352E72146304656
:101B9000A19B98470028EBD04498002840F08C8007
:101BA0004FF0FF308CE0419A42F020024192419A7E
:101BB00042F40072419210226E2B429202D905E04B
:101BC00000234293032302E0082342930423479314
:101BD0006368002B39DD419B590604D423681A78C9
:101BE000BA5C120738D4479B022B47DC6B4622466F
:101BF000304641A900F06AF8012865D002287FF438
:101C000018AFC9E70A22D7E72946404600F0AAF9EB
:101C1000419B054643F0400341930123D7E7419B95
:101C200043F0400341930023D1E70223CFE74198DB
:101C3000C3063FF5FEAE009B459A191D00911B6837
:101C4000C0074CBF1A801A60F3E621463046A19BBC
:101C500098470028BFD09FE7459A013245926268B5
:101C6000013A002A626002DD01332360B6E72146B3
:101C70003046A19B98470028B0D08DE7042B06DCA6
:101C80006B462246304641A900F07AF8B4E7094B8A
:101C9000002B3FF4CEAE6B462246304641A9AFF34F
:101CA0000080A9E731190208AB190208BA39020805
:101CB0009A39020800000000A3895B063FF570AF67
:101CC0000DF5237DBDE8F08F4498F9E72DE9F84341
:101CD00015468A6880460C4632B98A69002A14BFC4
:101CE0004FF0FF3201228A6000272268DFF88C90D3
:101CF000D1065FBF1A68111D19601668A06988B106
:101D0000012807D12B681A7863699B5C53B9002FAF
:101D100031D022E0022820D12B681B7819F803303B
:101D20001B071AD423680137DA065EBF2B681B78BD
:101D300006F8013B2A686B6801322A60A268013B01
:101D4000013A6B60A26042B1002BD7DC29464046C5
:101D5000D4F8803198470028D0D0236813F01003BE
:101D600005D1E2680132E260A26902B1337000205D
:101D700023693B442361BDE8F88300BFBA390208F8
:101D80002DE9F04F0C469846724B87B082461646B6
:101D900093E8070003AB83E807006F4BA1696F4A24
:101DA0002746032908BF1A46A36801925A1EB2F5B6
:101DB000AE7F81BF6FF4AE7503EB050940F25D1392
:101DC000A36057F81C3B98BF4FF000093D464FF009
:101DD000000B43F450632360316803AB022209789F
:101DE00053F82B0000F040F928B3BBF1010F59D193
:101DF00062682AB908212268616042F40072226098
:101E0000226822F4A0622260A268511EA16092B1F1
:101E10003268511C3160127805F8012B7268013A62
:101E2000002A726007DC31465046D4F88021904782
:101E3000002840F085800BF1010BBBF1030FCBD1E3
:101E400063680BB90A236360636845496069C91A0E
:101E500000F088F84FF0000BA3682268002B3DD0FB
:101E60003168606991F800C010F80C00002835D086
:101E7000BCF1300F24D1100522D50BF1010BB9F1C3
:101E8000000F03D0013309F1FF39A3607368013BF0
:101E9000002B73601BDD336801333360A368013BA3
:101EA000A360D9E7BBF1020FAED1226802F4C06192
:101EB000B1F5007FC4D1102142F480726160A2E7C5
:101EC00022F4106222600B7805F8013BDEE7314610
:101ED0005046D4F8803198470028DFD02368D905D0
:101EE0000DD5BD4209D915F8011C32465046D4F82B
:101EF0007C3105F1FF3998474D46BD4228D0226814
:101F000012F0100213D12A70394663685046019EC0
:101F1000B047D8F8003021681A1DC8F8002011F029
:101F2000200F1B680FD01860E3680133E3600020C6
:101F30002369ED1B5D442B44236107B0BDE8F08F9E
:101F40004FF0000BCAE7CA074CBF18801860EBE7D8
:101F50000120F2E714370208D5210208B522020851
:101F6000AE39020870B50B7804465E2B0BBF4B7878
:101F70004A1C8A1C002108BF0121013804F1FF0519
:101F800000F8011FA842FBD10BB9501E70BD81F0B3
:101F900001011046E154024612F8015B2D2D05D0D7
:101FA0005D2D16D0002DF1D02B46F2E746785D2E40
:101FB000FAD0B342F8DC1A46023001329642A154FC
:101FC000FBDCF21A013AB342A8BF00225D1CAB1839
:101FD000E1E71046DAE72DE9F0410C46496B04F1E0
:101FE000440399421BD14FF48061FFF715FC18B9E7
:101FF0004FF0FF30BDE8F0814FF48063A36394F8A5
:102000004630606380F8FF3394F8453000F2FD30CD
:10201000437094F84430037020600020EAE7A66B18
:1020200077003A4600F02EF805460028E0D000EB95
:102030000608014632464046FFF776FBC4E90D57D5
:10204000C4F80080E9E7000038B50023054D0446D8
:1020500008462B60F4F776FD431C02D12B6803B1D0
:10206000236038BDC0680020034610B5C9B20244E1
:102070009342184601D1002003E0047801338C42DA
:10208000F6D110BD2DE9F041074614460D4621B9A1
:102090001146BDE8F041FFF7BFBB2AB9FFF752FB7D
:1020A00025462846BDE8F08100F006F98442064640
:1020B00002D8B4EB500FF4D821463846FFF7ACFBFA
:1020C000804608B94546ECE7B4422246294628BF77
:1020D0003246FFF729FB29463846FFF733FBF1E785
:1020E000242B2DE9F0478646904601D8012B06D1D6
:1020F000FFF7EEFA162303600020BDE8F0870D46D7
:1021000033482A4615F8014B065D16F00806F8D14B
:102110002D2C10D101262C78951C33F0100215D1EE
:10212000302C0DD12A7802F0DF02582A08D16C78C1
:10213000023510230AE02B2C04BF2C78951CECE709
:10214000002BF6D1302C14BF0A230823002206F1FD
:10215000004C0CF1FF3CBCFBF3F9104603FB19CA21
:10216000A4F13007092F0FD83C46A3421BDD571CB2
:1021700007D0814514D301D1A24511DB012200FB18
:10218000034015F8014BEBE7A4F14107192F01D8E3
:10219000373CEAE7A4F16107192F04D8573CE4E77C
:1021A0004FF0FF32EDE7531C08D122236046CEF8F2
:1021B0000030B8F1000FA0D0691E06E006B1404221
:1021C000B8F1000F99D0002AF6D1C8F8001094E7B2
:1021D000BA390208FFF784BF2DE9F04386460D4661
:1021E000334E284615F8014B375D17F00807F8D134
:1021F0002D2C10D101272C78851C33F0100015D11F
:10220000302C0DD1287800F0DF00582808D16C78E8
:10221000023510230AE02B2C04BF2C78851CECE738
:10222000002BF6D1302C14BF0A2308234FF0FF38BF
:10223000B8FBF3F8002603FB08F930466FEA0909FA
:10224000A4F1300CBCF1090F10D86446A3421EDD86
:10225000B6F1FF3F07D0804516D301D1A14513DB6E
:10226000012600FB034015F8014BE9E7A4F1410CFE
:10227000BCF1190F01D8373CE8E7A4F1610CBCF1BF
:10228000190F04D8573CE1E74FF0FF36EBE7731C1A
:1022900006D122233046CEF8003032B9BDE8F083B3
:1022A00007B14042002AF9D006B1691E1160F5E776
:1022B000BA390208FFF790BF51F8043C181F002BF1
:1022C000BCBF0B58C01870472DE9F84314461D4693
:1022D0008046894600F018F9224606460F462B46EE
:1022E00020462946EAF702FCC8BB002200234046EC
:1022F0004946EAF7C9FBB8B1002200232046294627
:10230000EAF7C2FB002841D12046294600F060F8D8
:1023100028B30022002320462946EAF7BFFBF0B18C
:10232000FFF7D6F9222319E03046394600F050F87D
:10233000C8B94046494600F04BF8A0B120462946AE
:1023400000F046F878B132463B4630463946EAF767
:10235000CDFB0028E4D0FFF7BBF921230360304612
:102360003946BDE8F8830022002330463946EAF7B3
:102370008BFB0028F3D04046494600F029F800289E
:10238000EDD02046294600F023F8C8E70026014F8B
:10239000E5E700BF0000F03F00F0E4BD38B50546BA
:1023A00000F01CF8294604462846EAF701FF68B900
:1023B00000212846EAF7D4FE40B1FFF789F921232E
:1023C000002103600846EAF7E1FD0446204638BDD7
:1023D00041F0004000F58010C00F704720F000422F
:1023E000B2F1FF4F2DE9F041034604460AD30146FE
:1023F000EAF718FD01462046EAF70CFC04462046A1
:10240000BDE8F081002AFAD0002806DA0146EAF792
:10241000FFFB0146EAF7BAFDF0E710F0FF413CD0C0
:10242000C2150024192026464FF08071C3F316030D
:10243000A2F17F0543F40003D20758BF5B006D1083
:102440005B0072189A42CFBF1A46561864189A1A3F
:1024500001384FEA42034FEA5101F2D1BAB1154EA9
:10246000154F30683968EAF7D3FBD6F8008001468B
:102470004046EAF77FFE50B130683968EAF7CAFB98
:10248000366801463046EAF76BFE70B102346410DC
:1024900004F17C5404EBC554B1E75B0018020A4612
:1024A00001F10101F9D55242BBE7013424F00104E6
:1024B000EDE700BFC03A0208BC3A0208C0F3C753B8
:1024C0007F3B162B014610B514DC002B07DA0133D5
:1024D00000F0004101D141F07E51084610BD084A8C
:1024E0001A410242F9D04FF480011941014421EA16
:1024F0000201F2E7802BF0D1EAF78CFB0146ECE712
:10250000FFFF7F00000000002DE9F04F91B0CDE902
:1025100000238B46DDE9001828F00047824657EA81
:10252000010012D153468BF40022DB18524198422D
:10253000934B934180F0CD84DDE90023504659460A
:10254000E9F784FE11B0BDE8F08F8E4B2BF000450B
:102550009D425E46D1460BD805D1BAF1000FEBD1B2
:10256000AF42E9D801E09F4202D89F420FD171B13A
:1025700006F1404606F5801656EA0906DCD1DDE98B
:102580000032DB1882F4002252419E42D0E7002E36
:102590002B4642DA7C4A974256D8A2F154729742AF
:1025A00040F2A6843A15A2F2FF32142A18DDC2F1D5
:1025B000340221FA02F404FA02F28A4240F09884CA
:1025C00004F00104C4F10204002959D1B8F1804F8C
:1025D00049D152465B4650465946E9F7EDFFB1E70F
:1025E00000294CD1C2F1140247FA02F404FA02F2B3
:1025F000BA4240F07A8404F00104C4F10204634A50
:102600009742E3D1B8F1000F80F26B8452465B46EB
:1026100000205E49EAF7FAF894E7002481BB594AA2
:102620009742ECD105F1404303F5801353EA0903C7
:1026300000F04F84564B9D4208D9B8F1000F80F24C
:102640004C84002000217DE70224E7E7B8F1000F69
:102650004FF000004FF00001BFF674AFDDE900035A
:1026600003F100416EE74B4A904509D1002E07DB8C
:102670005046594611B0BDE8F04F00F0A7BE002407
:1026800050465946029300F069FC029BB9F1000FD5
:1026900027D13E4A26F0404C944500D00DBBB8F1FE
:1026A000000F05DA02460B4600203849EAF7AEF87B
:1026B000002EBFF647AF05F1404505F580152543CF
:1026C00008D102460B4610461946E9F7BDFD024601
:1026D0000B469FE7012C7FF435AF01F1004319460B
:1026E00030E7F20F013A52EA040C02D152465B463F
:1026F000E9E74FF00009013C144314BFDFF88CA058
:10270000DFF894A0B7F1844FCDE9029A40F204813A
:10271000224B9F421E4B13D99D4208D8B8F1000F9F
:1027200008DA002011B0BDE8F04F00F049BEB8F162
:10273000000FF6DC002011B0BDE8F04F00F03BBE0A
:102740009D420CD2DDE9020100220023EAF7A6F93E
:10275000003818BF0120B8F1000FECDAE2E70B4BAC
:1027600000229D421CD9DDE902010023EAF796F917
:10277000003818BF0120B8F1000FD3DCDBE700BF41
:102780000000F0FF0000F07FFFFF3F430000F03F3C
:10279000FFFFEF3F0000E03F0000F0BF0000F0430C
:1027A000594BE9F751FD50A3D3E9002304460D46E8
:1027B000E9F702FF4EA3D3E9002306460F46204661
:1027C0002946E9F7F9FE002282468B462046294633
:1027D0004E4BE9F7F1FE02460B4647A1D1E9000155
:1027E000E9F732FD22462B46E9F7E6FE02460B46A4
:1027F00000204749E9F728FD2246804689462B46B6
:1028000020462946E9F7D8FE02460B46404649468F
:10281000E9F7D2FE3AA3D3E90023E9F7CDFE024659
:102820000B4650465946E9F70FFD002402460B4679
:102830008046894630463946E9F708FD32463B4630
:1028400020460D46E9F700FD02460B464046494644
:10285000E9F7FAFCDDE90023CDE904230023049322
:10286000DDE904AB06460F46DDE900015B46524652
:10287000E9F7EAFC22462B46E9F79EFEDDE9002354
:102880008046894630463946E9F796FE02460B46B1
:1028900040464946E9F7DAFC5B4606460F46524693
:1028A00020462946E9F788FE0B46024680468946BF
:1028B00030463946E9F7CAFC164B044699420D46A4
:1028C0008B4640F3FD8101F13F4303F5E0030343F1
:1028D00000F0DC81DDE9020100220023EAF7DEF8E6
:1028E000003818BF01201DE7000000604715F73FC2
:1028F00044DF5DF80BAE543E555555555555D53F03
:10290000FE822B654715F73F0000F03F0000D03FE7
:102910000000E03FFFFF8F40D34A3240002A40F0E2
:102920007A81D24B0022E9F747FE6FF034040B4660
:102930001A15A2F2FF3222440A92CD4AC3F31303BE
:1029400043F07F55934245F4401508DDC94A934250
:1029500040F363810A9BA5F5801501330A93002695
:10296000F3000B93C44B294603EBC603D3E90034B1
:102970001A46CDE9083423468246E9F765FC5246FB
:102980002B46CDE90C01DDE90801E9F75FFC0246C1
:102990000B460020B949E9F739FF02460B46CDE95D
:1029A0000E01DDE90C01E9F707FECDE90601DDE9DD
:1029B0000634CDE9043400230022AB466D1045F007
:1029C0000055049305F50025DDE9048905EB8643F0
:1029D0004046494614461D46E9F7EEFD02460B46C1
:1029E000DDE90C01E9F730FCDDE9082306460F4676
:1029F00020462946E9F728FC02460B465046594630
:102A0000E9F722FC42464B46E9F7D6FD02460B4663
:102A100030463946E9F718FCDDE90E23E9F7CCFD2D
:102A2000DDE90623CDE9080110461946E9F7C4FDA2
:102A30007BA3D3E9002304460D46E9F7BDFD7AA345
:102A4000D3E90023E9F702FC22462B46E9F7B4FD5F
:102A500077A3D3E90023E9F7F9FB22462B46E9F7F0
:102A6000ABFD75A3D3E90023E9F7F0FB22462B4623
:102A7000E9F7A2FD72A3D3E90023E9F7E7FB2246B9
:102A80002B46E9F799FD70A3D3E90023E9F7DEFBB4
:102A9000224606460F462B4620462946E9F78CFD7E
:102AA00002460B4630463946E9F786FD04460D4698
:102AB000DDE9060142464B46E9F7C8FBDDE908239C
:102AC000E9F77AFD22462B46E9F7C0FB42468246EB
:102AD0008B464B4640464946E9F76EFD0022684B5F
:102AE00006460F46E9F7B2FB52465B46E9F7AEFBF6
:102AF00000240D4622460B4640464946E9F75CFD58
:102B0000002280468946204629465D4BE9F79CFB1A
:102B100032463B46E9F798FB02460B46504659467B
:102B2000E9F792FBDDE90623E9F746FD2246064672
:102B30000F46DDE908012B46E9F73EFD02460B464C
:102B400030463946E9F782FB002406460F46024626
:102B50000B4640464946E9F779FB3DA3D3E90023FC
:102B600020460D46E9F728FD42464B46CDE90601D1
:102B700020462946E9F768FB02460B4630463946AF
:102B8000E9F762FB34A3D3E90023E9F715FD34A389
:102B9000D3E9002306460F4620462946E9F70CFDF7
:102BA00002460B4630463946E9F750FB0B9A354B47
:102BB00000241344D3E90023E9F748FB82460A982E
:102BC0008B46E9F78FFC06460F460B9A2E4B1344B3
:102BD000D3E900895246DDE906015B46E9F736FB99
:102BE00042464B46E9F732FB32463B46E9F72EFBBD
:102BF00032463B4620460D46E9F726FB42464B4609
:102C0000E9F722FBDDE90623E9F71EFB02460B4646
:102C1000504659461CE600248AE60126A0E600BF7D
:102C2000EF4E454A287ECA3F65DBC9934A86CD3FB1
:102C300001411DA96074D13F4D268F515555D53F97
:102C4000FFAB6FDBB66DDB3F033333333333E33F2F
:102C5000000000E009C7EE3FFD033ADC09C7EE3F84
:102C6000F5015B14E02F3EBE0000F07F0000404302
:102C70008E98030079B60B00E83A02080000F03F96
:102C800000000840C83A0208D83A02089AA3D3E9DB
:102C9000002330463946E9F7D9FA4246CDE900012A
:102CA0004B4620462946E9F7CFFA02460B46DDE9B6
:102CB0000001E9F711FF00287FF40CAEA04B22E0E1
:102CC000A04C21F00043A34219D99F4B0B4403436E
:102CD00009D0DDE9020100220023E9F7DFFE003818
:102CE00018BF012027E542464B46E9F7ADFA3246C8
:102CF0003B46E9F7E7FE0028EBD1944B03E0944A0A
:102D0000934240F2E1804FF4801A1B15A3F2FE3388
:102D10004AFA03FADA44CAF30A518E48A1F2FF31A3
:102D2000084100EA0A03CAF3130AC1F114014AF484
:102D3000801A40464AFA01FABBF1000F49464FF0AB
:102D40000002B8BFCAF1000AE9F77EFA8046894658
:102D5000002432463B4640464946E9F777FA68A3E5
:102D6000D3E9002320460D46E9F726FC42464B46B0
:102D7000CDE9000120462946E9F766FA02460B46EE
:102D800030463946E9F760FA5FA3D3E90023E9F753
:102D900013FC5FA3D3E900238046894620462946D9
:102DA000E9F70AFC02460B4640464946E9F74EFA67
:102DB00004460D4602460B46DDE90001E9F746FAF6
:102DC000DDE9002380468946E9F73EFA02460B46D4
:102DD00020462946E9F738FA424606460F464B4652
:102DE00040464946E9F7E8FB4BA3D3E900230446F4
:102DF0000D46E9F7E1FB4AA3D3E90023E9F724FAFA
:102E000022462B46E9F7D8FB47A3D3E90023E9F78D
:102E10001DFA22462B46E9F7CFFB45A3D3E9002351
:102E2000E9F712FA22462B46E9F7C6FB42A3D3E99B
:102E30000023E9F70BFA22462B46E9F7BDFB0246D1
:102E40000B4640464946E9F7FFF904460D4602465F
:102E50000B4640464946E9F7AFFB0022CDE90001A9
:102E60004FF0804320462946E9F7EEF902460B462B
:102E7000DDE90001E9F7CAFC324604460D463B464F
:102E800040464946E9F798FB32463B46E9F7DEF90A
:102E900002460B4620462946E9F7D6F942464B46FC
:102EA000E9F7D2F902460B4600202B49E9F7CCF9A5
:102EB00001EB0A54B4F5801F09DA524600F0ECF930
:102EC000DDE90223FFF789BBDDF810A040E72146CA
:102ED000F6E700202049FFF735BBDDE90001FFF7E9
:102EE00031BB50465946FFF72DBB0C46FFF787BB59
:102EF0000024FFF769BB00BFFE822B654715973C96
:102F000000000000432EE63FEF39FAFE422EE63F76
:102F1000396CA80C615C20BED0A4BE726937663ED5
:102F2000F16BD2C541BDBB3E2CDE25AF6A56113FC9
:102F300093BDBE166CC1663F3E5555555555C53FB0
:102F400000009040FFCB904000346F3F00CC904099
:102F50000000E03F0000F0FF0000F03F21F00043E0
:102F600019467047F8B521F00046B6F1FF4F034609
:102F700005D820F00042B2F1FF4F074604D91846A9
:102F8000E9F748FE034610E0B1F17E5F03D1BDE8EA
:102F9000F84000F06FB88C1704F0020444EAD074D3
:102FA0002AB9022C4BD0032C4BD01846F8BD1EB9C1
:102FB000002F4CDB274BF8E7B6F1FF4F0ED1B2F1F3
:102FC000FF4F04F1FF3405D1022C3CD8224B53F8BB
:102FD0002430EAE7022C38D8204BF8E7B2F1FF4F53
:102FE000E6D0921BB2F1F45F4FEAE25017DA002903
:102FF00001DA3C3015DB1846E9F7C8FF00F046F966
:1030000000F038F80346012C0DD0022C0ED0002C15
:10301000CBD013491846E9F7FDFD12490CE00D4BE2
:10302000F1E70023EFE703F10043BEE70C49184640
:10303000E9F7F0FD01460B48E9F7EAFDA2E7094B85
:10304000B3E7094BB1E7094BAFE70023ADE7084B06
:10305000ABE700BFDB0FC93F043B0208F83A0208A8
:103060002EBDBB33DB0F4940DB0F49C0DB0F493FAF
:10307000DB0FC9BF2DE9F04120F00045B5F1A14FAC
:10308000044680460ED3B5F1FF4F04D90146E9F757
:10309000C1FD044603E0002840F3CE80674C204683
:1030A000BDE8F081664B9D420ED8B5F1445F08D271
:1030B0006449E9F7AFFD4FF07E51EAF76FF8002859
:1030C000EDD14FF0FF361CE000F0E0F85E4B044617
:1030D0009D427CD8A3F5D0039D4267D80146E9F70D
:1030E00099FD4FF07E51E9F793FD4FF08041054681
:1030F0002046E9F78FFD01462846E9F747FF0026FD
:10310000044621462046E9F78DFE01460746E9F7C9
:1031100089FE05464D49E9F785FE4D49E9F77AFDF7
:103120002946E9F77FFE4B49E9F774FD2946E9F79F
:1031300079FE4949E9F76EFD2946E9F773FE4749EB
:10314000E9F768FD2946E9F76DFE4549E9F762FDB3
:103150003946E9F767FE434907462846E9F762FE24
:103160004149E9F755FD2946E9F75CFE3F49E9F792
:103170004FFD2946E9F756FE3D49E9F749FD294645
:10318000E9F750FE3B49E9F743FD2946E9F74AFED6
:1031900001463846E9F73EFD2146E9F743FE731C38
:1031A000014633D12046E9F733FD72E74FF07E51F7
:1031B000E9F72EFD4FF07E5105462046E9F72AFD3E
:1031C00001462846E9F7E2FE0126044699E72A4B24
:1031D0009D4214D84FF07F51E9F71AFD4FF07F510F
:1031E00005462046E9F71EFE4FF07E51E9F712FD35
:1031F00001462846E9F7CAFE0226044681E7014651
:103200001E48E9F7C3FE032604467AE71C4B53F831
:103210002610E9F7FDFC2146E9F7FAFC194B0146B7
:1032200053F82600E9F7F4FCB8F1000F0446BFF6A6
:1032300036AF00F1004432E7134C30E7DB0FC93FF3
:10324000FFFFDF3ECAF24971FFFF973FD769853C18
:1032500059DA4B3D356B883D6E2EBA3D2549123EFD
:10326000ABAAAA3E21A215BD6BF16E3D95879D3D8F
:10327000388EE33DCDCC4C3EFFFF1B40000080BFAD
:10328000103B0208203B0208DB0FC9BF20F00040C2
:1032900070470000000000002DE9F0481646C1F319
:1032A0000A5283468C460B4682B921F00043034301
:1032B00035D02D4B0022E9F77FF92C4B83469E42F7
:1032C0008C460DDA24A3D3E9002319E040F2FF77FE
:1032D000BA4209D10246E8F7B9FF83468C461EE0A0
:1032E0000B46C1F30A52363A4CF250318E420ADD97
:1032F0001BA3D3E90023654663F31E0529461C483A
:10330000E9F75AF9E9E740F2FE7132448A42EFDC0C
:10331000002A08DD6FF31E5343EA0255AC465846B7
:103320006146BDE8F08812F1350F09DA0CF0004370
:1033300043F0D27141F4B7310E4841F01F01C1E7AB
:1033400036326FF31E5343EA02555846294600228F
:10335000094BD5E7AFF3008059F3F8C21F6EA50102
:103360009C7500883CE4377E00005043B03CFFFF72
:103370009C75008859F3F8C20000903C70B5044673
:103380000D461646FEF7A4F929460660204670BD94
:1033900013B50446194610460CB103F10043CDE9BC
:1033A0000023DDE90023E9F707F9222202B0BDE896
:1033B0001040FFF7E3BF00224FF08053FFF7E8BF54
:1033C00000224FF0E043FFF7E3BF0000654A2DE91C
:1033D000F84F8A4306460F460B4604460ED1024676
:1033E000E9F7EAF802460B4630463946E8F72EFF81
:1033F00006460F4630463946BDE8F88F00290CDCFA
:1034000021F000420243F5D089B10246E8F71CFFE3
:1034100002460B46E9F7FAF9EAE70A1515D1002149
:1034200009E0E30A153A6405002BFAD0F7E70A46EB
:10343000FAE75B000131D802FBD5481E121AC1F130
:10344000200024FA00F003438C400027A2F2FF384A
:103450001621D2074FF400103A46C3F3130343F486
:1034600080135CBF5B0003EBD4734FEA430358BF88
:10347000640003EBD4734FEA6808640015189D429A
:10348000DEBF2A185B1B3F18E50F013905EB43032C
:103490004FEA44044FEA5000F0D10D4620264FF089
:1034A0000040934200EB010C02DC13D1A44511D87B
:1034B000BCF1000F0CEB00013EDA00293CDB02F10D
:1034C000010E9B1A7246A44588BF03F1FF33A4EB9B
:1034D0000C0405444FEAD47C013E0CEB43034FEA55
:1034E00044044FEA5000DCD11C431AD01E4CDFF8D4
:1034F0007C90D4E90001D9E90023E8F7A5FED4E9DE
:1035000000AB02460B4650465946E9F7D1FA40B1A6
:10351000D4E90001D9E90023B5F1FF3F0ED13546CA
:1035200001377B1003F17F5303F5001303EB0851C0
:103530006B0843EAC7705BE79646C2E7E8F786FE8A
:10354000D4E900AB02460B4650465946E9F7A6FAC5
:1035500020B1AB1C08BF01370235E2E76B1C23F03A
:103560000105DEE70000F07F383B0208303B02082F
:10357000F8B500BFF8BC08BC9E467047F8B500BF60
:08358000F8BC08BC9E46704730
:10358800494D555F526561645461736B00000000DA
:10359800253032582E253032582E2530325800002A
:1035A80030312E30312E30300000000068656174F3
:1035B8005461736B0000000068656174517565752E
:1035C800650000006C656451756575650000000054
:1035D8004C45445461736B00000C01400010030318
:1035E80000000000000C0140002003030000000060
:1035F80064656661756C745461736B0057445461FB
:10360800736B000050435F5253545461736B000056
:10361800627574746F6E5461736B000062757474B4
:103628006F6E53656D000000666C61736854696D58
:103638006572000073656E735461736B000000005F
:1036480073656E7353656D00636F6E73756D54614A
:10365800736B0000536D616C6C5F456467655F5602
:10366800325F4672656552544F5300004D6F746F58
:10367800725461736B0000004D6F746F7251756501
:10368800756500004D6F746F7253656D446F6E659C
:103698000000000049444C4500000000546D7220B1
:1036A80053766300546D72510000000051756575C2
:1036B800654D6F6462757354656C656772616D0002
:1036C8005461736B4D6F64627573536C61766500FA
:1036D8005461736B4D6F646275734D617374657279
:1036E800000000004D6F64427573537068720000EB
:1036F8007854696D657254696D656F757400000062
:1037080054696D657254333500000000B039020801
:10371800B3390208B63902088835020800000000EB
:10372800000000000000000000000000000400008D
:10373800180000000000000000000000B435020876
:103748000000000000000000000000000000000071
:103758000002000018000000000000000000000047
:10376800C035020800000000000000000000000052
:103778000000000000000000F8350208000000000A
:103788000000000000000000000000000008000029
:1037980018000000000000000000000004360208C5
:1037A8000000000000000000000000000000000011
:1037B80000020000310000000000000000000000CE
:1037C8000C360208000000000000000000000000A5
:1037D80000000000000200001A00000000000000C5
:1037E8000000000018360208000000000000000079
:1037F80000000000000000000002000018000000A7
:10380800000000000000000024360208000000004C
:1038180000000000000000003C3602080000000024
:10382800000000000000000000000000000300008D
:1038380018000000000000000000000048360208E0
:1038480000000000000000000000000050360208E0
:103858000000000000000000000000000000000060
:103868000002000018000000000000000000000036
:10387800743602080000000000000000000000008C
:103888000000000000020000180000000000000016
:103898000000000080360208000000000000000060
:1038A8000000000000000000000000008C36020844
:1038B80000000000000000000000000001010001FD
:1038C80000000100010101000000000101010100E8
:1038D80000000001010100010000010000000000DB
:1038E80000000000010203040607080900000000A8
:1038F8000102030402030405060708090A0B0C0D5C
:103908000E0F101001020000020304050607080943
:103918000A0B0C0D0E0F101001020000B43602083D
:10392800000000000000000000000000000000008F
:1039380000000000C8360208000000000000000077
:103948000000000000000000000400001A00000051
:103958000000000000000000D83602080000000047
:10396800000000000000000000000000000200004D
:103978001A0000000000000000000000EC360208F9
:103988000000000000000000000000000102030425
:103998000506686C4C00412D46612D66383930317A
:1039A8003233343536375D002B2D003030007858EF
:1039B8000000202020202020202020282828282817
:1039C80020202020202020202020202020202020EF
:1039D8002020881010101010101010101010101047
:1039E8001010040404040404040404041010101047
:1039F8001010104141414141410101010101010102
:103A08000101010101010101010101010110101071
:103A180010101042424242424202020202020202D4
:103A28000202020202020202020202020210101044
:103A3800102000000000000000000000000000004E
:103A4800000000000000000000000000000000006E
:103A5800000000000000000000000000000000005E
:103A6800000000000000000000000000000000004E
:103A7800000000000000000000000000000000003E
:103A8800000000000000000000000000000000002E
:103A9800000000000000000000000000000000001E
:103AA800000000000000000000000000000000000E
:103AB800000000006042A20D0000803F00000000EE
:103AC800000000000000000006D0CF43EBFD4C3E94
:103AD80000000000000000000000004003B8E23FC2
:103AE800000000000000F03F000000000000F83F68
:103AF80000000080DB0F4940DB0F49C0DB0F49BFE6
:103B0800E4CB1640E4CB16C06937AC3168212233C8
:103B1800B40F14336821A2333863ED3EDA0F493FFE
:103B28005E987B3FDA0FC93F59F3F8C21F6EA501B3
:083B3800000000000000F03F56
:083B4000F086FE7F0100000089
:043B480015C200089A
:043B4C00F1C10008BB
:103B500000E8070800004600FBFF55000A000200CD
:103B6000983A04293200204E0500050000000100AB
:103B7000282301000000000000004600FBFF550064
:103B80000A000200983A04293200204E0500050080
:103B90000000010028230100000000000024F400C0
:103BA0001000000001000000AAAAAAAA60000020DC
:103BB0000000000088670020F0670020586800209F
:103BC00000000000000000000000000000000000F5
:103BD00000000000000000000000000000000000E5
:103BE00000000000000000000000000000000000D5
:0C3BF000000000000000000000000000C9
:0400000508016C6121
:00000001FF
