:020000040804EE
:100000000000012061AC040871AA040879AA040860
:1000100081AA040889AA040891AA04080000000023
:10002000000000000000000000000000A1390508E9
:1000300099AA040800000000813B0508C93B050897
:10004000A9AC0408A9AC0408A9AC0408A9AC04082C
:10005000A9AC0408A9AC040835AB0408A9AC040891
:10006000A9AC0408A9AC0408A9AC0408A9AC04080C
:10007000A9AC0408A9AC0408A9AC0408A9AC0408FC
:10008000A9AC0408A9AC0408A9AC0408A9AC0408EC
:10009000A9AC0408A9AC0408A9AC0408A9AC0408DC
:1000A000A9AC0408A9AC0408A9AC0408A9AC0408CC
:1000B000A5AA0408B9AA0408A9AC0408A9AC0408B4
:1000C000A9AC0408A9AC0408A9AC0408A9AC0408AC
:1000D000A9AC0408CDAA0408A9AC0408E1AA040844
:1000E000A9AC0408A9AC0408A9AC0408A9AC04088C
:1000F000F5AA0408A9AC0408A9AC0408A9AC040832
:10010000A9AC0408A9AC040801AB0408A9AC040814
:10011000A9AC0408A9AC040815AB040821AB040879
:10012000A9AC0408A9AC0408A9AC0408A9AC04084B
:1001300000000000000000000000000000000000BF
:1001400000000000000000000000000000000000AF
:10015000000000000000000000000000000000009F
:10016000000000000000000000000000000000008F
:10017000000000000000000000000000000000007F
:10018000000000000000000000000000000000006F
:10019000000000000000000000000000000000005F
:1001A000000000000000000000000000000000004F
:1001B000000000000000000000000000000000003F
:1001C000000000000000000000000000000000002F
:1001D000000000000000000000000000000000001F
:0401E0005FF8E0F1F3
:1001F00010B5054C237833B9044B13B10448AFF361
:1002000000800123237010BDB0000020000000001A
:100210007075050808B5034B1BB103490348AFF3DC
:10022000008008BD00000000B400002070750508C3
:10023000034613F8012B002AFBD1181A0138704726
:1002400081F0004102E000BF83F0004330B54FEA87
:1002500041044FEA430594EA050F08BF90EA020FF4
:100260001FBF54EA000C55EA020C7FEA645C7FEA87
:10027000655C00F0E2804FEA5454D4EB5555B8BFAA
:100280006D420CDD2C4480EA020281EA030382EA1B
:10029000000083EA010180EA020281EA0303362DAD
:1002A00088BF30BD11F0004F4FEA01314FF4801C80
:1002B0004CEA113102D0404261EB410113F0004F92
:1002C0004FEA03334CEA133302D0524263EB430349
:1002D00094EA050F00F0A780A4F10104D5F1200EE7
:1002E0000DDB02FA0EFC22FA05F2801841F1000142
:1002F00003FA0EF2801843FA05F359410EE0A5F116
:1003000020050EF1200E012A03FA0EFC28BF4CF046
:10031000020C43FA05F3C01851EBE37101F00045FC
:1003200007D54FF0000EDCF1000C7EEB00006EEB09
:100330000101B1F5801F1BD3B1F5001F0CD3490893
:100340005FEA30004FEA3C0C04F101044FEA4452EA
:1003500012F5800F80F09A80BCF1004F08BF5FEA71
:10036000500C50F1000041EB045141EA050130BD51
:100370005FEA4C0C404141EB0101013C28BFB1F563
:10038000801FE9D291F0000F04BF01460020B1FAAE
:1003900081F308BF2033A3F10B03B3F120020CDA81
:1003A0000C3208DD02F1140CC2F10C0201FA0CF05F
:1003B00021FA02F10CE002F11402D8BFC2F1200CC4
:1003C00001FA02F120FA0CFCDCBF41EA0C0190407A
:1003D000E41AA2BF01EB0451294330BD6FEA0404C3
:1003E0001F3C1CDA0C340EDC04F11404C4F12002AE
:1003F00020FA04F001FA02F340EA030021FA04F3C0
:1004000045EA030130BDC4F10C04C4F1200220FA16
:1004100002F001FA04F340EA0300294630BD21FA54
:1004200004F0294630BD94F0000F83F4801306BF1A
:1004300081F480110134013D4EE77FEA645C18BF0E
:100440007FEA655C29D094EA050F08BF90EA020FA5
:1004500005D054EA000C04BF1946104630BD91EA9D
:10046000030F1EBF0021002030BD5FEA545C05D1A0
:100470004000494128BF41F0004130BD14F58004DF
:100480003CBF01F5801130BD01F0004545F0FE4153
:1004900041F470014FF0000030BD7FEA645C1ABF88
:1004A000194610467FEA655C1CBF0B46024650EABF
:1004B000013406BF52EA033591EA030F41F40021EB
:1004C00030BD00BF90F0000F04BF0021704730B571
:1004D0004FF4806404F132044FF000054FF0000146
:1004E00050E700BF90F0000F04BF0021704730B507
:1004F0004FF4806404F1320410F0004548BF4042DC
:100500004FF000013EE700BF42004FEAE2014FEA30
:1005100031014FEA02701FBF12F07F4393F07F4F0B
:1005200081F06051704732F07F4208BF704793F00E
:100530007F4F04BF41F40021704730B54FF4607421
:1005400001F0004521F000411CE700BF50EA010224
:1005500008BF704730B54FF000050AE050EA0102CD
:1005600008BF704730B511F0004502D5404261EB3D
:1005700041014FF4806404F132045FEA915C3FF47E
:10058000D8AE4FF003025FEADC0C18BF03325FEA1B
:10059000DC0C18BF033202EBDC02C2F1200300FACC
:1005A00003FC20FA02F001FA03FE40EA0E0021FAF1
:1005B00002F11444BDE600BF70B54FF0FF0C4CF4DF
:1005C000E06C1CEA11541DBF1CEA135594EA0C0F91
:1005D00095EA0C0F00F0DEF82C4481EA030621EACC
:1005E0004C5123EA4C5350EA013518BF52EA033507
:1005F00041F4801143F4801338D0A0FB02CE4FF0B9
:100600000005E1FB02E506F00042E0FB03E54FF0E8
:100610000006E1FB03569CF0000F18BF4EF0010EE0
:10062000A4F1FF04B6F5007F64F5407404D25FEADC
:100630004E0E6D4146EB060642EAC62141EA55518F
:100640004FEAC52040EA5E504FEACE2EB4F1FD0CD1
:1006500088BFBCF5E06F1ED8BEF1004F08BF5FEA4F
:10066000500E50F1000041EB045170BD06F0004601
:1006700046EA010140EA020081EA0301B4EB5C04AE
:10068000C2BFD4EB0C0541EA045170BD41F48011A6
:100690004FF0000E013C00F3AB8014F1360FDEBFCB
:1006A000002001F0004170BDC4F10004203C35DAA7
:1006B0000C341BDC04F11404C4F1200500FA05F32A
:1006C00020FA04F001FA05F240EA020001F00042CB
:1006D00021F0004110EBD37021FA04F642EB060141
:1006E0005EEA430E08BF20EAD37070BDC4F10C046B
:1006F000C4F1200500FA04F320FA05F001FA04F22F
:1007000040EA020001F0004110EBD37041F100011A
:100710005EEA430E08BF20EAD37070BDC4F1200525
:1007200000FA05F24EEA020E20FA04F301FA05F28D
:1007300043EA020321FA04F001F0004121FA04F235
:1007400020EA020000EBD3705EEA430E08BF20EA05
:10075000D37070BD94F0000F0FD101F0004640003F
:1007600041EB010111F4801F08BF013CF7D041EAC1
:10077000060195F0000F18BF704703F000465200C5
:1007800043EB030313F4801F08BF013DF7D043EA96
:100790000603704794EA0C0F0CEA135518BF95EA4C
:1007A0000C0F0CD050EA410618BF52EA4306D1D1D3
:1007B00081EA030101F000414FF0000070BD50EAF2
:1007C000410606BF1046194652EA430619D094EA7C
:1007D0000C0F02D150EA013613D195EA0C0F05D166
:1007E00052EA03361CBF104619460AD181EA0301BA
:1007F00001F0004141F0FE4141F470014FF0000072
:1008000070BD41F0FE4141F4780170BD70B54FF00C
:10081000FF0C4CF4E06C1CEA11541DBF1CEA13558C
:1008200094EA0C0F95EA0C0F00F0A7F8A4EB05046E
:1008300081EA030E52EA03354FEA013100F0888065
:100840004FEA03334FF0805545EA131343EA12632E
:100850004FEA022245EA111545EA10654FEA0026E3
:100860000EF000419D4208BF964244F1FD0404F59C
:10087000407402D25B084FEA3202B61A65EB0305F8
:100880005B084FEA32024FF480104FF4002CB6EBB5
:10089000020E75EB030E22BFB61A754640EA0C0035
:1008A0005B084FEA3202B6EB020E75EB030E22BF75
:1008B000B61A754640EA5C005B084FEA3202B6EBB6
:1008C000020E75EB030E22BFB61A754640EA9C0075
:1008D0005B084FEA3202B6EB020E75EB030E22BF45
:1008E000B61A754640EADC0055EA060E18D04FEA03
:1008F000051545EA16754FEA06164FEAC30343EAA3
:1009000052734FEAC2025FEA1C1CC0D111F4801F6F
:100910000BD141EA00014FF000004FF0004CB6E768
:1009200011F4801F04BF01430020B4F1FD0C88BF07
:10093000BCF5E06F3FF6AFAEB5EB030C04BFB6EB12
:10094000020C5FEA500C50F1000041EB045170BD05
:100950000EF0004E4EEA113114EB5C04C2BFD4EB32
:100960000C0541EA045170BD41F480114FF0000EB6
:10097000013C90E645EA060E8DE60CEA135594EA32
:100980000C0F08BF95EA0C0F3FF43BAF94EA0C0F35
:100990000AD150EA01347FF434AF95EA0C0F7FF4AA
:1009A00025AF104619462CE795EA0C0F06D152EAFE
:1009B00003353FF4FDAE1046194622E750EA4106E2
:1009C00018BF52EA43067FF4C5AE50EA41047FF4F3
:1009D0000DAF52EA43057FF4EBAE12E74FF0FF3C58
:1009E00006E000BF4FF0010C02E000BF4FF0010C29
:1009F0004DF804CD4FEA410C7FEA6C5C4FEA430CA2
:100A000018BF7FEA6C5C1BD001B050EA410C0CBFF0
:100A100052EA430C91EA030F02BF90EA020F002052
:100A2000704710F1000F91EA030F58BF994208BFB9
:100A300090422CBFD8176FEAE37040F00100704776
:100A40004FEA410C7FEA6C5C02D150EA013C07D1CD
:100A50004FEA430C7FEA6C5CD6D152EA033CD3D018
:100A60005DF8040B704700BF8446104662468C4612
:100A70001946634600E000BF01B5FFF7B7FF002845
:100A800048BF10F1000F01BD4DF808EDFFF7F4FF6E
:100A90000CBF012000205DF808FB00BF4DF808EDF9
:100AA000FFF7EAFF34BF012000205DF808FB00BF1C
:100AB0004DF808EDFFF7E0FF94BF012000205DF83E
:100AC00008FB00BF4DF808EDFFF7CEFF94BF0120F3
:100AD00000205DF808FB00BF4DF808EDFFF7C4FFEC
:100AE00034BF012000205DF808FB00BF4FEA410C35
:100AF0007FEA6C5C02D150EA013C0AD14FEA430C18
:100B00007FEA6C5C02D152EA033C02D14FF0000054
:100B100070474FF0010070474FEA410212F5001292
:100B200015D211D56FF47873B3EB625212D94FEA34
:100B3000C12343F0004343EA505311F0004F23FA1E
:100B400002F018BF404270474FF00000704750EA73
:100B5000013005D111F0004008BF6FF00040704730
:100B60004FF00000704700BF4FEA4102B2F1E0438E
:100B700024BFB3F5001CDCF1FE5C0DD901F0004C84
:100B80004FEAC0024CEA5070B2F1004F40EB8300D4
:100B900008BF20F00100704711F0804F21D113F100
:100BA0003872BCBF01F00040704741F480114FEA39
:100BB0005252C2F11802C2F1200C10FA0CF320FAC2
:100BC00002F018BF40F001004FEAC1234FEAD323DF
:100BD00003FA0CFC40EA0C0023FA02F34FEA430349
:100BE000CCE77FEA625307D150EA01331EBF4FF0D2
:100BF000FE4040F44000704701F0004040F0FE40ED
:100C000040F40000704700BF80F0004002E000BFE9
:100C100081F0004142001FBF5FEA410392EA030FE7
:100C20007FEA226C7FEA236C6AD04FEA1262D2EB31
:100C30001363C1BFD218414048404140B8BF5B4236
:100C4000192B88BF704710F0004F40F4000020F0CF
:100C50007F4018BF404211F0004F41F4000121F0E5
:100C60007F4118BF494292EA030F3FD0A2F101022F
:100C700041FA03FC10EB0C00C3F1200301FA03F16D
:100C800000F0004302D5494260EB4000B0F5000F90
:100C900013D3B0F1807F06D340084FEA310102F14F
:100CA0000102FE2A51D2B1F1004F40EBC25008BF01
:100CB00020F0010040EA03007047490040EB0000CB
:100CC000013A28BFB0F5000FEDD2B0FA80FCACF1CC
:100CD000080CB2EB0C0200FA0CF0AABF00EBC250F9
:100CE00052421843BCBFD0401843704792F0000FE7
:100CF00081F4000106BF80F400000132013BB5E73A
:100D00004FEA41037FEA226C18BF7FEA236C21D0AF
:100D100092EA030F04D092F0000F08BF0846704714
:100D200090EA010F1CBF0020704712F07F4F04D1E2
:100D3000400028BF40F00040704712F100723CBFF5
:100D400000F50000704700F0004343F0FE4040F41F
:100D5000000070477FEA226216BF08467FEA2363DD
:100D60000146420206BF5FEA412390EA010F40F4C8
:100D7000800070474FF0000304E000BF10F0004314
:100D800048BF40425FEA000C08BF704743F09643FB
:100D900001464FF000001CE050EA010208BF704716
:100DA0004FF000030AE000BF50EA010208BF70479D
:100DB00011F0004302D5404261EB41015FEA010CB2
:100DC00002BF84460146002043F0B64308BFA3F1AA
:100DD0008053A3F50003BCFA8CF2083AA3EBC2538C
:100DE00010DB01FA02FC634400FA02FCC2F12002AB
:100DF000BCF1004F20FA02F243EB020008BF20F0E2
:100E00000100704702F1200201FA02FCC2F1200247
:100E100050EA4C0021FA02F243EB020008BF20EA3C
:100E2000DC7070474FF0FF0C1CEAD0521EBF1CEA6A
:100E3000D15392EA0C0F93EA0C0F6FD01A4480EA58
:100E4000010C400218BF5FEA41211ED04FF0006341
:100E500043EA501043EA5111A0FB01310CF000406D
:100E6000B1F5000F3EBF490041EAD3715B0040EA93
:100E7000010062F17F02FD2A1DD8B3F1004F40EB63
:100E8000C25008BF20F00100704790F0000F0CF036
:100E9000004C08BF49024CEA502040EA51207F3AFA
:100EA000C2BFD2F1FF0340EAC250704740F40000D5
:100EB0004FF00003013A5DDC12F1190FDCBF00F0C6
:100EC00000407047C2F10002410021FA02F1C2F174
:100ED000200200FA02FC5FEA310040F1000053EA10
:100EE0004C0308BF20EADC70704792F0000F00F05E
:100EF000004C02BF400010F4000F013AF9D040EA64
:100F00000C0093F0000F01F0004C02BF490011F4F7
:100F1000000F013BF9D041EA0C018FE70CEAD153F5
:100F200092EA0C0F18BF93EA0C0F0AD030F0004C75
:100F300018BF31F0004CD8D180EA010000F0004029
:100F4000704790F0000F17BF90F0004F084691F0E7
:100F5000000F91F0004F14D092EA0C0F01D1420221
:100F60000FD193EA0C0F03D14B0218BF084608D1EA
:100F700080EA010000F0004040F0FE4040F4000034
:100F8000704740F0FE4040F4400070474FF0FF0CC7
:100F90001CEAD0521EBF1CEAD15392EA0C0F93EA0E
:100FA0000C0F69D0A2EB030280EA010C49024FEA60
:100FB000402037D04FF0805343EA111143EA101319
:100FC0000CF000408B4238BF5B0042F17D024FF4D1
:100FD000000C8B4224BF5B1A40EA0C00B3EB510FAC
:100FE00024BFA3EB510340EA5C00B3EB910F24BF95
:100FF000A3EB910340EA9C00B3EBD10F24BFA3EB1A
:10100000D10340EADC001B0118BF5FEA1C1CE0D1E1
:10101000FD2A3FF650AF8B4240EBC25008BF20F094
:10102000010070470CF0004C4CEA50207F32C2BFE8
:10103000D2F1FF0340EAC250704740F400004FF085
:101040000003013A37E792F0000F00F0004C02BFB6
:10105000400010F4000F013AF9D040EA0C0093F080
:10106000000F01F0004C02BF490011F4000F013BDA
:10107000F9D041EA0C0195E70CEAD15392EA0C0F42
:1010800008D142027FF47DAF93EA0C0F7FF470AF7A
:10109000084676E793EA0C0F04D14B023FF44CAFBD
:1010A00008466EE730F0004C18BF31F0004CCAD152
:1010B00030F000427FF45CAF31F000437FF43CAF8E
:1010C0005FE700BF4FF0FF3C06E000BF4FF0010CB0
:1010D00002E000BF4FF0010C4DF804CD4FEA400292
:1010E0004FEA41037FEA226C18BF7FEA236C11D0DC
:1010F00001B052EA530C18BF90EA010F58BFB2EB8F
:10110000030088BFC81738BF6FEAE17018BF40F00E
:10111000010070477FEA226C02D15FEA402C05D1C2
:101120007FEA236CE4D15FEA412CE1D05DF8040B47
:10113000704700BF844608466146FFE70FB5FFF7DA
:10114000C9FF002848BF10F1000F0FBD4DF808ED92
:10115000FFF7F4FF0CBF012000205DF808FB00BF83
:101160004DF808EDFFF7EAFF34BF012000205DF8DD
:1011700008FB00BF4DF808EDFFF7E0FF94BF01202A
:1011800000205DF808FB00BF4DF808EDFFF7D2FF27
:1011900094BF012000205DF808FB00BF4DF808ED6A
:1011A000FFF7C8FF34BF012000205DF808FB00BF37
:1011B0004FEA40024FEA41037FEA226C02D15FEA24
:1011C000402C08D17FEA236C02D15FEA412C02D186
:1011D0004FF0000070474FF0010070474FEA4002A7
:1011E000B2F1FE4F0FD34FF09E03B3EB12620DD955
:1011F0004FEA002343F0004310F0004F23FA02F0BF
:1012000018BF404270474FF00000704712F1610F65
:1012100001D1420205D110F0004008BF6FF000403C
:1012200070474FF00000704742000ED2B2F1FE4FFF
:101230000BD34FF09E03B3EB126209D44FEA0023A5
:1012400043F0004323FA02F070474FF0000070476C
:1012500012F1610F01D1420202D14FF0FF3070470D
:101260004FF00000704700BF80B588B004AF7860D1
:101270000B46FB70FB78302B05D0302B06DC102B97
:1012800001D0202B02D1FB78FB7301E00023FB731C
:10129000282302930123019307F10F0300930123F5
:1012A0007F22D02178680BF025F8034618461037C6
:1012B000BD4680BD80B588B004AF78600023FB7266
:1012C00000217868FFF7D0FF0346FB73FB7B002B00
:1012D00003D0AF4B02221A70D6E2282302930123D7
:1012E000019307F10B03009301230022D0217868BA
:1012F0000BF0FAF80346FB73FB7B002B02D1FB7A61
:10130000EA2B03D0A24B03221A70BDE20023FB722A
:10131000282302930123019307F10B030093012378
:101320000622D02178680BF0DFF80346FB73FB7AC6
:1013300063F07F03DBB2FB72FB7B002B0FD1282312
:1013400002930123019307F10B030093012306226B
:10135000D02178680AF0CEFF0346FB7327E0002314
:10136000FB72282302930123019307F10B030093DF
:1013700001230622D02178680BF0B6F80346FB73F0
:10138000FB7A63F07F03DBB2FB72FB7B002B0ED199
:10139000282302930123019307F10B0300930123F8
:1013A0000622D02178680AF0A5FF0346FB73FB7B79
:1013B000002B03D0764B04221A7065E2642009F0FA
:1013C000A7FC0023FB72282302930123019307F15A
:1013D0000B03009301230622D02178680BF084F8D8
:1013E0000346FB73FB7A23F00703DBB2FB72FB7A45
:1013F00043F00103DBB2FB72FB7A23F00803DBB29C
:10140000FB72FB7B002B0ED1282302930123019357
:1014100007F10B03009301230622D02178680AF01C
:1014200069FF0346FB73FB7B002B03D0584B05225F
:101430001A7029E20023FB722823029301230193EF
:1014400007F10B03009301230622D02178680BF0EB
:101450004BF80346FB73FB7A03F04003002B16D0D6
:10146000FB7A23F04003DBB2FB72FB7B002B0ED137
:10147000282302930123019307F10B030093012317
:101480000622D02178680AF035FF0346FB73FB7B08
:10149000002B03D03E4B06221A70F5E10023FB72AD
:1014A000282302930123019307F10B0300930123E7
:1014B0000322D02178680BF017F80346FB73FB7A00
:1014C00003F01003002B16D0FB7A23F01003DBB2DD
:1014D000FB72FB7B002B0ED1282302930123019387
:1014E00007F10B03009301230322D02178680AF04F
:1014F00001FF0346FB73FB7B002B03D0244B072229
:101500001A70C1E120217868FFF7AEFE0346FB7335
:10151000FB7B002B05D020217868FFF7A5FE034652
:10152000FB73FB7B002B03D0194B08221A70ABE135
:101530000023FB72282302930123019307F10B037D
:10154000009301230022D02178680AF0CDFF0346E2
:10155000FB73FB7AFF2B13D0FF23FB72FB7B002B6B
:101560000ED1282302930123019307F10B0300936B
:1015700001230022D02178680AF0BCFE0346FB73E9
:10158000FB7B002B06D0024B09221A707CE100BFC6
:10159000D00000200023FB72282302930123019333
:1015A00007F10B03009301230122D02178680AF090
:1015B0009BFF0346FB73FB7A03F00103002B09D06A
:1015C000FB7A03F00603042B04D1FB7A03F0380303
:1015D000202B1BD0FB7A23F03F03DBB2FB72FB7A9C
:1015E00043F02503DBB2FB72FB7B002B0ED12823DB
:1015F00002930123019307F10B03009301230122BE
:10160000D02178680AF076FE0346FB73FB7B002B43
:1016100003D09F4B0A221A7036E10023FB72282365
:1016200002930123019307F10B030093012302228C
:10163000D02178680AF058FF0346FB73FB7A03F069
:101640000703072B1BD0FB7A23F00703DBB2FB72E7
:10165000FB7A43F00703DBB2FB72FB7B002B0ED15E
:10166000282302930123019307F10B030093012325
:101670000222D02178680AF03DFE0346FB73FB7B13
:10168000002B03D0824B0B221A70FDE000233B811C
:101690000023BB81322302930223019307F1080345
:1016A000009301231022D02178680AF01DFF034621
:1016B000FB733B7A1BB21B021AB27B7A1BB2134339
:1016C0001BB2BB81BB89C3F30B03FF2B1CD03B7A3E
:1016D00023F00F03DBB23B7200237B723B7A3B7239
:1016E000FF237B72FB7B002B0ED13223029302235C
:1016F000019307F10803009301231022D021786899
:101700000AF0F8FD0346FB730023FB7228230293C3
:101710000123019307F10B03009301231422D0212D
:1017200078680AF0E1FE0346FB73FB7A03F00103DD
:10173000002B09D0FB7A03F00603042B04D1FB7ABB
:1017400003F03803202B1BD0FB7A23F03F03DBB2DE
:10175000FB72FB7A43F02503DBB2FB72FB7B002BB1
:101760000ED1282302930123019307F10B03009369
:1017700001231422D02178680AF0BCFD0346FB73D4
:10178000FB7B002B03D0424B0D221A707CE0002320
:10179000FB72282302930123019307F10B030093AB
:1017A00001231522D02178680AF09EFE0346FB73C0
:1017B000FB7A03F00303032B1BD0FB7A23F0030314
:1017C000DBB2FB72FB7A43F00303DBB2FB72FB7B01
:1017D000002B0ED1282302930123019307F10B0361
:1017E000009301231522D02178680AF083FD034677
:1017F000FB73FB7B002B03D0254B0E221A7043E0BA
:1018000000217868FFF730FD0346FB73FB7B002B5C
:1018100003D01F4B0F221A7036E00023FB722823DF
:1018200002930123019307F10B0300930123072285
:10183000D02178680AF058FE0346FB73FB7A002B30
:1018400013D00023FB72FB7B002B0ED128230293C5
:101850000123019307F10B03009301230722D021F9
:1018600078680AF047FD0346FB73FB7B002B03D02F
:10187000074B10221A7007E0054B01221A70102244
:101880000021044813F0BEFE1037BD4680BD00BFE6
:10189000D0000020D4000020F0B58FB004AF7860F5
:1018A0007B687B62FA237B847B8C4FF47A7202FB29
:1018B00003F3A74AA2FB03239B09FB610123FB76E9
:1018C000F8690EF05BFEA34B1B78012B40F03A81C8
:1018D00007F108030C220021184613F093FE0021A3
:1018E000786AFFF7C1FC0346FB76FB7E002B40F0D5
:1018F0002B81642302930C23019307F108030093C7
:1019000001232D22D021786A0AF0EEFD0346FB76F2
:10191000FB7E002B40F01A818F4B1B781B018F4AF6
:1019200013447B613B7A1BB21B021AB27B7A1BB257
:1019300013431AB27B691A80BB7A1BB21B021AB21C
:10194000FB7A1BB213431AB27B695A803B7B1BB2F2
:101950001B021AB27B7B1BB213431AB27B699A80BB
:10196000BB7B1BB21B021AB2FB7B1BB213431AB226
:101970007B69DA803B7C1BB21B021AB27B7C1BB2F8
:1019800013431AB27B691A81BB7C1BB21B021AB2C9
:10199000FB7C1BB213431AB27B695A817B69B3F992
:1019A00000301A46642302FB03F3002B01DA03F62E
:1019B000FF731B131AB27B691A807B69B3F902307B
:1019C0001A46642302FB03F3002B01DA03F6FF73CC
:1019D0001B131AB27B695A807B69B3F904301A462B
:1019E000642302FB03F3002B01DA03F6FF731B13DE
:1019F0001AB27B699A807B69B3F906301A4613469E
:101A00009B0013445B00564A82FB0312D211DB1782
:101A1000D31A1AB27B69DA807B69B3F908301A46A7
:101A200013469B0013445B004D4A82FB0312D21104
:101A3000DB17D31A1AB27B691A817B69B3F90A30B2
:101A40001A4613469B0013445B00454A82FB03126F
:101A5000D211DB17D31A1AB27B695A817B69B3F9A9
:101A600000301846FFF78AF9034683F000447B698B
:101A7000B3F902301846FFF781F905467B69B3F9DF
:101A800002301846FFF77AF9034619462846FFF751
:101A9000C9F903461E467B69B3F904301846FFF7BF
:101AA0006DF905467B69B3F904301846FFF766F90E
:101AB000034619462846FFF7B5F90346194630464E
:101AC000FFF7A8F80346184614F068FC03461946C9
:101AD000204614F061FC034622491846FFF7A2F99C
:101AE000034621491846FFF751FA03461846FFF707
:101AF00075FB03461AB27B69DA817B69B3F9023060
:101B00001846FFF73BF904467B69B3F904301846E1
:101B1000FFF734F903461946204614F03DFC03460E
:101B200010491846FFF77EF903460F491846FFF79C
:101B30002DFA03461846FFF751FB03461AB27B699C
:101B40009A81BDE600BFBBE600BFB9E600BFB7E6BD
:101B5000D34D6210D0000020D1000020D40000201E
:101B60003F06E76300003443DB0F494080B58CB08B
:101B700000AF7860844BDB69834A43F08053D361C4
:101B8000814BDB6903F080533B623B6A7E4BDB6930
:101B90007D4A43F00063D3617B4BDB6903F0006354
:101BA000FB61FB690BF03AFD774B1B6A03F0020304
:101BB000002B1AD109F0A2F8F862734B1B6A724A23
:101BC00043F0010313620AE009F098F80246FB6A49
:101BD000D31AB3F5487F02D30BF02CFDD0E06A4B4B
:101BE0001B6A03F00203002BEED0674B1B6ABB623B
:101BF000BB6A03F44073B3F5807F0AD0BB6A23F459
:101C00004073BB62BB6A43F48073BB625E4ABB6ACB
:101C10001362BB6A03F40043002B05D15A4B1B6AC5
:101C2000594A43F400431362584B1B6B574A23F045
:101C300001031363554B5B6B544A23F00403536356
:101C40007B68534A1A607B684FF0FF325A607B68AA
:101C500000229A60786808F0A7F80346002B02D0AB
:101C60000BF0E8FC8CE00A21786808F067FE034678
:101C70004AF2A552934240D007F1180300210A46C8
:101C80001A800A469A7000237B6100233B7600236A
:101C90007B760023BB7607F118030022194678688B
:101CA00008F017F90346002B02D00BF0C3FC67E0E5
:101CB00001237B750123BB750023FB7507F114031A
:101CC00000221946786808F073FA0346002B02D008
:101CD0000BF0B0FC54E0786900F05CF80346BB847C
:101CE000BB8C1A460921786808F00EFE4AF2A5520C
:101CF0000A21786808F008FE40E007F1100300218F
:101D00000A461A800A469A700023FB6007F1100306
:101D100000221946786808F073F90346002B2DD18C
:101D200007F10C0300221946786808F0F7FA034619
:101D3000002B23D17B7B012B20D1BB7B012B1DD121
:101D4000FB7B002B1AD10023FB840921786808F063
:101D5000F5FD0346FB84FB8C002B0FD00023BB60FA
:101D600007F10802FB8C1146184600F031F807F124
:101D7000080300221946786808F01AFA0BF05AFC9A
:101D80003037BD4680BD00BF00100240006C0040EF
:101D90000028004080B483B000AF7860FB791BB2AC
:101DA0005B021AB27B791BB25B011BB203F4F073C6
:101DB0001BB213431AB2BB791BB203F01F031BB251
:101DC00013431BB29BB218460C37BD4680BC70470C
:101DD00080B483B000AF03463960FB80FB885B0AA8
:101DE0009BB2DBB203F07F03DAB23B68DA70FB88A8
:101DF0005B099BB2DBB203F00F03DAB23B685A70A7
:101E0000FB88DBB203F01F03DAB23B689A7000BFB5
:101E10000C37BD4680BC704780B586B000AF00234C
:101E2000FB75414B414A1A6000233B6130E03E4B59
:101E30001B68BB60BB681B884FF6FF7293421FD1C3
:101E4000BB6802331B884FF6FF72934218D1BB6800
:101E500004331B884FF6FF72934211D1BB680633DF
:101E60001B884FF6FF7293420AD12F4B1B682F4AF3
:101E7000934211D10123FB752B4B2D4A1A600BE0C5
:101E8000294B1B688033284A13603B6901333B614F
:101E90003B690F2BCBD900E000BF254B7B60224B69
:101EA0001B687A689A423BD10023FB6033E01E4BEB
:101EB0001B683B603B681B884FF6FF72934222D140
:101EC0003B6802331B884FF6FF7293421BD13B687D
:101ED00004331B884FF6FF72934214D13B680633DC
:101EE0001B884FF6FF7293420DD10F4B1B687A6827
:101EF0009A4214D1FB7D002B11D00B4B0B4A1A6078
:101F000000F05CF90BE0084B1B688033064A136055
:101F1000FB680133FB60FB680F2BC8D900E000BFF2
:101F200000BF1837BD4680BD0000002000E807084C
:101F300000F00708F0B400AF294A2A4B104603F11D
:101F4000200402461946D1F800C04E688D68C96861
:101F5000C2F800C056609560D16010331030A342C3
:101F6000EFD102461B8813801E4B00221A801D4BA6
:101F700046225A801B4B4FF6FB729A80194B552212
:101F8000DA80184B0A221A81164B02225A81154B0D
:101F900043F698229A81134B42F60412DA81114BD0
:101FA00032221A820F4B44F620625A820D4B0522D0
:101FB0009A820C4B0522DA820A4B00221A83094BC3
:101FC00001225A83074B42F228329A83054B0122A1
:101FD000DA83044B00221A8400BFBD46F0BC704770
:101FE000280000200400002080B48BB000AF002344
:101FF0007B626E4B1B686E4A934202D16D4B7B62D3
:1020000003E06A4B1B68803B7B627B6A1B887B8496
:10201000B7F92230B3F1FF3F02D0674A7B8C1380BF
:102020007B6A02331B883B84B7F92030B3F1FF3F52
:1020300002D0614A3B8C53807B6A04331B88FB834C
:10204000B7F91E30B3F1FF3F02D05B4AFB8B9380A0
:102050007B6A06331B88BB83B7F91C30B3F1FF3FA3
:1020600002D0554ABB8BD3807B6A08331B887B83A5
:10207000B7F91A30B3F1FF3F02D04F4A7B8B13817F
:102080007B6A0A331B883B83B7F91830B3F1FF3FF3
:1020900002D0494A3B8B53817B6A0C331B88FB82FD
:1020A000B7F91630B3F1FF3F02D0434AFB8A938160
:1020B0007B6A0E331B88BB82B7F91430B3F1FF3F44
:1020C00002D03D4ABB8AD3817B6A10331B887B8256
:1020D0007B8A4FF6FF72934202D0374A7B8A138283
:1020E0007B6A12331B883B823B8A4FF6FF72934216
:1020F00002D0314A3B8A53827B6A14331B88FB81AE
:10210000B7F90E30B3F1FF3F02D02B4AFB8993821F
:102110007B6A16331B88BB81B7F90C30B3F1FF3FE4
:1021200002D0254ABB89D3827B6A18331B887B8106
:102130007B894FF6FF72934202D01F4A7B8913833B
:102140007B6A1A331B883B813B894FF6FF729342AF
:1021500002D0194A3B8953837B6A1C331B88FB805E
:10216000B7F90630B3F1FF3F02D0134AFB889383DF
:102170007B6A1E331B88BB80BB884FF6FF7293427D
:1021800002D00D4ABB88D3837B6A20331B887B80B7
:102190007B884FF6FF72934202D0074A7B881384F4
:1021A00000BF2C37BD4680BC704700BF0000002038
:1021B00000E8070880F70708040000202DE9B04F69
:1021C000A4B000AF002387F88F300023C7F8843015
:1021D00000237B67A44BFB670123C7F8803011F015
:1021E00075FC72B600BF09F049F8034687F88F30D6
:1021F00097F88F30002B40F02A8107F1840207F115
:1022000074031146184609F021F9034687F88F3008
:10221000D7F88430B3F1FF3F02D0012387F88F3025
:1022200097F88F30002B40F012818F4BC7F8883021
:10223000D7F8883019468D4B1B881BB21BB2DA17B2
:102240001C46154622462B46012008F0A7FFD7F86A
:10225000883002331946854B5B881BB21BB2DA17F4
:102260009846914642464B46012008F097FFD7F822
:102270008830043319467D4B9B881BB21BB2DA179A
:102280009A46934652465B46012008F087FFD7F8EE
:10229000883006331946754BDB881BB21BB2DA1740
:1022A000BB66FA66D7E91A23012008F077FFD7F852
:1022B0008830083319466D4B1B891BB21BB2DA17E5
:1022C0003B667A66D7E91823012008F067FFD7F844
:1022D00088300A331946654B5B891BB21BB2DA178B
:1022E000BB65FA65D7E91623012008F057FFD7F838
:1022F00088300C3319465D4B9B891BB21BB2DA1731
:102300003B657A65D7E91423012008F047FFD7F829
:1023100088300E331946554BDB891BB21BB2DA17D6
:10232000BB64FA64D7E91223012008F037FFD7F81D
:102330008830103319464D4B1B8A9BB29BB200224A
:102340003B647A64D7E91023012008F027FFD7F80F
:10235000883012331946454B5B8A9BB29BB20022F0
:10236000BB63FA63D7E90E23012008F017FFD7F803
:102370008830143319463D4B9B8A1BB21BB2DA17C7
:102380003B637A63D7E90C23012008F007FFD7F8F5
:10239000883016331946354BDB8A1BB21BB2DA176D
:1023A000BB62FA62D7E90A23012008F0F7FED7F8EA
:1023B0008830183319462D4B1B8B9BB29BB20022E1
:1023C0003B627A62D7E90823012008F0E7FED7F8DC
:1023D00088301A331946254B5B8B9BB29BB2002287
:1023E000BB61FA61D7E90623012008F0D7FED7F8D0
:1023F00088301C3319461D4B9B8B1BB21BB2DA175E
:102400003B617A61D7E90423012008F0C7FED7F8C1
:1024100088301E331946154BDB8B9BB29BB20022D2
:10242000BB60FA60D7E90223012008F0B7FED7F8B5
:102430008830203319460D4B1B8C9BB29BB2002277
:102440003B607A60D7E90023012008F0A7FE08F07E
:102450003BFF62B600BF11F069FB97F88F3018465A
:102460009037BD46BDE8B08F00E8070804000020A3
:102470002DE9B04390B000AF7860002387F83F307B
:102480000023FB610023FB600123BB6111F01EFBF5
:1024900072B600BF08F0F2FE034687F83F3097F8A7
:1024A0003F30002B06D062B600BF11F03FFB97F81B
:1024B0003F3017E17B687B628D4B1B688D4A9342EE
:1024C00005D28B4B1B6811338A4A934202D3884B47
:1024D000894A1A600023BB631CE0BB6B5A00844B23
:1024E0001B68D118BB6B5B007A6A13441B889BB2D4
:1024F00000229846914642464B46012008F04EFE87
:10250000034687F83F3097F83F30002B06D1BB6B6E
:102510000133BB63BB6B102BDFD900E000BF97F822
:102520003F30002B5BD0724B1B6823F4FF6323F01A
:1025300007033B623B6A7B616D4A3B6A136007F1AC
:102540001C0207F10C031146184608F07FFF0346F2
:1025500087F83F30FB69B3F1FF3F17D0002387F8BE
:1025600037300FE007F11C0207F10C031146184643
:1025700008F06CFF034687F83F3097F83730013397
:1025800087F8373097F83730022BEBD997F83F3080
:10259000002B24D100233B631CE03B6B5A00544BBF
:1025A0001B68D1183B6B5B007A6A13441B889BB293
:1025B00000221C46154622462B46012008F0EEFD5F
:1025C000034687F83F3097F83F30002B06D13B6B2E
:1025D00001333B633B6B102BDFD900E000BF97F862
:1025E0003F30002B76D1424B1B68424A934202D3C4
:1025F0003F4B414A1A600023FB623D4B1B683E4A39
:10260000934204D13D4B7B613C4BFB6208E0384B6D
:102610001B683A4A934203D1374B7B61364BFB62CE
:10262000FB6A002B51D0FB6A1B884FF6FF72934266
:102630004BD0FB6A02331B884FF6FF72934244D0A3
:10264000FB6A04331B884FF6FF7293423DD0FB6A4E
:1026500006331B884FF6FF72934236D007F11C02F7
:1026600007F10C031146184608F0F0FE034687F800
:102670003F30FB69B3F1FF3F17D0002387F82B30C1
:102680000FE007F11C0207F10C031146184608F091
:10269000DDFE034687F83F3097F82B30013387F88B
:1026A0002B3097F82B30022BEBD997F83F30002BCB
:1026B00003D1FB69B3F1FF3F07D008F005FE62B616
:1026C00000BF11F033FA01230CE0094B1B68803383
:1026D000074A136008F0F8FD62B600BF11F026FA51
:1026E00097F83F3018464037BD46BDE8B08300BF7D
:1026F0000000002000F8070800E8070800F00708BD
:1027000080B500AFFFF716FC0248FFF7B1FE0346A5
:10271000184680BD040000202DE9F04F91B002AFB3
:102720006B461E46402387F82F308F4B1B7887F867
:102730002E30FF2387F83730FF2387F83630FF230A
:1027400087F835304FF0FF33FB614FF0FF33BB614B
:102750004FF0FF337B6197F82E30002B0CD1834B69
:102760001B7887F83730824B1B7887F83630814BDF
:102770001B7887F8353012E097F82E30012B0CD1FA
:102780007D4B1B7887F837307C4B1B7887F83630C9
:102790007B4B1B7887F8353001E00223DEE007F140
:1027A000180107F11C0207F1140300930B46754949
:1027B000754812F0F9FE0346032B01D00323CDE048
:1027C000FB69DBB297F837209A420DD1BB69DBB2C7
:1027D00097F836209A4207D17B69DBB297F835200B
:1027E0009A4201D10123B9E097F82F30013BBB6237
:1027F00097F82F300022984691464FF000024FF094
:1028000000034FEAC90343EA58734FEAC80297F836
:102810002F3000221C4615464FF000024FF00003F7
:10282000EB0043EA5473E20097F82F300733DB08DC
:10283000DB00ADEB030D02AB00337B6297F82F306A
:102840001A464949786A12F06FFF97F82E30002B2C
:102850000CD1FB69DAB27B6ADA71BB69DAB27B6AE6
:102860001A727B69DAB27B6A5A720FE097F82E30DF
:10287000012B0BD1FB69DAB27B6A5A73BB69DAB2FE
:102880007B6A9A737B69DAB27B6ADA73012387F811
:10289000343072B600BF08F0F1FC0346002B52D171
:1028A0003B1D00221A605A609A60DA602E4BFB6072
:1028B00001233B613A463B1D1146184608F0C6FD10
:1028C000034687F8343097F83430002B3BD101238E
:1028D00087F8343000233B632EE03B6B03337A6A86
:1028E000D35C1A063B6B0233796ACB5C1B041A4338
:1028F0003B6B0133796ACB5C1B021343796A3A6BF9
:102900000A44127813433B623B6B03F1006101F50B
:10291000FF213B6A00229A46934652465B460220BC
:1029200008F03CFC034687F8343097F83430002B2D
:1029300008D13B6B04333B6397F82F303A6B9A42D4
:10294000CBD300E000BF08F0BFFC62B600BF97F831
:102950003430012B01D1052300E00423B54618468D
:102960003C37BD46BDE8F08F00F8070807F80708B8
:1029700008F8070809F807080DF807080EF807080F
:102980000FF8070898750508A875050880B584B084
:1029900000AF786039604FF0500383F31188BFF3C4
:1029A0006F8FBFF34F8FFB6000BF2021104808F0EE
:1029B00089FF0346012B04D0012220210C4808F096
:1029C00098FF01224FF480510A4808F092FF01223B
:1029D0004FF40051074808F08CFF4FF4FA6008F0FC
:1029E00097F905F0ADFF00BF1037BD4680BD00BFB1
:1029F00000080140000C014080B582B000AF4FF0EC
:102A0000500383F31188BFF36F8FBFF34F8F7B6049
:102A100000BF2021104808F055FF0346012B04D0C9
:102A2000012220210C4808F064FF01224FF480515C
:102A30000A4808F05EFF01224FF40051074808F0F1
:102A400058FF4FF4FA6008F063F905F079FF00BF12
:102A50000837BD4680BD00BF00080140000C0140A2
:102A600080B58AB000AF78600A23FB8400233B6204
:102A70005F4B1B685B6BFB615D4B1B689B6BBB61BA
:102A80005C4B186807F108014FF0FF3300220DF08E
:102A9000F7FF0346002BF3D1BB68002B01D1FB6984
:102AA00000E0BB693B623B7C002B32D1524B9A6801
:102AB000FB681340002B2CD0BB6819464C480BF028
:102AC000BDFCBB68002B04D1494B1B683A6A5A63B2
:102AD00013E0BB68042B04D1454B1A683B6A93632F
:102AE0000BE0BB68082B04D1414B1A683B6AD363E7
:102AF00003E03F4B1A683B6A136410F0E7FF3E4B5C
:102B00009A68FB68DB4313403B4A936011F00EF870
:102B10006DE03B7CFF2BB3D1374B9A68FB681340C9
:102B2000002BADD17B7C1A46FB8C02FB03F31A46CB
:102B30003B6A13447B612E4BDB687A699A429FD8CB
:102B40007B7C002B24D1BB68002B06D1284BDA6894
:102B5000274B1B6801325A6336E0BB68042B06D151
:102B6000234BDB68224A1268013393632CE0BB6875
:102B7000082B06D11E4BDB681D4A12680133D36354
:102B800022E01B4BDB681A4A1268013313641BE016
:102B9000BB68002B04D1164B1B687A695A6313E09B
:102BA000BB68042B04D1124B1A687B6993630BE05A
:102BB000BB68082B04D10E4B1A687B69D36303E012
:102BC0000B4B1A687B691364BB68194608480BF005
:102BD0007BFB0346002B7FF453AF10F077FF064BCF
:102BE0009A68FB681343044A936010F09FFF47E71D
:102BF000A8010020000100206008002080B586B0F8
:102C000000AF78600B46FB707B681B88FB82FB8AF9
:102C1000072B02D8FB8ADBB200E003237B75FB782D
:102C2000FF2B40F0EB807B7D072B00F2488101A257
:102C300052F823F0552C04089B2C0408E12C0408BE
:102C4000272D04086D2D0408912D0408B52D0408C6
:102C5000D92D04080023BB600423FB60FF233B74D1
:102C600000237B74984B186807F108014FF0FF337D
:102C700000220DF091FE0423BB600823FB60FF23BC
:102C80003B7400237B74904B186807F108014FF0E8
:102C9000FF3300220DF080FE11E10023BB6004230E
:102CA000FB60FF233B7412237B74874B186807F18A
:102CB00008014FF0FF3300220DF06EFE0423BB60CD
:102CC0000823FB60FF233B7400237B747E4B186852
:102CD00007F108014FF0FF3300220DF05DFEEEE03A
:102CE0000023BB600423FB60FF233B7400237B7441
:102CF000754B186807F108014FF0FF3300220DF003
:102D00004BFE0423BB600823FB60FF233B741223AC
:102D10007B746D4B186807F108014FF0FF330022F8
:102D20000DF03AFECBE00023BB600423FB60FF23E1
:102D30003B7412237B74644B186807F108014FF051
:102D4000FF3300220DF028FE0423BB600823FB6044
:102D5000FF233B7412237B745B4B186807F1080157
:102D60004FF0FF3300220DF017FEA8E00023BB60F8
:102D70000423FB60FF233B7400237B74524B1868D1
:102D800007F108014FF0FF3300220DF005FE96E039
:102D90000423BB600823FB60FF233B7400237B7488
:102DA000494B186807F108014FF0FF3300220DF07E
:102DB000F3FD84E00023BB600423FB60FF233B742E
:102DC00012237B74404B186807F108014FF0FF3362
:102DD00000220DF0E1FD72E00423BB600823FB60DC
:102DE000FF233B7412237B74374B186807F10801EB
:102DF0004FF0FF3300220DF0CFFD60E0FB78002B99
:102E00005DD17B7D072B5AD801A252F823F000BF79
:102E1000312E0408312E0408312E0408312E040806
:102E2000772E04089B2E0408772E04089B2E040896
:102E30000023BB600423FB6000233B7400237B74EE
:102E4000214B186807F108014FF0FF3300220DF005
:102E5000A3FD0423BB600823FB6000233B74002315
:102E60007B74194B186807F108014FF0FF330022FB
:102E70000DF092FD23E00023BB600423FB600023E0
:102E80003B7400237B74104B186807F108014FF066
:102E9000FF3300220DF080FD11E00423BB60082306
:102EA000FB6000233B7400237B74074B186807F119
:102EB00008014FF0FF3300220DF06EFD00BF00BF90
:102EC0001837BD4680BD00BF0001002080B592B01C
:102ED00000AF07F1280300221A605A609A60DA6096
:102EE0001A615A61224BBB6207F128031A460C2172
:102EF00004200DF0CBFC03461E4A13601D4B1B68DB
:102F0000002B0BD14FF0500383F31188BFF36F8F69
:102F1000BFF34F8F7B6400BF00BFFDE73B1D242242
:102F20000021184612F06EFB134B7B604FF40073C8
:102F3000BB611823FB613B1D1A4600210F480DF0B1
:102F400073FA03460E4A13600D4B1B68002B0BD11E
:102F50004FF0500383F31188BFF36F8FBFF34F8F90
:102F60003B6400BF00BFFDE700BF4837BD4680BDE2
:102F7000CC75050804010020D87505084530040803
:102F80000801002080B586B000AF78600B46FB706A
:102F90000023FB6000233B82FB78BB740323FB749C
:102FA00000233B7500237B757B68B3F5802F04D02D
:102FB0007B68B3F5002F06D03DE0204BFB604FF45B
:102FC00080533B8205E01D4BFB604FF400533B8276
:102FD00000BFBB7C052B2BD801A252F823F000BF09
:102FE00011300408F92F0408FF2F040811300408D9
:102FF000053004080B30040801237B7509E0002329
:103000007B7506E004233B7503E008233B7500E075
:1030100000BFFB68002B0DD03B8A002B0AD0084B69
:10302000186807F10C01002300220DF0B5FC02E046
:1030300000BF00E000BF1837BD4680BD000C014056
:1030400004010020B0B58EB000AF7860FA233B6376
:10305000C84B07F10C041D460FCD0FC495E80300C3
:1030600084E80300002387F837301CE097F8372006
:1030700013465B0013449B0038333B442C3B1868D9
:1030800097F8372013465B0013449B0038333B44CA
:10309000283B1B880022194608F02BFC97F8373094
:1030A000013387F8373097F83730012BDED921E12B
:1030B000002387F8363018E197F8362013465B0076
:1030C00013449B0038333B442C3B1B68002B00F01F
:1030D000008197F8362013465B0013449B00383379
:1030E0003B44283B1B88002B00F0F38097F83620E8
:1030F00013465B0013449B0038333B442C3B1A6857
:103100007B6A9A4240F0EC8097F8362013465B00C9
:1031100013449B0038333B44283B1A883B8D9A422A
:1031200040F0DE8097F8361097F836200B465B00AB
:103130000B449B0038333B44263B197813465B0015
:1031400013449B0038333B44253B0A461A7097F8DA
:10315000362097F82A1013465B0013449B0038333F
:103160003B44263B0A461A7097F8362097F82C10F5
:1031700013465B0013449B0038333B44243B0A4610
:103180001A7097F8362097F82D1013465B001344F9
:103190009B0038333B44233B0A461A7097F836208D
:1031A00013465B0013449B0038333B44263B1B789B
:1031B000052B00F2908001A252F823F00732040898
:1031C000D5310408D53104086D320408D53104081E
:1031D000D531040897F8362013465B0013449B0052
:1031E00038333B442C3B186897F8362013465B0075
:1031F00013449B0038333B44283B1B88002219466C
:1032000008F077FB6CE097F8362013465B00134418
:103210009B0038333B442C3B186897F83620134604
:103220005B0013449B0038333B44283B1B88194602
:1032300008F048FB0346012B4FD097F83620134681
:103240005B0013449B0038333B442C3B186897F8D1
:10325000362013465B0013449B0038333B44283B25
:103260001B880122194608F044FB36E097F8362007
:1032700013465B0013449B0038333B442C3B1868D7
:1032800097F8362013465B0013449B0038333B44C9
:10329000283B1B88194608F015FB0346002B1ED05F
:1032A00097F8362013465B0013449B0038333B44A9
:1032B0002C3B186897F8362013465B0013449B009C
:1032C00038333B44283B1B880022194608F011FB89
:1032D00005E000BF04E000BF02E000BF00E000BF67
:1032E00097F83630013387F8363097F83630012BAF
:1032F0007FF6E2AE204B186807F12401002300227C
:103300000DF0BEFB0346002B3FF4D2AE002387F83E
:10331000353061E197F8352013465B0013449B007C
:1033200038333B442C3B1B68002B00F04B8197F853
:10333000352013465B0013449B0038333B44283B45
:103340001B88002B00F03E8197F8352013465B0068
:1033500013449B0038333B44263B1B78052B00F37A
:103360003381042B0ADA012B00F0D980022B00F004
:10337000118129E1E07505080401002097F8352046
:1033800013465B0013449B0038333B44243B1B78BB
:10339000002B40F0978097F8352013465B001344CC
:1033A0009B0038333B44253B1B78002B3ED197F8DC
:1033B000352013465B0013449B0038333B44263BC7
:1033C00000221A7097F8352013465B0013449B00C7
:1033D00038333B442C3B186897F8352013465B0084
:1033E00013449B0038333B44283B1B88194608F0A4
:1033F00069FA0346012B00F0E98097F8352013465F
:103400005B0013449B0038333B442C3B186897F80F
:10341000352013465B0013449B0038333B44283B64
:103420001B880122194608F064FACFE097F835208E
:1034300013465B0013449B0038333B44253B1B7809
:10344000032B40F0C38097F8352013465B001344EC
:103450009B0038333B44263B03221A7097F83520F3
:1034600013465B0013449B0038333B442C3B1868E5
:1034700097F8352013465B0013449B0038333B44D8
:10348000283B1B88194608F01DFA0346002B00F064
:103490009D8097F8352013465B0013449B0038331A
:1034A0003B442C3B186897F8352013465B001344C7
:1034B0009B0038333B44283B1B880022194608F008
:1034C00018FA83E097F8352013465B0013449B00FD
:1034D00038333B442C3B186897F8352013465B0083
:1034E00013449B0038333B44283B1B88194608F0A3
:1034F00018FA97F8352013465B0013449B003833C5
:103500003B44243B1B78013BD9B213465B00134478
:103510009B0038333B44243B0A461A7057E097F827
:10352000352013465B0013449B0038333B44233B58
:103530001B78002B22D097F8352013465B001344EC
:103540009B0038333B442C3B186897F835201346D2
:103550005B0013449B0038333B44283B1B881946CF
:1035600008F0DFF997F8352013465B0013449B0001
:1035700038333B44233B00221A7028E097F835206B
:1035800013465B0013449B0038333B44233B01222A
:103590001A701CE097F8352013465B0013449B001B
:1035A00038333B442C3B186897F8352013465B00B2
:1035B00013449B0038333B44283B1B88194608F0D2
:1035C000B0F904E000BF02E000BF00E000BF97F8E0
:1035D0003530013387F8353097F83530012B7FF6D9
:1035E00099AE386B0CF0CAFF84E600BF80B483B09C
:1035F00000AF0346FB7197F90730002B0CDBFB791A
:1036000003F01F02074997F907305B09012000FA10
:1036100002F2603341F8232000BF0C37BD4680BC66
:10362000704700BF00E100E080B400AFBFF34F8FF0
:1036300000BF064BDB6803F4E0620449044B13430C
:10364000CB60BFF34F8F00BF00BFFDE700ED00E090
:103650000400FA0580B584B000AF9C4B00229A604C
:1036600007F024FB00F018FA00F040FD00F0E2FC47
:1036700000F064FB00F0E0FB00F052FA00F00CFDFB
:1036800000F0F8FA00F07AFA00F00CFC00F040FCD0
:1036900010218F4808F045F9642007F039FB01221A
:1036A00020218C4808F025F91021894808F039F9C3
:1036B00000224FF40041874808F01BF90A2007F068
:1036C00027FB01224FF40041824808F012F97F4B9A
:1036D0009B6843F010037D4A936010217C4808F0FA
:1036E00020F97D4805F038FD1021794808F019F9D6
:1036F000794805F075FC03461A46744B5A8310212D
:10370000734808F00EF97448FDF7D4FD1021704895
:1037100008F007F97148FEF729FA714B03221A7075
:103720006F4B704A5A606E4B30221A726C4B40F6E7
:10373000B832A3F822216A4B0022DA60684B6A4A49
:10374000C3F81821664B0422A3F82421644B0122FC
:1037500083F84422624810F06DFD614810F014FEB9
:10376000624B03221A70614B614A5A605F4B3022F0
:103770001A725E4B40F6B832A3F822215B4B554AD1
:10378000DA605A4B4FF480621A82584B594AC3F898
:103790001821564B0422A3F82421544B012283F80C
:1037A0004422524810F046FD504810F0EDFD0CF058
:1037B000D5FD514A002101200CF00EFF03464F4A6F
:1037C00013604F4A012101200CF006FF03464D4AC9
:1037D00013604D4A002101200CF0FEFE03464B4AC7
:1037E00013604B4A0C2101200DF050F80346494A62
:1037F0001360494A062108200DF048F80346474A5D
:103800001360474A002147480CF00EFE0346464A23
:103810001360464A002146480CF006FE0346454A1E
:103820001360454A002145480CF0FEFD0346444A1A
:103830001360444A002144480CF0F6FD0346434A15
:103840001360434A002143480CF0EEFD0346424A10
:103850001360424A002142480CF0E6FD0346414A0B
:103860001360414A002141480CF0DEFD0346404A06
:103870001360404A184940480CF0D6FD03463F4AC1
:1038800013603F4A00213F480CF0CEFD03463E4AFC
:103890001360FFF71BFB10210D4808F042F80023CE
:1038A000FB600023BB6074E02021094808F00AF89F
:1038B0000346002B02D0BB680133BB60BB68052BFD
:1038C00064DD024B01221A7666E000BF600800202A
:1038D00000080140000C01400C010020E400002021
:1038E000A403002010030020EC050020F0050020B8
:1038F00058030020380800201078050848080020E8
:103900004478050850080020B4780508B008002065
:1039100068770508000100209C780508AC080020A5
:10392000807705082D860408A0030020A4770508E9
:10393000DD6C04083C080020C8770508F5840408FD
:103940004008002044770508612A0408FC00002094
:10395000EC77050851850408440800202078050804
:10396000956B04084C08002054780508756C040811
:10397000540800202077050899180408CC0000207E
:1039800078780508818A0408A8080020FB680133BC
:10399000FB60FB68092B87DDFEF73EFAFEF724FB90
:1039A0001021364807F0BDFFFEF7B6FE03461A4663
:1039B000334B1A701021314807F0B3FF0022002169
:1039C000304805F0A1FA03461A462F4B9A80882208
:1039D0002E492C4805F096FC03462D491846FDF764
:1039E00021FA03461846FDF7F9FB03461AB2264BA7
:1039F0001A8089222549234805F084FC034624497E
:103A00001846FDF70FFA03461846FDF70DFC03466E
:103A10009AB21D4B5A801021184807F082FF0022ED
:103A20000021184805F070FA03461A46164BDA8052
:103A3000144805F0F3FA78607B6804331B68184675
:103A400012F03CFD03461846FDF7EEFB03469AB222
:103A50000D4B5A830C4B4FF461725A821021074868
:103A600007F05FFF0B480AF07FFB04F06FFF03F0E5
:103A700047F90CF0A5FC00BFFDE700BF00080140BE
:103A8000F80000200C01002060080020C008002081
:103A900000007A448002002080B590B000AF07F1AA
:103AA000180328220021184611F0ACFD3B1D00220E
:103AB0001A605A609A60DA601A610123BB614FF4A0
:103AC0008033FB6100233B620123BB6202237B63E3
:103AD0004FF48033BB634FF48023FB6307F118037B
:103AE000184609F0B3FD0346002B01D004F028FF6F
:103AF0000F237B600223BB600023FB6000233B613C
:103B000000237B613B1D002118460AF021F8034683
:103B1000002B01D004F014FF00BF4037BD4680BD2C
:103B200080B500AF124B134A1A60114B124A5A600B
:103B30000F4B00229A600E4B0022DA600C4B4FF4C0
:103B400080421A610A4B00225A61094B00229A6195
:103B5000074B0022DA61064B00221A62044807F084
:103B60001BFF0346002B01D004F0EAFE00BF80BD1E
:103B70000C01002000540040A086010080B58EB0EA
:103B800000AF07F1300300221A605A6007F12003EA
:103B900000221A605A609A60DA603B1D00221A60A7
:103BA0005A609A60DA601A615A619A61304B4FF03C
:103BB00080421A602E4B17225A602D4B00229A60C9
:103BC0002B4B4FF6FF72DA60294B00221A61284B0B
:103BD00080229A6126480AF0A1FC0346002B01D0FE
:103BE00004F0AEFE22480AF01FFB0346002B01D072
:103BF00004F0A6FE00233B6300237B6307F1300340
:103C000019461B480BF0DAFB0346002B01D004F0E9
:103C100097FE00233B6201237B620023BB620423E7
:103C2000FB6207F120030422194611480AF0E8FE5E
:103C30000346002B01D004F083FE60237B6040F636
:103C4000B733BB600023FB6004237B613B1D0C2268
:103C5000194607480AF070FF0346002B01D004F014
:103C60006FFE034805F01CFF00BF3837BD4680BD1E
:103C70006001002080B58AB000AF07F12003002268
:103C80001A605A603B1D00221A605A609A60DA601E
:103C90001A615A619A61274B274A1A60254B1722ED
:103CA0005A60244B00229A60224B40F2E732DA60DD
:103CB000204B00221A611F4B80229A611D480AF096
:103CC000B3FA0346002B01D004F03AFE00233B6216
:103CD00000237B6207F12003194616480BF06EFBA8
:103CE0000346002B01D004F02BFE60237B6064238D
:103CF000BB600023FB6000237B613B1D0022194653
:103D00000C480AF019FF0346002B01D004F018FEFE
:103D10003B1D0422194607480AF00EFF0346002BFC
:103D200001D004F00DFE034805F0BAFE00BF2837AD
:103D3000BD4680BDA80100200008004080B58EB0BF
:103D400000AF07F1300300221A605A6007F1200328
:103D500000221A605A609A60DA603B1D00221A60E5
:103D60005A609A60DA601A615A619A61304B314A3E
:103D70001A602F4B17225A602D4B00229A602C4B51
:103D80004FF6FF72DA602A4B00221A61284B80221C
:103D90009A6127480AF0C2FB0346002B01D004F0C9
:103DA000CFFD23480AF040FA0346002B01D004F06F
:103DB000C7FD00233B6300237B6307F130031946F3
:103DC0001B480BF0FBFA0346002B01D004F0B8FDB2
:103DD00000233B6201237B620023BB620423FB625E
:103DE00007F120030022194611480AF009FE034694
:103DF000002B01D004F0A4FD60237B6040F6B733B4
:103E0000BB600023FB6004237B613B1D0422194639
:103E100007480AF091FE0346002B01D004F090FD04
:103E2000034805F03DFE00BF3837BD4680BD00BFEA
:103E3000F0010020000C004080B582B000AF3B468E
:103E400000221A605A60154B154A1A60134BEF2274
:103E50005A60124B00229A60104B40F23512DA6021
:103E60000E4B80229A610D480AF008F90346002B98
:103E700001D004F065FD20233B6000237B603B46BE
:103E8000194606480BF09AFA0346002B01D004F0BD
:103E900057FD00BF0837BD4680BD00BF3802002077
:103EA0000010004080B582B000AF3B4600221A608F
:103EB0005A60154B154A1A60134B17225A60124B61
:103EC00000229A60104B4FF6FF72DA600E4B802290
:103ED0009A610D480AF0D2F80346002B01D004F095
:103EE0002FFD20233B6000237B603B46194606489C
:103EF0000BF064FA0346002B01D004F021FD00BF53
:103F00000837BD4680BD00BF80020020001400407D
:103F100080B592B000AF07F1400300221A605A60EA
:103F200007F1240300221A605A609A60DA601A616D
:103F30005A619A613B1D20220021184611F062FB54
:103F40003A4B3B4A1A60394B17225A60374B0022D2
:103F50009A60364B40F2E732DA60344B00221A6145
:103F6000324B00225A61314B80229A612F480AF06D
:103F70005BF90346002B01D004F0E2FC20233B64F4
:103F800000237B6407F14003194628480BF016FA1A
:103F90000346002B01D004F0D3FC60237B62002396
:103FA000BB620023FB6208233B6300237B63002387
:103FB000BB630023FB6307F12403002219461B485F
:103FC0000AF0BAFD0346002B01D004F0B9FC07F15A
:103FD00024030422194615480AF0AEFD0346002BBF
:103FE00001D004F0ADFC4FF400637B604FF48063BC
:103FF000BB600023FB6000233B6100237B614FF427
:104000000053BB6100233B623B1D194607480BF080
:1040100041FA0346002B01D004F092FC034805F05E
:104020003FFD00BF4837BD4680BD00BFC80200202D
:104030000034014080B500AF154B164A1A60144B8E
:104040004FF496425A60124B00229A60104B0022A5
:10405000DA600F4B00221A610D4B0C225A610C4B97
:1040600000229A610A4B0022DA6109480BF075FAC6
:104070000346002B01D004F063FC054B1B685A6912
:10408000034B1B6842F001025A6100BF80BD00BFB4
:10409000100300200038014080B500AF114B124AD8
:1040A0001A60104B4FF496425A600E4B00229A60F1
:1040B0000C4B0022DA600B4B00221A61094B0C22D8
:1040C0005A61084B00229A61064B0022DA610548CA
:1040D0000BF043FA0346002B01D004F031FC00BF83
:1040E00080BD00BF580300200048004080B588B064
:1040F00000AF07F1100300221A605A609A60DA607C
:10410000774B9B69764A43F010039361744B9B692C
:1041100003F01003FB60FB68714B9B69704A43F02E
:10412000200393616E4B9B6903F02003BB60BB6867
:104130006B4B9B696A4A43F004039361684B9B692C
:1041400003F004037B607B68654B9B69644A43F022
:1041500008039361624B9B6903F008033B603B6873
:10416000002242F20F215F4807F0C3FB002241F218
:1041700010115D4807F0BDFB012220215A4807F0CD
:10418000B8FB002243F22241584807F0B2FB01225B
:104190004CF21001554807F0ACFB01224FF480515E
:1041A000504807F0A6FB01220421514807F0A1FB6B
:1041B0004FF408533B6101237B610023BB61022361
:1041C000FB6107F110031946464807F0E7F941F291
:1041D0000F033B6111237B610023BB610223FB6161
:1041E00007F1100319463F4807F0D8F948F6440391
:1041F0003B6100237B610023BB6107F1100319467B
:10420000394807F0CBF941F210133B6101237B6180
:104210000023BB610223FB6107F1100319463248FA
:1042200007F0BCF920233B6111237B610023BB61B4
:104230000223FB6107F1100319462B4807F0AEF982
:104240004FF498733B6100237B610023BB6107F14E
:1042500010031946234807F0A1F943F202433B61DA
:1042600001237B610023BB610223FB6107F1100383
:1042700019461E4807F092F940F604033B610023FB
:104280007B610023BB6107F110031946174807F053
:1042900085F94CF230033B6111237B610023BB6144
:1042A0000223FB6107F110031946104807F076F965
:1042B00004233B6111237B610023BB610223FB616B
:1042C00007F1100319460A4807F068F9094B9B6883
:1042D00043F48063074A936000BF2037BD4680BD2A
:1042E000001002400010014000080140000C014095
:1042F000001401406008002080B483B000AF034682
:104300000A46FB801346BB80FB880F2B0FDC002B7B
:1043100011DB1A464CF28703D34003F00103002B54
:1043200014BF01230023DBB2002B06D103E0A3F569
:104330004053042B01D9022309E000BFBB88002BA6
:1043400002D0BB887D2B01D9032300E0002318464F
:104350000C37BD4680BC704780B483B000AF0346C5
:104360000A46FB801346BB80FB88022B02DC002B35
:1043700005DA02E0043B012B01D9022309E000BF6A
:10438000BB88002B02D0BB887D2B01D9032300E022
:10439000002318460C37BD4680BC704780B483B0FC
:1043A00000AF03460A46FB801346BB80FB885C2BAC
:1043B0001BDC502B2ADA392B17DC242B04DA052BD3
:1043C00010DC002B22DA10E0243B234A22FA03F30C
:1043D00003F00103002B14BF01230023DBB2002BE9
:1043E00014D102E0143B072B10D9FB885F2B02D9B4
:1043F000FB886B2B0CD9FB88B3F55A4F04D3FB8891
:104400004DF62022934205D9022320E000BF02E0AE
:1044100000BF00E000BFFB88B3F55A4F0ED3FB8806
:104420004DF62022934209D8BB88002B02D0BB88CE
:10443000152B01D903230AE0002308E0BB88002BD9
:1044400002D0BB887D2B01D9032300E0002318464E
:104450000C37BD4680BC704777FF3F0080B483B007
:1044600000AF03460A46FB801346BB80FB884FF62D
:10447000FF72934231D0FB881B0A9BB2DBB2912BB7
:104480002BD0FB881B0A9BB2DBB2812B25D0FB888B
:104490001B0A9BB2DBB2832B1FD0FB881B0A9BB28B
:1044A000DBB28B2B19D0FB881B0A9BB2DBB2EC2B47
:1044B00013D0FB881B0A9BB2DBB2442B0DD0FB88C8
:1044C0001B0A9BB2DBB2D02B07D0FB881B0A9BB226
:1044D000DBB2292B01D002234EE0FB884FF6FF729E
:1044E000934204D1BB88012B45D0032344E0FB88D1
:1044F0001B0A9BB2DBB2912B05D1FB88DBB2002BF0
:1045000039D0032338E0FB881B0A9BB2DBB2812B36
:104510000BD0FB881B0A9BB2DBB2832B05D0FB8838
:104520001B0A9BB2DBB28B2B25D1FB88DBB2882B1D
:1045300021D0FB88DBB2572B1DD0FB88DBB2582B78
:1045400019D0FB88DBB2D12B15D0FB88DBB2892BCD
:1045500011D0FB88DBB28C2B0DD0FB88DBB24A2B51
:1045600009D0FB88DBB2972B05D0FB88DBB26B2B25
:1045700001D0032300E0002318460C37BD4680BC61
:10458000704780B483B000AF03460A46FB801346F1
:10459000BB80FB8843F20402934209DCB3F5405F21
:1045A00008DA002B06D0002B02DB053B022B01D9D9
:1045B000022323E000BFFB8843F20302934204D0AE
:1045C000FB8843F2040293420DD1BB881B0A9BB2C5
:1045D000DBB2FF2B10D0BB881B0A9BB2DBB2002BD7
:1045E0000AD003230AE0BB88B3F57F4F05D0BB8810
:1045F000002B02D0032301E000BF002318460C3734
:10460000BD4680BC7047000080B485B000AF034653
:104610000A46FB801346BB80FB8843F202029342AA
:1046200000F3C580B3F5405F80F2C38042F24202DE
:10463000934200F3BC80B3F5005F0CDC5C2B00F30D
:10464000B6805A2B80F2B5801B2B00F3AC80002B78
:1046500080F29C80ABE0A3F50053013B412B00F2BC
:10466000A68001A252F823F0B3470408B347040818
:10467000AF470408AF470408AF470408AF47040832
:10468000AF470408AF470408AF470408AF47040822
:10469000AF470408AF470408AF470408AF47040812
:1046A000AF470408AF470408B3470408B3470408FA
:1046B000AF470408AF470408AF470408AF470408F2
:1046C000AF470408AF470408AF470408AF470408E2
:1046D000AF470408AF470408AF470408AF470408D2
:1046E000AF470408AF470408B3470408B3470408BA
:1046F000AF470408AF470408AF470408AF470408B2
:10470000AF470408AF470408AF470408AF470408A1
:10471000AF470408AF470408AF470408AF47040891
:10472000AF470408AF470408B3470408B347040879
:10473000AF470408AF470408AF470408AF47040871
:10474000AF470408AF470408AF470408AF47040861
:10475000AF470408AF470408AF470408AF47040851
:10476000AF470408AF470408B3470408B347040839
:10477000243BCD4A22FA03F303F00103002B14BFBC
:1047800001230023DBB2002B13D110E01A46C74BE4
:10479000D34003F00103002B14BF01230023DBB23D
:1047A000002B06D103E0392B01DC242BE0DA0223B5
:1047B00078E200BFFB8843F20202934200F3718269
:1047C000B3F5405F80F22C8142F24102934200F047
:1047D000388142F24102934200F363825C2B00F382
:1047E0000D81132B6EDA5CE2A3F50053013B312BF4
:1047F00000F2578201A252F823F000BF374A0408A2
:10480000374A0408A34C0408A34C0408A34C04082A
:10481000A34C0408A34C0408A34C0408A34C0408AC
:10482000A34C0408A34C0408A34C0408A34C04089C
:10483000A34C0408A34C0408A34C0408434A0408EE
:10484000434A0408A34C0408A34C0408A34C0408DE
:10485000A34C0408A34C0408A34C0408A34C04086C
:10486000A34C0408A34C0408A34C0408A34C04085C
:10487000A34C0408A34C0408A34C0408434A0408AE
:10488000A34C0408A34C0408A34C0408A34C04083C
:10489000A34C0408A34C0408A34C0408A34C04082C
:1048A000A34C0408A34C0408A34C0408A34C04081C
:1048B000A34C0408A34C0408A34C0408434A04086E
:1048C000434A0408133B492B00F2EB8101A252F842
:1048D00023F000BF114A0408754A0408754A040809
:1048E000754A0408754A0408A34C0408754A04086C
:1048F0005F4B0408894B0408A34C0408A34C04082C
:10490000A34C0408A34C0408A34C0408A34C0408BB
:10491000A34C0408A34C0408AF4B0408C34B040881
:10492000A34C0408A34C0408754A0408754A0408FB
:10493000A34C0408A34C0408A34C0408A34C04088B
:10494000A34C0408A34C0408A34C0408A34C04087B
:10495000A34C0408A34C0408A34C0408D74B040838
:10496000A34C0408A34C0408A34C04084B4C0408B3
:10497000A34C0408A34C0408A34C0408A34C04084B
:10498000A34C0408A34C0408A34C0408A34C04083B
:10499000A34C0408A34C0408A34C0408A34C04082B
:1049A000A34C0408A34C0408A34C0408A34C04081B
:1049B000A34C0408A34C0408A34C0408A34C04080B
:1049C000A34C0408A34C0408A34C0408A34C0408FB
:1049D000A34C0408A34C0408A34C0408A34C0408EB
:1049E000A34C0408A34C0408A34C0408A34C0408DB
:1049F000E74B04080D4C0408334C040842F2320221
:104A0000934200F34E81B3F5005F3FF7EDAE48E10E
:104A1000BB8840F21F22934200F01C81032341E136
:104A2000BB88B3F57F4F00F01781BB88002B00F0E7
:104A30001381032336E1BB88052B40F20F8103234A
:104A400030E1BB881B0A9BB2FB73BB88BB73BB7B8B
:104A5000002B01D1032325E197F90F30002B80F2C1
:104A6000FF80BB7B072B03D9BB7B0F2B40F2F88069
:104A7000032317E1BB883B81B7F908307D2B06DDA6
:104A8000B7F9083013F1370F01DA03230AE1FB8885
:104A9000142B0FD1064B5B881BB2B7F908209A4242
:104AA000C0F2E0800323FDE0FB0022000100F80ECD
:104AB00004000020FB88152B09D17D4B1B881BB2FD
:104AC000B7F908209A4200F3CF800323EAE0FB887D
:104AD000162B09D1764BDB881BB2B7F908209A4216
:104AE000C0F2C4800323DDE0FB88172B09D1704B93
:104AF0009B881BB2B7F908209A4200F3B9800323C0
:104B0000D0E0FB88282B02D0FB88292B18D1B7F9DD
:104B10000830674A528912B21344654AD28812B2E9
:104B200093420BDCB7F90830614A528912B29B1AE2
:104B30005F4A928812B2934280F29C800323B1E0D4
:104B4000FB88192B40F09880B7F90830072B04DC5C
:104B5000B7F90830002B00F391800323A2E0BB8853
:104B600041F65732934200F28B80BB8844F2506288
:104B7000934240F28580BA884D4BDB891BB20233E9
:104B80009A427DDC03238DE0BB8841F65732934285
:104B900078D8BB8844F25062934273D9444B9B89C6
:104BA0001BB25A1EBB889A426CDD03237AE0404B4D
:104BB0005B8A9BB2A3F16302BB889A4264DC032345
:104BC00070E03B4B1B8A9BB203F16302BB889A42A5
:104BD0005CDB032366E0BB88002B02D0BB880A2B7A
:104BE00056D903235EE0BB881B0A9BB2FB72BB88CD
:104BF000BB72FB7A632B01D9032353E0BB7A002BF2
:104C000002D0BB7A0C2B45D903234BE0BB881B0A8F
:104C10009BB27B73BB883B737B7B002B02D07B7B7F
:104C20001F2B01D903233DE03B7B172B34D90323F2
:104C300038E0BB881B0A9BB2DBB23B2B03DCBB8892
:104C4000DBB23B2B2ADD03232CE0BB88072B27D9C3
:104C5000032327E000BF24E000BF22E000BF20E0E4
:104C600000BF1EE000BF1CE000BF1AE000BF18E05C
:104C700000BF16E000BF14E000BF12E000BF10E06C
:104C800000BF0EE000BF0CE000BF0AE000BF08E07C
:104C900000BF06E000BF04E000BF02E000BF00E08C
:104CA00000BF002318461437BD4680BC704700BFC4
:104CB0000400002080B584B000AF78603960002324
:104CC000FB730223BB7300237B737B68042283F88E
:104CD00013213B689B88DB089BB2DAB23B689B8858
:104CE00003F007039BB2002B14BF01230023DBB2A8
:104CF0001846BB7B591CB97319461318DAB27B6886
:104D00000B44DA743B685B887B813EE07B7B082B3D
:104D100014D1BB7B5A1CBA731A467B681344FA7BC6
:104D2000DA747B6893F813310133DAB27B6883F865
:104D300013210023FB7300237B7302E0FB7B5B08E2
:104D4000FB733B681B78012B0AD17B89184600F066
:104D500069FC0346002B14BF01230023DBB209E0EA
:104D60007B89184600F02EFD0346002B14BF01235B
:104D70000023DBB2002B02D0FB7B803BFB737B7BF1
:104D800001337B737B8901337B817A893B685B8844
:104D900019463B689B880B449A42B7DB7B7B002B10
:104DA0000BD0FA7B7B7BC3F1080342FA03F3FB735E
:104DB000BB7B7A681344FA7BDA747B6893F813310F
:104DC0000233DBB27B7297F9093018461037BD46C3
:104DD00080BD80B584B000AF786039600223FB737A
:104DE0007B68032283F813213B689B88DAB2FB7B44
:104DF000591CF97319465300DAB27B680B44DA7414
:104E00003B685B88BB8125E0BB89184600F028FD24
:104E100003463B81B7F908301B121AB2FB7B591CC1
:104E2000F9731946D2B27B680B44DA74FB7B5A1CC7
:104E3000FA7319463B89DAB27B680B44DA747B68F3
:104E400093F813310233DAB27B6883F81321BB89FC
:104E50000133BB81BA893B685B8819463B689B88F4
:104E60000B449A42D0DB7B6893F813310233DBB2F8
:104E7000FB7297F90B3018461037BD4680BD000015
:104E800080B58CB004AF786039600023FB773B6855
:104E90005B884FF6FF72934211D13B689B88012BD0
:104EA0000DD17B6802225A757B6820229A757B6837
:104EB0000022DA757B68052283F813216EE33B68D4
:104EC0005B881B0A9BB2DBB2EC2B00F06283EC2BFD
:104ED00000F36483D02B00F0B380D02B00F35E830B
:104EE000912B00F35B83812B06DA292B00F053838F
:104EF000442B00F0248351E3813B102B00F24E83BE
:104F000001A252F823F000BF7D4F04089D5504080C
:104F1000D14F04089D5504089D5504089D5504086B
:104F20009D5504089D5504089D5504089D55040889
:104F3000FF4F04089D5504089D5504089D5504081D
:104F40009D5504089D5504084D4F04083B685B8837
:104F50007B773B689A887B7F1946344803F0D4FFFF
:104F600003467B83B7F91A301B121BB2DAB27B6897
:104F7000DA757B8BDAB27B681A760FE33B685B8865
:104F8000DBB2862B0DD17B681733294A12691A6070
:104F90007B6893F813310233DAB27B6883F813210C
:104FA000FCE23B685B88DBB21A4622491F4804F0EA
:104FB000A9F90346FB607B681733FA681A607B68BF
:104FC00093F813310233DAB27B6883F81321E5E2F8
:104FD0003B685B88DBB21A461749144804F092F923
:104FE0000346FB607B681733FA681A607B6893F8A6
:104FF00013310233DAB27B6883F81321CEE23B68C7
:105000005B88DBB21A460D49084804F07BF9034679
:10501000FB607B681733FA681A607B6893F813317A
:105020000233DAB27B6883F81321B7E20C01002067
:1050300008090020C0080020D8080020F00800203F
:105040000023FB7200233B817B68042283F8132139
:10505000FB7F0133FB77FB7F0233AC4A11787A6820
:1050600013440A46DA740021A948FCF7FDF8034608
:10507000BB77BB7F002B21D0FB7F0133FB77FB7F0E
:1050800002337A681344FF22DA747B6893F8133191
:105090000133DAB27B6883F81321FB7F0133FB779E
:1050A000FB7F02337A681344B022DA747B6893F88A
:1050B00013310133DAB27B6883F81321BB7F002BF5
:1050C00031D1282302930123019307F10B030093AD
:1050D00001230622D0218E4807F006FA0346BB774B
:1050E000FB7F0133FB77FB7F02337A681344D122C5
:1050F000DA747B6893F813310133DAB27B6883F892
:105100001321FB7F0133FB77FB7F0233F97A7A6847
:1051100013440A46DA747B6893F813310133DAB228
:105120007B6883F81321BB7F002B2AD1202178488C
:10513000FCF79AF80346BB77BB7F002B21D0FB7F9F
:105140000133FB77FB7F02337A681344FF22DA7462
:105150007B6893F813310133DAB27B6883F813214B
:10516000FB7F0133FB77FB7F02337A681344B22263
:10517000DA747B6893F813310133DAB27B6883F811
:105180001321BB7F002B36D10023FB72282302930F
:105190000123019307F10B03009301230022D02187
:1051A0005B4807F0A1F90346BB77BB7F002B22D1F8
:1051B000FB7F0133FB77FB7F02337A681344D222F3
:1051C000DA747B6893F813310133DAB27B6883F8C1
:1051D0001321FB7F0133FB77FB7F0233F97A7A6877
:1051E00013440A46DA747B6893F813310133DAB258
:1051F0007B6883F81321BB7F002B36D10023FB7221
:10520000282302930123019307F10B030093012349
:105210000122D0213E4807F067F90346BB77BB7FE8
:10522000002B22D1FB7F0133FB77FB7F02337A68AF
:105230001344D322DA747B6893F813310133DAB262
:105240007B6883F81321FB7F0133FB77FB7F0233FD
:10525000F97A7A6813440A46DA747B6893F8133152
:105260000133DAB27B6883F81321BB7F002B36D180
:105270000023FB72282302930123019307F10B0300
:10528000009301230222D021214807F02DF9034683
:10529000BB77BB7F002B22D1FB7F0133FB77FB7FEA
:1052A00002337A681344D422DA747B6893F813319A
:1052B0000133DAB27B6883F81321FB7F0133FB777C
:1052C000FB7F0233F97A7A6813440A46DA747B6802
:1052D00093F813310133DAB27B6883F81321BB7F73
:1052E000002B4CD1322302930223019307F10803D0
:1052F000009301231022D021054807F0F5F803465A
:10530000BB77BB7F002B3AD104E000BFD000002068
:105310000C010020FB7F0133FB77FB7F02337A68AF
:105320001344D522DA747B6893F813310133DAB26F
:105330007B6883F81321FB7F0133FB77FB7F02330C
:10534000397A7A6813440A46DA747B6893F8133121
:105350000133DAB27B6883F81321FB7F0133FB77DB
:10536000FB7F0233797A7A6813440A46DA747B68E1
:1053700093F813310133DAB27B6883F81321BB7FD2
:10538000002B36D10023FB722823029301230193C3
:1053900007F10B03009301231422D021854807F065
:1053A000A3F80346BB77BB7F002B22D1FB7F0133E1
:1053B000FB77FB7F02337A681344D622DA747B686A
:1053C00093F813310133DAB27B6883F81321FB7F42
:1053D0000133FB77FB7F0233F97A7A6813440A467C
:1053E000DA747B6893F813310133DAB27B6883F89F
:1053F0001321BB7F002B36D10023FB72282302939D
:105400000123019307F10B03009301231522D021FF
:10541000684807F069F80346BB77BB7F002B22D1B1
:10542000FB7F0133FB77FB7F02337A681344D7227B
:10543000DA747B6893F813310133DAB27B6883F84E
:105440001321FB7F0133FB77FB7F0233F97A7A6804
:1054500013440A46DA747B6893F813310133DAB2E5
:105460007B6883F81321BB7F002B2AD10021514890
:10547000FBF7FAFE0346BB77BB7F002B21D0FB7FF7
:105480000133FB77FB7F02337A681344FF22DA741F
:105490007B6893F813310133DAB27B6883F8132108
:1054A000FB7F0133FB77FB7F02337A681344B02222
:1054B000DA747B6893F813310133DAB27B6883F8CE
:1054C0001321BB7F002B36D10023FB7228230293CC
:1054D0000123019307F10B03009301230722D0213D
:1054E000344807F001F80346BB77BB7F002B22D17D
:1054F000FB7F0133FB77FB7F02337A681344D822AA
:10550000DA747B6893F813310133DAB27B6883F87D
:105510001321FB7F0133FB77FB7F0233F97A7A6833
:1055200013440A46DA747B6893F813310133DAB214
:105530007B6883F813217B68FA7F5A752EE01E4B37
:105540005B8B9BB2012B28D01A4803F067FD786172
:105550007B6817337A6912681A607B6893F8133195
:105560000233DAB27B6883F813217B6893F8133136
:1055700010337A68134403337A69043212681A606C
:105580007B6893F813310433DAB27B6883F8132114
:1055900003E000BF02E000BF00E000BF7B6893F8BB
:1055A00013310233DBB2FB7497F9133018462037FE
:1055B000BD4680BD0C0100206008002080B584B08D
:1055C00000AF786039603B685A883B689B88194611
:1055D000104600F0A1FD7B6893F813310233DBB273
:1055E000FB7397F90F3018461037BD4680BD80B564
:1055F00084B000AF786039603B685A883B689B880C
:105600001BB21946104600F063FE7B6893F8133115
:105610000233DBB2FB7397F90F3018461037BD46E3
:1056200080BD000080B582B000AF0346FB80FB88E0
:105630000F2B3BDC002B13DAB8E0A3F54053042B0F
:1056400000F2B48001A252F823F000BF41570408D1
:1056500059570408715704088557040899570408D6
:105660000F2B00F2A38001A252F823F0BD560408CC
:10567000D1560408E5560408AD570408AD57040890
:10568000F95604082357040811570408AD570408B5
:10569000AD570408AD570408AD570408AD570408CA
:1056A000AD570408395704083D57040843F2040273
:1056B00093427BDCB3F5405FBFDA77E03E4B9B68FB
:1056C00003F01003002B14BF01230023DBB26EE0B4
:1056D000394B9B6803F00403002B14BF0123002304
:1056E000DBB264E0344B9B6803F00803002B14BF6B
:1056F00001230023DBB25AE04FF400712F4806F07B
:10570000E1F80346002B14BF01230023DBB24EE077
:10571000294B1B7DDBB2002B14BF01230023DBB21E
:1057200045E02021264806F0CDF80346002B14BFA3
:1057300001230023DBB23AE0002338E0002336E007
:105740004FF400511D4806F0BDF80346002B14BF6E
:1057500001230023DBB22AE04FF48051184806F001
:10576000B1F80346002B14BF01230023DBB21EE077
:10577000114B9B6803F48063002B14BF01230023AB
:10578000DBB214E00C4B9B6803F00403002B14BF46
:1057900001230023DBB20AE0074B9B6803F00803F8
:1057A000002B14BF01230023DBB200E000231846C6
:1057B0000837BD4680BD00BF6008002000100140D2
:1057C0000008014080B582B000AF0346FB80FB8833
:1057D000072B3BD801A252F823F000BFFD57040865
:1057E00001580408135804082B5804082F580408BB
:1057F000335804084558040849580408012326E092
:10580000154BDB7DDBB2002B14BF01230023DBB281
:105810001DE04FF48071114806F054F80346002B48
:1058200014BF01230023DBB211E000230FE00023AB
:105830000DE0094B5B7DDBB2002B14BF012300237D
:10584000DBB204E0002302E0002300E0002318465E
:105850000837BD4680BD00BF600800200010014031
:1058600080B58AB000AF0346FB80FB886B2B00F34A
:105870000181002B20DA00F014BCA3F55A430A2B57
:1058800000F20F8401A252F823F000BF155E040855
:10589000315E04084D5E0408695E0408855E0408F4
:1058A000A15E0408BD5E0408D95E0408F55E040824
:1058B000115F04082B5F04086B2B00F2F28301A236
:1058C00052F823F0895A0408935A0408DB5A040852
:1058D000235B04082B5B04083B5B0408A3600408FB
:1058E000A3600408A3600408A3600408A36004087C
:1058F000A3600408A3600408A3600408A36004086C
:10590000A3600408A3600408A3600408A36004085B
:10591000A36004084F5B0408575B04085F5B04083E
:10592000675B04086F5B0408775B04087F5B04080F
:10593000875B0408A3600408A3600408A36004084C
:10594000A3600408A3600408A3600408A36004081B
:10595000A36004088F5B0408995B0408A35B040838
:10596000A3600408A95B0408B15B0408B95B0408E0
:10597000A3600408C35B0408CD5B0408D75B04087C
:10598000E15B0408EB5B0408F55B0408FF5B0408BB
:10599000095C0408115C0408155C04081F5C040819
:1059A0002B5C0408355C04083F5C0408A360040811
:1059B000A3600408A3600408A3600408A3600408AB
:1059C000A3600408A3600408A3600408A36004089B
:1059D000A3600408A3600408A3600408A36004088B
:1059E000A3600408A3600408A3600408A36004087B
:1059F000A3600408A3600408A3600408A36004086B
:105A0000A3600408495C0408515C04085B5C04085A
:105A1000655C04088B5C0408B35C0408095D040839
:105A2000315D04083B5D0408435D04084D5D0408D6
:105A3000815D0408D75D0408A3600408A36004081E
:105A4000A3600408455F04084D5F0408595F04081B
:105A5000635F04086D5F0408D55F0408F15F040804
:105A60000D600408296004084560040861600408AA
:105A70007D6004084DF60A22934200F31283B3F5C9
:105A80005A4FBFF6FAAE0CE3934B5B8A9BB21BB244
:105A900038E30023FB84002387F8253016E097F8CD
:105AA00025309BB21846FFF78DFE0346002B08D029
:105AB00097F82530012202FA03F39AB2FB8C1344C3
:105AC000FB8497F82530013387F8253097F8253087
:105AD0000F2BE4D9B7F9263014E30023FB8400230D
:105AE00087F8243016E097F824309BB21846FFF769
:105AF00099FD0346002B08D097F82430012202FAC2
:105B000003F39AB2FB8C1344FB8497F824300133DF
:105B100087F8243097F824300F2BE4D9B7F92630D2
:105B2000F0E26D4B1B881BB2ECE26B4BDB881BB2C7
:105B30009BB25B009BB21BB2E4E2674B5B889BB2FB
:105B4000664AA2FB0323DB089BB21BB2DAE2644B7A
:105B50001B881BB2D6E2624B5B881BB2D2E2604B61
:105B60009B881BB2CEE25E4BDB881BB2CAE25C4B69
:105B70001B891BB2C6E25A4B5B891BB2C2E2584B6F
:105B80009B891BB2BEE2564BDB891BB2BAE2544B77
:105B90001B8A9BB21BB2B5E2514B5B8A9BB21BB214
:105BA000B0E240F6BB33ADE24D4B9B8A1BB2A9E29B
:105BB0004B4BDB8A1BB2A5E2494B1B8B9BB21BB242
:105BC000A0E2484B1B889BB21BB29BE2464B1B8852
:105BD0009BB21BB296E2454B1B889BB21BB291E273
:105BE000434B1B889BB21BB28CE2424B1B889BB27F
:105BF0001BB287E2404B1B889BB21BB282E2384B40
:105C00005B8B9BB21BB27DE2354B9B8B1BB279E267
:105C1000002377E2324BDB8B9BB21BB272E2374B35
:105C200093F82530DBB21BB26CE2344B1B78DBB24D
:105C30001BB267E2314B5B78DBB21BB262E2284BEE
:105C40001B8C9BB21BB25DE2234BDB681BB259E29B
:105C5000214BDB681B0C1BB254E21F4B1B8A9BB20F
:105C60001BB24FE2264B1B6926491846FBF7DAF8B0
:105C700003464FF07C511846FAF7CCFF034618460E
:105C8000FBF7D2FA03461BB23CE21D4B1B691D49D0
:105C90001846FBF7C7F803464FF07C511846FAF751
:105CA000B9FF03461846FBF7BFFA03461B0C1BB2AD
:105CB00028E2134BDB6813491846FBF7B3F8034699
:105CC0004FF07C511846FAF7A5FF03461846FBF73C
:105CD000ABFA03461BB215E260080020CDCCCCCC59
:105CE00004000020E8F7FF1FEAF7FF1FECF7FF1F93
:105CF000EEF7FF1FF0F7FF1FF2F7FF1F80080020ED
:105D00000809002000007A44A04BDB68A04918462F
:105D1000FBF788F803464FF07C511846FAF77AFFF4
:105D200003461846FBF780FA03461B0C1BB2E9E159
:105D3000984B5B8B9BB21BB2E4E1964BDB691BB2C9
:105D4000E0E1944BDB691B141BB2DBE10023FB8415
:105D500000237B6107F11403002219468E4804F0EA
:105D6000DDFA0346002B08D1FB7D1BB21B021AB2E1
:105D70007B7D1BB213431BB2FB84B7F92630C1E114
:105D80000023FB8400233B6107F10C0300210A463A
:105D90001A800A469A7007F10C03002219467E48C1
:105DA00004F02EF90346002B12D107F11003002254
:105DB0001946794804F0B2FA0346002B08D1BB7C9F
:105DC0001BB21B021AB23B7B1BB213431BB2FB84F8
:105DD000B7F9263096E10023FB8407F10803002180
:105DE0000A461A800A469A7007F1080300221946EB
:105DF000694804F005F90346002B08D17B7A1BB2F1
:105E00001B021AB2BB7A1BB213431BB2FB84B7F955
:105E1000263077E1614B1B88FB84FB8C1B0A9BB20D
:105E20001AB2B7F926301B021BB213431BB269E149
:105E30005B4B1B88FB84FB8C1B0A9BB21AB2B7F925
:105E400026301B021BB213431BB25BE1554B1B8870
:105E5000FB84FB8C1B0A9BB21AB2B7F926301B02DB
:105E60001BB213431BB24DE14F4B1B88FB84FB8CD1
:105E70001B0A9BB21AB2B7F926301B021BB213439E
:105E80001BB23FE1494B1B88FB84FB8C1B0A9BB276
:105E90001AB2B7F926301B021BB213431BB231E111
:105EA000434B1B88FB84FB8C1B0A9BB21AB2B7F9CD
:105EB00026301B021BB213431BB223E13D4B1B8850
:105EC000FB84FB8C1B0A9BB21AB2B7F926301B026B
:105ED0001BB213431BB215E1374B1B88FB84FB8CB1
:105EE0001B0A9BB21AB2B7F926301B021BB213432E
:105EF0001BB207E1314B1B88FB84FB8C1B0A9BB256
:105F00001AB2B7F926301B021BB213431BB2F9E0D9
:105F10002B4B1B88FB84B7F926301B021AB2294B86
:105F20001B781BB213431BB2ECE016237B847B8CE3
:105F30005B089AB27B8C03F001039BB213449BB2C3
:105F40001BB2DFE0204B1B781BB2DBE042F24F6359
:105F5000FB84B7F92630D5E06423FB84B7F92630FB
:105F6000D0E00123FB84B7F92630CBE0164B1B7839
:105F7000012B03D0144B1B78112B29D1124B11226A
:105F80001A70124BB3F90030BCE000BF08090020C2
:105F900000007A4460080020E400002000F80708B0
:105FA00002F8070804F8070806F8070808F80708C1
:105FB0000AF807080CF807080EF8070810F8070891
:105FC00012F80708F8000020D0000020D4000020BC
:105FD000002397E04D4B1B78012B03D04B4B1B78D4
:105FE000112B03D14A4BB3F902308BE0002389E037
:105FF000464B1B78012B03D0444B1B78112B03D14C
:10600000434BB3F904307DE000237BE03F4B1B782A
:10601000012B03D03D4B1B78112B03D13C4BB3F923
:1060200006306FE000236DE0384B1B78012B03D066
:10603000364B1B78112B03D1354BB3F9083061E097
:1060400000235FE0314B1B78012B03D02F4B1B78D3
:10605000112B03D12E4BB3F90A3053E0002351E04A
:106060002A4B1B78012B03D0284B1B78112B03D113
:10607000274BB3F90C3045E0002343E0234B1B785A
:10608000012B03D0214B1B78112B08D1204BDB892E
:106090003B841E4B01221A70B7F9203032E00023F6
:1060A00030E0FB884DF60A2293422AD9FB884DF650
:1060B0002022934225D8FB8803F517533533FB8301
:1060C000FB8BDBB25B007B777B7F162B03D87B7F60
:1060D000104AD35C00E000233B777B7F0133162B13
:1060E00004D87B7F01330B4AD35C00E00023FB76AE
:1060F0003B7F1BB21B021AB2FB7E1BB213431BB2C7
:1061000000E0002318462837BD4680BDD00000209F
:10611000D40000205C76050880B58CB002AF034641
:106120000A46FB801346BB80FB88072B2ADC002B2A
:1061300012DABEE0A3F54053042B00F2BA8001A2AC
:1061400052F823F025620408356204084562040809
:106150005562040885620408072B00F2AA8001A298
:1061600052F823F097610408B3620408B36204088C
:10617000B3620408B3620408AD610408BD61040899
:10618000ED61040843F20402934200F39280B3F5F8
:10619000405FCFDA8DE0B888102300934FF480433E
:1061A0004FF40042454900F093FC82E0B888802318
:1061B0004FF40072424900F00BFC7AE0414B1B7E29
:1061C000DBB2002B74D0BB88B3F57F4F05D1012221
:1061D00020213D4805F08DFB6AE0BB88002B67D18C
:1061E00000222021384805F084FB61E0002387F875
:1061F0002730BB88B3F57F4F03D1012387F82730C1
:1062000005E0BB88002B02D1002387F827302D4AF8
:1062100097F8273013752B4B01225A75294B012211
:106220009A7546E0B88801234FF40052244900F0E3
:10623000CFFB3EE0B88802234FF48052224900F0A1
:10624000C7FB36E0B8884FF4806302221B4900F098
:10625000BFFB2EE00023BB610423FB61BB881B0A4C
:106260009BB2DBB287F82030BB88DBB287F82130E5
:10627000164B186807F118014FF0FF3300220AF09F
:106280008BFB16E00423FB6008233B61BB881B0AE1
:106290009BB2DBB23B75BB88DBB27B750B4B1868DE
:1062A00007F10C014FF0FF3300220AF075FB00E00C
:1062B00000BF00BF2837BD4680BD00BF000C0140B5
:1062C000001001406008002000080140000100208B
:1062D000B0B590B000AF03460A46FB801346BB80C2
:1062E000FB8843F20202934200F08A8143F20202E9
:1062F000934200F3628343F20102934200F07881FB
:1063000043F20102934200F35883B3F5405F00F07B
:106310006781B3F5405F00F350835C2B00F352813B
:10632000002B80F28F8048E3A3F50053013B412B03
:1063300000F2438301A252F823F000BF1166040863
:1063400021660408BB690408BB690408BB6904082A
:10635000BB690408BB690408BB690408BB6904087D
:10636000BB690408BB690408BB690408BB6904086D
:10637000BB690408BB690408BB69040849660408D2
:1063800031660408BB690408BB690408BB690408DA
:10639000BB690408BB690408BB690408BB6904083D
:1063A000BB690408BB690408BB690408BB6904082D
:1063B000BB690408BB690408BB6904083D6604089E
:1063C000A9690408BB690408BB690408BB6904081F
:1063D000BB690408BB690408BB690408BB690408FD
:1063E000BB690408BB690408BB690408BB690408ED
:1063F000BB690408BB690408BB6904084966040852
:1064000031660408BB690408BB690408BB69040859
:10641000BB690408BB690408BB690408BB690408BC
:10642000BB690408BB690408BB690408BB690408AC
:10643000BB690408BB690408BB6904083D6604081D
:10644000A96904085C2B00F2B88201A252F823F07B
:10645000D9650408BB690408BB690408BB69040862
:10646000BB690408BB690408BB690408BB6904086C
:10647000BB690408BB690408BB690408BB6904085C
:10648000BB690408BB690408BB690408BB6904084C
:10649000BB690408BB690408BB690408BB6904083C
:1064A000556604085D660408656604086D660408A0
:1064B000BB690408856604088D66040895660408AF
:1064C000BB690408BB690408BB690408BB6904080C
:1064D000BB690408BB690408BB690408BB690408FC
:1064E0009D660408A5660408BB690408AD66040837
:1064F000756604087D66040803670408DD66040801
:10650000BB690408BB690408BB690408BB690408CB
:10651000BB690408BB690408BB690408BB690408BB
:10652000BB6904081F670408BB690408BB69040849
:10653000BB690408A1690408BB690408BB690408B5
:10654000BB690408BB690408BB690408BB6904088B
:10655000BB690408BB690408BB690408BB6904087B
:10656000BB690408BB690408BB690408BB6904086B
:10657000BB690408BB690408BB690408BB6904085B
:10658000BB690408BB690408BB690408BB6904084B
:10659000BB690408BB690408BB690408BB6904083B
:1065A000BB690408BB690408BB690408BB6904082B
:1065B000BB690408BB69040827670408016804086C
:1065C0002169040842F24202934200F3F681B3F5D6
:1065D000005F3FF7A9AEF0E1814B78225A82ECE1EF
:1065E000B88801234FF400527E4900F0F1F9E4E14C
:1065F000B88802234FF480527B4900F0E9F9DCE1CE
:10660000B8884FF480630222784900F0E1F9D4E1C0
:10661000BB88DBB219464FF48020FCF7B3FCCCE119
:10662000BB88DBB219464FF40020FCF7ABFCC4E199
:10663000BB881946012002F0DFF9BEE1BB8819468C
:10664000022002F0D9F9B8E1BB881946032002F014
:10665000D3F9B2E1664ABB881380AEE1644ABB88D5
:106660005380AAE1624ABB889380A6E1604ABB8856
:10667000D380A2E15E4ABB8893829EE15C4ABB88DC
:10668000D3829AE15A4ABB88538196E1584ABB8823
:10669000938192E1564ABB88D3818EE1BA88544BEC
:1066A0001A828AE1BA88524B5A8286E1FCF728F8AE
:1066B000034687F83B3097F83B30002B00F076819B
:1066C0004B4A4C4B14461D460FCD0FC40FCD0FC483
:1066D0002B6823804648FBF7CBFE67E180234FF40D
:1066E000007240494FF47F4000F072F9642009F0D5
:1066F00045FF80234FF400723A49002000F068F90A
:106700005BE13C4A3A4B14461D460FCD0FC40FCDFA
:106710000FC42B6823803648FBF7AAFE4DE1BA88E8
:10672000334BDA8349E100237B6307F13403002212
:106730001946314803F0F2FD0346002B40F0388142
:10674000B7F904301B121BB2DBB287F83730BB88B5
:10675000DBB287F83530294BDB69284A43F0805398
:10676000D361264BDB6903F080537B627B6A234B4A
:10677000DB69224A43F00063D361204BDB6903F0FD
:1067800000633B623B6A06F049FF07F134030022D5
:106790001946194803F00CFD0023BB8797F83730E2
:1067A0001BB25B021AB297F835301BB25B011BB209
:1067B00003F4F0731BB213431AB297F836301BB2CE
:1067C00003F01F031BB213431BB2BB87BB8F1A46D8
:1067D0000921094804F098F806F02CFFE8E000BF12
:1067E000600800200010014000080140000C01403A
:1067F0000400002028000020E400002000100240D7
:1068000000233B6307F12C0300210A461A800A4645
:106810009A7007F12C03002219466A4803F0F0FB36
:106820000346002B26D1BB88DBB287F82C30664BA1
:10683000DB69654A43F08053D361634BDB6903F046
:106840008053FB61FB69604BDB695F4A43F0006387
:10685000D3615D4BDB6903F00063BB61BB6906F08C
:10686000DDFE07F12C0300221946564803F031FBE8
:1068700006F0E0FE07F1300300221946514803F00C
:106880004DFD0346002B40F09580B7F904301B12F4
:106890001BB2DBB287F832304B4BDB694A4A43F01C
:1068A0008053D361484BDB6903F080537B617B6984
:1068B000454BDB69444A43F00063D361424BDB69DB
:1068C00003F000633B613B6906F0A8FE07F130036B
:1068D000002219463B4803F06BFC0023FB8797F826
:1068E00033301BB25B021AB297F831301BB25B0136
:1068F0001BB203F4F0731BB213431AB297F8323091
:106900001BB203F01F031BB213431BB2FB87FB8FA9
:106910001A4609212B4803F0F7FF06F08BFE49E0E9
:1069200007F1280300210A461A800A469A7007F1E7
:10693000280300221946234803F062FB0346002B7C
:106940003AD1B7F904301B121BB2DBB287F82930F9
:10695000BB88DBB287F82A301B4BDB691A4A43F04D
:106960008053D361184BDB6903F08053FB60FB68F5
:10697000154BDB69144A43F00063D361124BDB69AA
:1069800003F00063BB60BB6806F048FE07F1280314
:10699000002219460B4803F09CFA06F04BFE0BE070
:1069A000BA880A4B1A8408E000BF06E000BF04E082
:1069B00000BF02E000BF00E000BF00BF4037BD469F
:1069C000B0BD00BFE4000020001002400400002021
:1069D00080B584B000AFB9607B600346FB8113468D
:1069E000BB817B68B3F5806F35D1FB89B3F57F4FF1
:1069F00016D1364B9A687B681340002B10D1BB89A7
:106A000000221946B86804F074FF0DF05FF82F4BB0
:106A10009A687B6813432D4A93600DF087F850E025
:106A2000FB89002B4DD1294B9A687B681340002BC2
:106A300047D0BB8901221946B86804F05AFF0DF00F
:106A400045F8224B9A687B68DB4313401F4A9360EA
:106A50000DF06CF835E0FB89B3F57F4F16D11B4B79
:106A60009A687B681340002B10D1BB89012219461C
:106A7000B86804F03EFF0DF029F8144B9A687B6863
:106A80001343124A93600DF051F81AE0FB89002B72
:106A900017D10E4B9A687B681340002B11D0BB892D
:106AA00000221946B86804F024FF0DF00FF8074BD8
:106AB0009A687B68DB431340044A93600DF036F814
:106AC000FFE700BF1037BD4680BD00BF6008002053
:106AD00080B586B000AFB96011461A460346FB8107
:106AE0000B46BB811346FB800323FB750CF0EEFFC6
:106AF000FB89B3F57F4F0ED1254B9A683B6A134053
:106B0000002B08D1224B9A683B6A1343204A9360BA
:106B10000123FB7511E0FB89002B0ED11C4B9A68F9
:106B20003B6A1340002B08D0194B9A683B6ADB4341
:106B30001340174A93600023FB750CF0F7FFFB7DB1
:106B4000012B0FD1BB8900221946B86804F0D1FE91
:106B50000A2009F013FDBB8901221946B86804F028
:106B6000C8FE11E0FB7D002B0ED1FB8800221946E8
:106B7000B86804F0BEFE0A2009F000FDFB8801227F
:106B80001946B86804F0B5FE00BF1837BD4680BD91
:106B90006008002080B584B000AF78604FF4FA73CD
:106BA000FB602F4B1B684FF0FF31184609F0B0FD1A
:106BB00088222C492C4802F0A5FB03462B49184695
:106BC000FAF730F903461846FAF708FB03461AB2FB
:106BD000274B1A8089222349234802F093FB03465E
:106BE00022491846FAF71EF903461846FAF71CFB25
:106BF00003469AB21E4B5A80194B1B68184609F07F
:106C0000EDFDF86809F0BAFC154B1B684FF0FF3139
:106C1000184609F07DFD00220021134802F074F9A6
:106C200003461A46124BDA800F4802F0F7F9B860B3
:106C3000BB6804331B6818460FF040FC0346184637
:106C4000FAF7F2FA03469AB2094B5A83044B1B68CF
:106C5000184609F0C3FDF86809F090FC00BFA0E7F2
:106C600050080020C00800200C01002000007A44D9
:106C70006008002080B586B000AF78604EF66023D3
:106C80003B610023FB6000237B61386909F076FCDF
:106C90000D4B1B684FF0FF31184609F039FD0B4BC7
:106CA000DA687B69D31AFB60084BDB687B61FB68A1
:106CB000074A0849084802F0EFFB034B1B681846D7
:106CC00009F08CFD00BFE0E75008002060080020BC
:106CD00008090020C00800200C01002080B584B005
:106CE00000AF7860C823FB601021044804F019FE4F
:106CF000F86809F043FC00BFF6E700BF0008014058
:106D000080B500AF174801F077FB0121164801F06C
:106D10007FF9154B1B68DA68134B1B6842F00202BF
:106D2000DA600021104807F049FC02210F4801F009
:106D30006FF90E4B1B68DA680C4B1B6842F00402BB
:106D4000DA600421094807F039FC094B1B68DA684E
:106D5000074B1B6822F00102DA60054807F0DDF9F5
:106D600000BF80BD80080020F001002060010020ED
:106D70003802002080B582B000AF78602D4B002231
:106D80001A602D4BDB8B9BB2002B0CD1294B1B685F
:106D9000002B4BD0294B4FF080521A60BFF34F8F1E
:106DA000BFF36F8F42E07B681B68254A934215D181
:106DB0007B681B7F012B11D11F4BDB8B9BB2012BFF
:106DC00006D1042302220221786800F03BF805E096
:106DD000042302220221786800F0C8F87B681B684F
:106DE000B3F1804F15D17B681B7F022B11D1124B61
:106DF000DB8B9BB2012B06D10C230122202178686A
:106E000000F020F805E00C2301222021786800F032
:106E1000ADF8084B1B68002B09D0084B4FF080528F
:106E20001A60BFF34F8FBFF36F8F00E000BF0837CA
:106E3000BD4680BD580800200400002004ED00E09D
:106E4000000C004080B584B000AFF860B9603B60D2
:106E50001346FB71FB681B681A6ABB681340002B62
:106E600055D13F4B5B78DBB2002B74D13968F868A1
:106E700001F054F93A4AFB795370FB681B7F1946BD
:106E8000F86801F008F9374B1B683621184601F005
:106E9000A1F9FB79022B1BD1314B93F82530DBB2E2
:106EA00083F00103DAB22E4B83F8252002212E480D
:106EB00004F008FD0346012B4ED1294B93F82530F1
:106EC000DBB283F01003DAB2254B83F8252043E0D0
:106ED000FB79012B40D1224B93F82530DBB283F0B4
:106EE0000203DAB21E4B83F8252008211E4804F065
:106EF000E9FC0346012B2FD1194B93F82530DBB267
:106F000083F02003DAB2164B83F8252024E0144BDB
:106F100000225A70134B1B68DA68124B1B6822F070
:106F20000102DA603968F86807F088FAFB681B7FAD
:106F30001946F86801F06CF80A4B1B686FF0010203
:106F40001A613620FCF752FB064B1B6836211846A7
:106F500001F079F900E000BF1037BD4680BD00BFE9
:106F600080080020380200200008014080B586B06B
:106F700000AFF860B9603B601346FB71964B5B78DD
:106F8000DBB2002B06D0944B5B78DBB2FA799A42E5
:106F900040F0EE81FB681B681A6ABB681340002B47
:106FA00040F0A6818C4B1B78DBB2062B02D18A4BBA
:106FB00004221A70FB79022B0AD1874B93F82530F3
:106FC000DBB283F00103DAB2834B83F825200CE0B7
:106FD000FB79012B09D1804B93F82530DBB283F08C
:106FE0000203DAB27C4B83F825207B4B1B78DBB2A3
:106FF000042B09D0042B00F3BD81002B00F0F4809A
:10700000022B00F00E81B5E1734B93F82530DBB213
:1070100003F00803002B07D1704B1B6800225A6253
:107020006D4B00221A62A8E16C4B1B685A6A6A4BCE
:107030001B6A6949097DC9B208461A446649831C1E
:1070400041F82320644B1B7DDBB20133DAB2624B83
:107050001A75624B1B6800225A62614B1B68DA6822
:107060005F4B1B6822F00102DA605B4B00221A6260
:10707000594B93F82430DBB2002B03D0564B00223F
:1070800083F824203B68002B06D1534BDB8A9AB24D
:10709000FB681B685A631CE03B68042B07D14E4B0E
:1070A000DB8A99B2FB681A680B46936311E03B6870
:1070B000082B07D1484BDB8A99B2FB681A680B464C
:1070C000D36306E0444BDB8A99B2FB681A680B462F
:1070D00013643968F86801F021F8FB79002118463B
:1070E00000F050FF3C4B1B7DDBB2022B02D93A4B28
:1070F00000221A75384B9B8BFB82FB8A002B02D136
:1071000040F23513FB82364B1B681A68344B1B6800
:1071100042F002021A60324B1B68FA8ADA62FB8A7A
:107120002F4AD3602E4B1B6800225A622C4B1B68DF
:107130001A682B4B1B6822F002021A60284B1B684E
:1071400001225A61264B1B686FF001021A6136203A
:10715000FCF74CFA224B1B68DA68214B1B6842F0A3
:107160000102DA601E4B1B681B6803F00103002B51
:1071700005D11B4B1B683621184601F02BF8FB7913
:10718000022B11D10221174804F09CFB0346012B6E
:107190001ED1114B93F82530DBB283F01003DAB225
:1071A0000D4B83F8252013E0FB79012B10D108212A
:1071B0000C4804F087FB0346012B09D1064B93F8DA
:1071C0002530DBB283F02003DAB2034B83F82520AD
:1071D000014B05221A70D0E08008002080020020B8
:1071E0003802002000080140654B1B6800225A62EB
:1071F000644B00221A62634B5B78DBB2002B07D131
:10720000604B1B7DDBB2002B02D15E4AFB795370D1
:10721000FB790021184600F0B5FE5A4B01221A7086
:10722000ABE0584B1B7DDBB2022B17D8544B1B68CD
:107230005A6A544B1B6A5349097DC9B208461A441D
:107240005049831C41F823204E4B1B7DDBB2013398
:10725000DAB24C4B1A754B4B00221A70494B1B7D0E
:10726000DBB2022B40F28880464B00221A75464B57
:107270001B68DA68444B1B6822F00202DA60434B59
:107280001B68DA68414B1B6822F00402DA60404B4D
:107290001B68DA683E4B1B6822F00102DA603C4B47
:1072A0001B686FF001021A61394B1B6836211846C2
:1072B00000F0C9FF334B03221A7000F0E5F9334B9D
:1072C0001B68344A1A61304B1B68334A1A612F4BD2
:1072D0001B68DA682D4B1B6842F00402DA602A4B07
:1072E0001B68DA68284B1B6842F00202DA6044E04F
:1072F000244B1B78DBB2012B1FD0052B32D1204B46
:107300001B685B6ABB82FB790121184600F03AFEDC
:107310001C4B93F82530DBB203F00803002B03D09D
:10732000184B1B6A002B03D0164B04221A7024E062
:10733000BB8A184600F0FEFB1FE0114B1B685A6A1F
:10734000104B1B7DDBB291B20E4A5B0013440A4620
:107350005A80FB790121184600F014FE094B0222E5
:107360001A700AE0FB790121184600F00BFE04E0D8
:1073700000BF02E000BF00E000BF1837BD4680BD7F
:107380008002002080080020F00100206001002021
:1073900038020020FBFBFFFFFDFDFFFF80B500AFC3
:1073A000334B00221A60334BDB8B9BB2012B30D165
:1073B000314B1B68DA68304B1B6822F00102DA603F
:1073C0002E4B5B78DBB2012B07D10C212C4807F048
:1073D00035F802212A4800F01BFE284B5B78DBB20F
:1073E000022B07D10421274807F028F8012125485E
:1073F00000F00EFE214B00225A701F4B1B686FF0ED
:1074000001021A611C4B1B683621184600F01BFF55
:1074100018E11A4B1B78DBB2062B37D1164B1B68D1
:10742000DA68154B1B6822F00102DA60124B1B6808
:107430006FF001021A61104B1B683621184600F0EC
:1074400002FF0E4B93F82430DBB2002B01D100F089
:1074500019FF074B1B68002B00F001810A4B4FF00E
:1074600080521A60BFF34F8FBFF36F8FF7E000BFFA
:107470005C08002004000020380200208008002062
:1074800060010020F001002004ED00E0764B1B7845
:10749000DBB2042B05D0744B1B78DBB2052B40F01C
:1074A000AC80724B1B68DA68704B1B6822F00102DB
:1074B000DA606D4B5B78DBB2012B27D16C4B1B681C
:1074C000DA686B4B1B6822F00402DA600C21684812
:1074D00006F0B4FF0221664800F09AFD644B1B6879
:1074E00000225A62624B1B68624A1A61604B1B6839
:1074F000DA685F4B1B6842F00402DA605C4B1B6881
:107500001A685B4B1B6842F001021A60564B5B78AD
:10751000DBB2022B27D1584B1B68DA68564B1B682D
:1075200022F00202DA600421534806F087FF0121AD
:10753000514800F06DFD504B1B6800225A624E4BC3
:107540001B684E4A1A614C4B1B68DA684A4B1B6831
:1075500042F00202DA60484B1B681A68464B1B680F
:1075600042F001021A60414B1B681A683F4B1B68CE
:1075700042F002021A603C4BDB8B9AB23B4B1B6819
:10758000DA62394BDB8B9BB21A46384BDA60374BE9
:107590001B6800225A62354B1B681A68334B1B6804
:1075A00022F002021A60314B1B6801225A612F4BF4
:1075B0001B686FF001021A612C4B1B68DA682B4BB9
:1075C0001B6842F00102DA60274B93F82430DBB2EB
:1075D0000133DAB2244B83F82420234B06221A709D
:1075E000224B1B681B6803F00103002B05D11F4BC6
:1075F0001B683621184600F0EDFD1B4B1B78DBB2F3
:10760000032B1FD1194B1B68DA68184B1B6822F03B
:107610000102DA60154B1B686FF001021A61134B0F
:107620001B683621184600F00EFE154B1B68002B18
:1076300017D0144B4FF080521A60BFF34F8FBFF337
:107640006F8F0EE00E4B1B68002B0BD00D4B4FF0D5
:1076500080521A60BFF34F8FBFF36F8F02E000BFFD
:1076600000E000BF80BD00BF80080020380200207D
:1076700060010020FBFBFFFFF0010020FDFDFFFF8C
:107680005C08002004ED00E080B592B000AFC44B70
:107690001B78DBB2032B03D0C14800F0ADFE38E20B
:1076A000C04B1B68DA68BF4B1B6822F00202DA602D
:1076B000BD4B1B68DA68BC4B1B6822F00402DA6021
:1076C000002387F847300023A7F8443000233B64A9
:1076D000002387F83F3020E097F83F3097F83F20AD
:1076E000AF495B000B445B8899B2530048333B447D
:1076F0000A4623F8382C97F83F2097F83F30A849DE
:10770000023251F822209B0048333B4443F8442C7A
:1077100097F83F30013387F83F3097F83F30022B1E
:10772000DAD9002387F83E30CDE097F83E305B0091
:1077300048333B4433F8383C002B00F0BE8097F8C8
:107740003E309B0048333B4453F8443C002B00F050
:10775000B48097F83E305B0048333B4433F8383C04
:107760001A4613469B001344904AA2FB03235B096D
:107770007B8797F83E309B0048333B4453F8442CBA
:1077800013469B001344894AA2FB03235B097B63D6
:10779000002387F83D308AE097F83E2097F83D3087
:1077A0009A427ED097F83E305B0048333B4433F832
:1077B000382C97F83D305B0048333B4433F8383C75
:1077C0009A4210D997F83E305B0048333B4433F877
:1077D000382C97F83D305B0048333B4433F8383C55
:1077E000D31A9BB20FE097F83D305B0048333B441F
:1077F00033F8382C97F83E305B0048333B4433F87D
:10780000383CD31A9BB27B8697F83E309B004833B6
:107810003B4453F8442C97F83D309B0048333B449D
:1078200053F8443C9A420FD997F83E309B004833B6
:107830003B4453F8442C97F83D309B0048333B447D
:1078400053F8443CD31A0EE097F83D309B00483380
:107850003B4453F8442C97F83E309B0048333B445C
:1078600053F8443CD31AFB627A8E7B8F9A4219D824
:10787000FA6A7B6B9A4215D897F83E305B00483322
:107880003B4433F8383CA7F8443097F83E309B002F
:1078900048333B4453F8443C3B64012387F847306A
:1078A0000CE000BF97F83D30013387F83D3097F882
:1078B0003D30022B7FF670AF00E000BF97F83E30FE
:1078C000013387F83E3097F83E30022B04D897F802
:1078D0004730002B3FF429AF97F84730002B03D1F6
:1078E0002F4800F089FD14E1B7F84430002B07D091
:1078F0003B6C002B04D0B7F844303A6C9A4203D862
:10790000274800F079FD04E1294BDB8B9BB2BB6279
:10791000BB6A012B03D8224800F06EFDF9E03B6CF6
:1079200042F20F72934203D81D4800F065FDF0E06B
:10793000B7F8443040F6B732934203D940F6B73334
:10794000A7F844303A6CBB6AB2FBF3F37B627B6A04
:107950005B087B847B6A002B03D1114800F04CFD4F
:10796000D7E0B7F844307A6A9A4203D80C4800F05E
:1079700043FDCEE0B7F844207B8C9A4202D97B8C41
:10798000A7F84430B7F844300133BA6A02FB03F376
:107990003A6C9A420ED8024800F02EFDB9E000BFC2
:1079A00080080020F0010020600100201F85EB51BD
:1079B00004000020B7F84430082B07D9B7F844304A
:1079C000554AA2FB03235B089BB200E00323FB6143
:1079D000BB6A013B7A6A03FB02F2B7F844301344F6
:1079E000FA691344BB613A6CFB69D31ABA699A42CB
:1079F00003D34A4800F000FD8BE0484AB7F8443012
:107A0000D382464A3B6C9361BB690A33444AA2FB6A
:107A10000323DB089AB2414B9A833A6C13465B000E
:107A200013445B001A463F4BA3FB02231B099AB287
:107A30003A4BDA83394B5B78DBB2012B23D13A4BDB
:107A40001B681A68384B1B6842F002021A60364BFA
:107A50001B68B7F844201A647B6A9AB2324B1B68E1
:107A6000DA627B6A9BB21A462F4BDA602E4B1B6898
:107A70001A682D4B1B6822F002021A602A4B1B6801
:107A800001225A6127E0254B5B78DBB2022B22D121
:107A9000264B1B681A68254B1B6842F002021A60CD
:107AA000224B1B68B7F844209A637B6A9AB21F4B3B
:107AB0001B68DA627B6A9BB21A461C4BDA601B4B6E
:107AC0001B681A68194B1B6822F002021A60174BD8
:107AD0001B6801225A61164B1B686FF001021A6184
:107AE0003620FBF783FD0D4B93F82430DBB20133D6
:107AF000DAB20A4B83F82420084B93F82530DBB226
:107B000043F00803DAB2054B83F82520034B042227
:107B10001A704837BD4680BDABAAAAAA80080020CB
:107B2000CDCCCCCC1F85EB5160010020F0010020B2
:107B30003802002080B598B000AF0346FB80FB8878
:107B4000002B02D100F09EFB0CE2AD4B5B7887F876
:107B50005130AB4BDB8AA7F84E30A94B9B69BB6415
:107B6000002387F85F3011E097F85F2097F85F30C7
:107B7000A349023251F822209B0060333B4443F872
:107B8000542C97F85F30013387F85F3097F85F30F7
:107B9000022BE9D99B4BDB8B9BB27B647B6C012B6B
:107BA00002D800F06FFBDDE10023BB65002387F8FE
:107BB0005730002387F8563079E097F856309B000D
:107BC00060333B4453F8543C002B6AD097F856304E
:107BD0009B0060333B4453F8543C5B008A4AA2FB51
:107BE00003235B093B64002387F8553054E097F882
:107BF000562097F855309A4248D097F855309B0058
:107C000060333B4453F8543C002B3FD097F8563038
:107C10009B0060333B4453F8542C97F855309B003D
:107C200060333B4453F8543C9A420FD997F856308E
:107C30009B0060333B4453F8542C97F855309B001D
:107C400060333B4453F8543CD31A0EE097F8553058
:107C50009B0060333B4453F8542C97F856309B00FC
:107C600060333B4453F8543CD31AFB63FA6B3B6CD0
:107C70009A420CD897F856309B0060333B4453F837
:107C8000543CBB65012387F857300BE000BF97F8E1
:107C90005530013387F8553097F85530022BA6D967
:107CA00000E000BF97F85630013387F8563097F858
:107CB0005630022B04D897F85730002B3FF47DAF95
:107CC00097F85730002B04D0BB6D42F20F729342ED
:107CD00002D800F0D7FA45E1BA6DBB6C9A4234D0B5
:107CE000BA6DBB6C9A4203D9BA6DBB6CD31A02E071
:107CF000BA6CBB6DD31ABB63BB6BB3F57A7F0BD287
:107D0000BB6BC72B06D8BB6B092B01D9052304E03D
:107D1000012302E00A2300E064237B63BA6DBB6C9D
:107D20009A4204D9BA6C7B6B1344BB650DE0BA6C04
:107D30007B6BD31A3B633B6B42F20F72934202D8C8
:107D400000F0A0FA0EE13B6BBB65BA6D7B6CB2FB39
:107D5000F3F3FB62FB6A002B02D100F093FA01E11E
:107D60000123A7F85230FA88B7F84E309A4205D965
:107D7000FA88B7F84E30D31A9BB204E0B7F84E2019
:107D8000FB88D31A9BB27B857B8DC72B06D87B8D56
:107D9000632B01D90A2302E0012300E014233B8571
:107DA000FA88B7F84E309A4204D1B7F84E30A7F8A7
:107DB00052303DE0FA88B7F84E309A4226D9B7F8EB
:107DC0004E203B8D1344BB84FB6A5B087B84BA8CDA
:107DD0007B8C9A420BD9BB8C40F6B732934201D8C8
:107DE0007B8C01E040F6B733A7F8523020E0BB8C23
:107DF00040F6B732934228BF1346A7F8523017E037
:107E000080080020040000201F85EB51B7F84E20A9
:107E10003B8DD31AFB84FA8CB7F84E309A4204D9C2
:107E2000B7F84E30013B9BB200E0FB8CA7F8523014
:107E3000B7F85230002B02D10123A7F85230B7F81F
:107E4000523001337A6C02FB03F3BA6D9A4202D8C6
:107E500000F018FA86E0B7F85230FA6A9A4202D86F
:107E600000F010FA7EE0B7F85230082B07D9B7F8C7
:107E700052303E4AA2FB03235B089BB200E003237F
:107E8000FB617B6C013BFA6A03FB02F2B7F85230EC
:107E90001344FA691344BB61BA6DFB69D31ABA691A
:107EA0009A4202D300F0EEF95CE0314AB7F8523062
:107EB000D3822F4ABB6D9361BB690A332D4AA2FB63
:107EC0000323DB089AB22A4B9A83BA6D13465B00F0
:107ED00013445B001A46284BA3FB02231B099AB2EA
:107EE000234BDA8397F85130012B1AD1234B1B68AF
:107EF0001A68224B1B6842F002021A60FB6A9AB2AF
:107F00001E4B1B68DA62FB6A9BB21A461B4BDA6097
:107F10001A4B1B681A68194B1B6822F002021A6080
:107F20001DE097F85130022B19D1154B1B681A68C8
:107F3000134B1B6842F002021A60FB6A9AB2104BA4
:107F40001B68DA62FB6A9BB21A460D4BDA600C4B77
:107F50001B681A680A4B1B6822F002021A60044B65
:107F600004221A706037BD4680BD00BFABAAAAAA22
:107F700080080020CDCCCCCC1F85EB5160010020C7
:107F8000F001002080B582B000AF03460A46FB71C5
:107F90001346BB71BB79012B15D1FB79012B07D19E
:107FA000174B1B68174A1A610221154800F030F878
:107FB000FB79022B07D1144B1B68144A1A6101216B
:107FC000114800F025F8BB79002B15D1FB79012B66
:107FD00007D10B4B1B680B4A1A610221084800F0BD
:107FE0005AF8FB79022B07D1074B1B68074A1A6125
:107FF0000121054800F04FF800BF0837BD4680BD9D
:1080000060010020FBFBFFFFF0010020FDFDFFFFF2
:1080100080B483B000AF78600B46FB70FB78012B17
:1080200002D0022B19D031E07B681B681A6A7B688A
:108030001B6822F001021A627B681B681A6A7B685F
:108040001B6822F002021A627B681B681A6A7B684E
:108050001B6842F001021A6218E07B681B681A6A0A
:108060007B681B6822F010021A627B681B681A6A20
:108070007B681B6822F020021A627B681B681A6A00
:108080007B681B6842F010021A6200BF00BF0C3709
:10809000BD4680BC704780B483B000AF78600B46AB
:1080A000FB70FB78012B02D0022B19D031E07B68EA
:1080B0001B681A6A7B681B6822F001021A627B68DF
:1080C0001B681A6A7B681B6842F002021A627B68AE
:1080D0001B681A6A7B681B6842F001021A6218E08A
:1080E0007B681B681A6A7B681B6822F010021A62A0
:1080F0007B681B681A6A7B681B6842F020021A6260
:108100007B681B681A6A7B681B6842F010021A625F
:1081100000BF00BF0C37BD4680BC704780B485B03F
:1081200000AF786039600023FB603B680C2B4CD8B3
:1081300001A252F823F000BF6D810408CB8104082E
:10814000CB810408CB81040873810408CB81040827
:10815000CB810408CB81040879810408CB81040811
:10816000CB810408CB810408818104080123FB60D2
:108170000AE01023FB6007E04FF48073FB6003E02C
:108180004FF48053FB6000BF7B681B681A697B68F3
:108190001B6822F001021A617B681B6800225A6288
:1081A0007B681B6801225A617B681B68196A7B68BF
:1081B0001B68FA680A431A627B681B681A687B6846
:1081C0001B6842F001021A6000E000BF1437BD4690
:1081D00080BC704780B582B000AF78600B46FB7002
:1081E0007B681B6823F001027B681A607B68DB6890
:1081F00023F001027B68DA607B6800221A617B68E9
:108200001B6843F004027B681A607B6801225A6194
:108210007B6800221A617B6800225A6297F903305A
:108220001846FBF7E3F97B68DB6843F001027B68E3
:10823000DA607B681B6843F001027B681A6000BF4C
:108240000837BD4680BD80B582B000AF78600B4670
:10825000FB707B68DB6823F001027B68DA607B6877
:108260001B6823F001027B681A607B6800221A6198
:1082700097F903301846FBF7B9F900BF0837BD4638
:1082800080BD000080B500AF554B1B68DA68544BC9
:108290001B6822F00102DA60524B1B68DA68514B0E
:1082A0001B6822F00202DA604F4B1B68DA684E4B03
:1082B0001B6822F00402DA604C4B5B78DBB2012BC6
:1082C00021D10C21484806F0B9F8474B1B68002221
:1082D0005A62454B1B684FF6FF72DA62424B4FF60B
:1082E000FF72DA60404B1B6840F6B7321A643E4BAF
:1082F0001B6801225A613C4B1B683D4A1A610221EE
:108300003948FFF785FE394B5B78DBB2022B21D170
:108310000421344806F092F8324B1B6800225A625E
:10832000304B1B684FF6FF72DA622E4B4FF6FF722E
:10833000DA602C4B1B6840F6B7329A63294B1B68F6
:1083400001225A61274B1B682A4A1A6101212548DC
:10835000FFF75EFE224B1B686FF001021A61204B93
:108360001B6836211846FFF76EFF1D4B1B68002265
:108370005A621B4B1B6840F23512DA62184B40F20E
:108380003512DA60194800F037F8164B1B68194AA5
:108390001A61154B1B68164A1A61124B1B68DA6882
:1083A000104B1B6842F00202DA600F4B1B68DA6860
:1083B0000D4B1B6842F00402DA600A4B1B681A6816
:1083C000084B1B6842F001021A60074B1B681A68D1
:1083D000054B1B6842F001021A6000BF80BD00BF60
:1083E00038020020F00100206001002080080020F9
:1083F000FBFBFFFFFDFDFFFF80B485B000AF7860A1
:10840000384B1B68DA68374B1B6822F00202DA60CF
:10841000354B1B68DA68344B1B6822F00402DA60C3
:108420007B6800221A707B6800225A700023FB735D
:108430000EE0FB7B7A685B00134400225A80FA7BD3
:108440007B680232002143F82210FB7B0133FB736F
:10845000FB7B022BEDD900227B68114619757B68E6
:10846000114683F824107B6883F8252000227B685E
:108470001146D9827B68114699837B68DA83002391
:108480007A6893617A681362164B1B68174A1A61FF
:10849000154B1B68164A1A61124B1B68DA68114BA0
:1084A0001B6842F00202DA600F4B1B68DA680E4B61
:1084B0001B6842F00402DA600A4B1B681A68094B19
:1084C0001B6842F001021A60074B1B681A68064BD2
:1084D0001B6842F001021A6000BF1437BD4680BC21
:1084E000704700BFF001002060010020FDFDFFFF8C
:1084F000FBFBFFFF80B586B002AF786042F21073DD
:10850000FB604FF0FF3101200AF05CFC1023009368
:108510004FF480434FF400420B490020FEF7D8FA95
:108520000A4B4FF461725A82F86808F027F810235A
:1085300000934FF480434FF4004203494FF47F40CF
:10854000FEF7C6FA00BFDCE7000C0140600800201F
:1085500080B584B002AF78602F4B1B684FF0FF31BD
:10856000184608F0D5F82D4B01225A7510230093B8
:108570004FF480434FF4004229494FF47F40FEF707
:10858000A7FA02234FF4805226494FF47F40FEF7AA
:108590001FFA01234FF4005223494FF47F40FEF7A6
:1085A00017FA44F6206007F0E9FF05214FF4802018
:1085B000FAF7E8FC184B1B680021184608F0A8F8E9
:1085C000154B1B684FF0FF31184608F0A1F8012346
:1085D0004FF4005214490020FEF7FAF902234FF439
:1085E000805210490020FEF7F3F90C4B00225A820A
:1085F0000A4B00225A7544F6206007F0BFFF0521A0
:108600004FF40020FAF7BEFC034B1B68002118460C
:1086100008F07EF800BF9FE74808002060080020AF
:10862000000C0140000801400010014080B586B0F8
:1086300000AF78604FF47A73FB6000237B61002306
:10864000FB740023BB7400237B74844BDB68B3F1A1
:10865000FF3F05D0814BDB680133804AD36009E0DE
:108660007E4B0022DA607D4B1B8A9BB201339AB2AB
:108670007A4B1A827A4B1B78FB72FB7A002B05D05F
:10868000FB7A012B02D0FB7A022B0BD17B7C002BD7
:1086900005D000237B747248FFF7AEFE04E001238F
:1086A0007B7401E000237B746D4B93F82430DBB2C4
:1086B000002B10D06A4B93F82430DBB20133DAB2CE
:1086C000674B83F82420664B93F82430DBB2022BEF
:1086D00001D9FFF7D7FD614B9B7DDBB2002B10D09A
:1086E0005E4B00229A755D4B1B7DDBB2002B03D1E4
:1086F0005A4B00225A7504E04FF48071594803F038
:10870000E1F8564B5B8A9BB2002B0BD0534B5B7D41
:10871000DBB2002B06D1514B5B8A9BB2013B9AB274
:108720004E4B5A824D4B5B8A9BB2002B0FD14E4B66
:108730001B68002B0BD0494B5B7DDBB2002B06D1B5
:10874000494B18680023022200210AF087FB04210C
:10875000464803F0B7F80346002B03D0BB7C013337
:10876000BB7401E00023BB74BB7C032B17D9202111
:108770003F4803F0A7F80346012B04D00122202133
:108780003B4803F0B6F805214FF48020FAF7FAFBD6
:10879000384B1B68184608F021F80023BB742F4B98
:1087A0001B881AB2344BDB891BB29A42B4BF012337
:1087B0000023DBB21A46294BDA75284BDB881BB243
:1087C00013F1360FC0F29280244BDB881BB27C2B56
:1087D00000F38C80214B1B881AB2274BDB891BB21C
:1087E0009A42C0F283801D4B1B881AB2224B9B8990
:1087F0001BB29A427ADCFB7C002B41D1174B9B8841
:108800001BB21A461C4B9B8A1BB219461A4B5B893A
:108810001BB20B449A420DDB104BDB881BB21A468D
:10882000154B9B8A1BB21946134B5B891BB2CB1AA3
:108830009A4225DC09F0A8FD02467B69D31A40F66E
:10884000C312934252D8FF210C48FAF7D7F90123FB
:10885000FB7409F099FD786148E000BF60080020D2
:10886000800800200010014040080020000C01405A
:1088700000080140480800200400002024000020D7
:10888000FB7C002B32D01B4BDB881BB21A461A4BE9
:108890009B8A1BB21946184B5B891BB20B449A4248
:1088A00024DD09F071FD02467B69D31A40F6C3123C
:1088B00093421BD800211148FAF7A0F90D4B9B8871
:1088C0001BB21A460C4B9B8A1BB219460A4B5B899A
:1088D0001BB20B449A4204DA064BDB881AB2054BF2
:1088E0009A800023FB7409F04FFD7861F86807F067
:1088F00045FEAAE6600800200400002024000020B5
:1089000080B582B000AF78607B681B68094A9342EB
:1089100001D102F0E1F97B681B68074A934205D157
:10892000064B1B6A03F58033044A136200BF083705
:10893000BD4680BD000400400014004080080020B7
:1089400080B500AF72B600BFFAF76EFE80B400AF1C
:10895000284B1B681A6A274B1B6822F055021A62C3
:10896000244B1B681A6A234B1B6822F0AA021A6266
:10897000204B1B681A6A1F4B1B6842F055021A6293
:108980001C4B1B685A6C1B4B1B6822F400425A6438
:10899000184B1B681A68174B1B6842F080021A605C
:1089A000144B1B686FF001021A61124B1B68DA68E6
:1089B000104B1B6822F00102DA600E4B1B681A6A2A
:1089C00041F211131340002B0FD10A4B1B681A6A96
:1089D00040F244431340002B07D1064B1B681A6832
:1089E000044B1B6822F001021A6000BFBD4680BC28
:1089F000704700BFC802002080B584B000AF0346B6
:108A00000A46FB711346BB8007F1080300221A6077
:108A10009A80FB793B72BB881B0A9BB203F001036F
:108A2000002B01D0022300E001237B723B7A032B51
:108A300002D141F2873301E040F277537B81BB885A
:108A40001B0A9BB203F08003002B06D0BB88DBB26D
:108A5000012202FA03F39BB202E0BB88DBB29BB2B5
:108A6000BB81064B186807F108010023002207F0BC
:108A700093FF00BF1037BD4680BD00BFAC0800208B
:108A800080B584B000AF786007F1080300221A6057
:108A90009A800F4B186807F108014FF0FF3300224E
:108AA00007F0EEFF0346002BF3D13B7A002B04D0F6
:108AB00007F10803184600F00FF800233B72054B3E
:108AC0001B684FF0FF31184607F022FEE1E700BFB8
:108AD000AC080020B008002080B584B000AF7860FA
:108AE000574B1B681B6803F00103002B2DD0544B20
:108AF0001B68DA68524B1B6822F00102DA60504BA7
:108B00001B681A6A41F211131340002B0FD14C4B12
:108B10001B681A6A40F244431340002B07D1484BAC
:108B20001B681A68464B1B6822F001021A6000207D
:108B300000F088F9002000F0ABF9414B1B685A6C3B
:108B40003F4B1B6822F400425A643E4B7A6810681F
:108B5000186092889A803B4B0022DA807B689A8862
:108B6000384B1A81374B01229A727B681B7801219E
:108B7000184600F02BF90A2007F000FD0023FB60E7
:108B80007B681B78022B02DC002B03DC54E0032BF8
:108B900009D051E07B685B78012B01D12A4B00E0C2
:108BA0002A4BFB6008E07B685B78012B01D1284BE6
:108BB00000E0284BFB6000BF224BDB889BB25B00D0
:108BC000FA68134418781F4BDB889BB25B00FA6885
:108BD00013445B78194600F083F97B685A88184B78
:108BE0001B68DA627B685B881A46154BDA60144BA7
:108BF0001B6800225A62124B1B6801225A61104BFB
:108C00001B686FF001021A610D4B1B68DA680C4B90
:108C10001B6842F00102DA60094B1B685A6C084B72
:108C20001B6842F400425A64054B1B681A68044BE7
:108C30001B6842F001021A601037BD4680BD00BFBC
:108C4000C8020020B4080020C4780508CC780508C4
:108C5000D4780508DC78050880B582B000AF304BC9
:108C60001B899BB2013B9BB22D4A19461181002BF7
:108C700001D100F061F82B4B1B681B6903F0010365
:108C8000012B46D1274B1B686FF001021A61244B60
:108C90009B7ADBB2002B3ED000237B60204B1B78FD
:108CA000DBB2022B02DC002B03DC35E0032B0AD005
:108CB00032E01B4B5B78DBB2012B01D11A4B00E099
:108CC0001A4B7B6009E0164B5B78DBB2012B01D1BC
:108CD000174B00E0174B7B6000BF114BDB889BB24A
:108CE00001339BB203F003039AB20D4BDA800C4BB5
:108CF000DB889BB25B007A6813441878084BDB88EA
:108D00009BB25B007A6813445B78194600F0E8F880
:108D100002E000BF00E000BF0837BD4680BD00BFD5
:108D2000B4080020C8020020C4780508CC780508E3
:108D3000D4780508DC78050880B500AF204B1B68A7
:108D4000DA681F4B1B6822F00102DA601C4B1B68BB
:108D50001A6A41F211131340002B0FD1184B1B68F4
:108D60001A6A40F244431340002B07D1144B1B688E
:108D70001A68134B1B6822F001021A60104B1B6823
:108D800001225A610E4B1B686FF001021A610C4BF5
:108D90001B685A6C0A4B1B6822F400425A64094B48
:108DA0001B78DBB20021184600F010F8054B0022BA
:108DB0009A72054B1B68184607F010FD00BF80BD76
:108DC000C8020020B4080020B008002080B582B09E
:108DD00000AF03460A46FB711346BB71FB79032BB8
:108DE0001ED0032B28DC012B02D0022B0CD023E059
:108DF000BB79002B14BF01230023DBB21A460821E4
:108E00000F4802F076FD18E0BB79002B14BF012358
:108E10000023DBB21A460421094802F06AFD0CE087
:108E2000BB79002B14BF01230023DBB21A460221B9
:108E3000034802F05EFD00E000BF0837BD4680BD7C
:108E40000010014080B485B000AF0346FB71FB7990
:108E5000002B01D0502300E04023FB600B4B1B682C
:108E60009B6923F07001094B1B68FA680A439A61F9
:108E7000064B1B689A69054B1B6842F008029A6111
:108E800000BF1437BD4680BC704700BFC802002039
:108E900080B485B000AF0346FB71FB79002B02D094
:108EA0004FF4A04301E04FF48043FB600B4B1B6881
:108EB0009B6923F4E041094B1B68FA680A439A61F5
:108EC000064B1B689A69054B1B6842F400629A6165
:108ED00000BF1437BD4680BC704700BFC8020020E9
:108EE00080B582B000AF03460A46FB711346BB71E2
:108EF000FB791846FFF7A6FFBB791846FFF7C8FFB6
:108F000000BF0837BD4680BD80B588B004AF78602B
:108F10000B46FB7013463B800023FB81FB78002B44
:108F200053D13B881B0A9BB2DBB23B733B88DBB25D
:108F30007B73C82302930223019307F10C03009370
:108F4000012300229121786803F0CEFA3B7B7A7BE3
:108F50001146184601F032FE0346FB81FB89DB090E
:108F60009BB2FB81FB8903F48073002B1BD0B7F904
:108F70000E301846F7F7B6FA4FF00002164BF7F727
:108F80001BFB02460B46104619464FF00002134BDE
:108F9000F7F75AF902460B4610461946F7F7BCFD9B
:108FA0000346FB8111E0B7F90E301846F7F79AFA3D
:108FB0004FF00002084BF7F7FFFA02460B46104647
:108FC0001946F7F7A9FD0346FB81B7F90E3018469D
:108FD0001037BD4680BD00BF0000E03F000070407C
:108FE00080B586B002AF78604AF23023BB8107F1CA
:108FF0000C02C823009302238821786802F010FE37
:109000000346002B01D0012303E0022001F080FE83
:10901000002318461037BD4680BD000080B58AB0D9
:1090200002AF7860464B4FF000021A60444B4FF09D
:1090300000025A6041F22463BB8207F114024FF030
:10904000FF33009302238821786802F0E9FD03468C
:10905000FB77FB7F002B03D0394B4FF07E525A60D9
:1090600007F10C024FF0FF33009306238821786844
:1090700002F0D4FE0346FB77FB7F002B03D0304B7E
:109080004FF080425A6007F10C030221184601F0AC
:10909000ABFD0346BB7707F10C03033302211846EF
:1090A00001F0A2FD03467B77BB7BBA7F9A4203D1D6
:1090B0007B7C7A7F9A4202D0214B224A5A603B7BCA
:1090C0001BB21B021AB27B7B1BB213431BB27B8306
:1090D000FB7B1BB21B021AB23B7C1BB213431BB2BD
:1090E0003B837B8B1846F7F745FE03461649184627
:1090F000F7F74CFF034615491846F7F793FE03466A
:1091000013491846F7F784FD03461A460C4B1A60BC
:109110003B8B1846F7F72EFE03460B491846F7F728
:1091200035FF03460B491846F7F77CFE03461A46FF
:10913000034B5A60024B18462037BD4680BD00BF26
:109140001C0900200000404000FF7F4700002F4323
:10915000000034420000C84280B584B002AF78609D
:109160000D4B00930D4B812279680D4800F024F8D7
:109170000C4B00930C4B832279680C4800F01CF8D0
:10918000054B00930A4B8B2279680A4800F014F8CB
:1091900000BF0837BD4680BD000018410AD7233CF8
:1091A000C00800209A9999400AD7A33CD80800200B
:1091B0000AD7A33BF008002080B58AB004AFF8605E
:1091C000B9603B601346FB710023BB820023FB8226
:1091D000FB68FA795A70FB7923F00103DAB2FB6875
:1091E0009A70FB683A685A60FB683A6A9A60FB6852
:1091F0009B684FF08E411846F7F7C8FE03461A46A3
:10920000FB681A61FB681A69FB685B6819461046BF
:10921000F7F708FE034619463848F7F7B7FE034646
:109220001A46FB68DA60FB681B6935491846F7F790
:10923000F9FD03461A46FB685A61FB68DB684FF08C
:109240007C511846F7F7E6FC03461846F7F7ECFFA3
:109250000346FB82FB8AC3F30E03FB82FB8ADBB26D
:109260003B75FB8A1B0A9BB2DBB27B75FB8A002B2A
:1092700001D10123FB82FB685B7819462823032276
:10928000B86803F099FB0346002B31D1FB689B784B
:109290001946282302930223019307F11403009334
:1092A0000123D422B86803F025F80346002B1FD110
:1092B000FB689B781946282302930023019300231F
:1092C000009301230322B86803F014F8FB689B782D
:1092D00019462823029300230193002300930123BE
:1092E000D622B86803F006F8FB6801221A7002E083
:1092F000FB6800221A701837BD4680BDACC5A73B7D
:109300000000C841B0B58CB004AFF860B960134636
:10931000FB710123FB7700233B8200237B824FF00C
:109320007E53BB614FF000037B61BB681B78002B51
:1093300011D0BB685B781946FB799AB2322302934D
:109340000223019307F1100300930123F86803F04F
:10935000CBF80346FB77FB7F002B02D04FF00003D6
:1093600093E07B7C1BB21B021AB23B7C1BB2134303
:109370001BB27B82FB79D12B3FD0D12B58DC972BB2
:1093800056DC882B0BDA6B2B48D06B2B50DC4A2B2E
:109390003AD04A2B4CDB573B012B49D826E0883B7F
:1093A0000F2B45D801A252F823F000BFED9304081B
:1093B00009940408319404083194040809940408B9
:1093C0003194040831940408319404083194040859
:1093D0003194040831940408319404083194040849
:1093E00031940408319404081D9404084FF082431A
:1093F000BB614FF080437B611AE04FF08143BB615A
:109400004FF080437B6113E0BB681B6919464FF046
:109410007E50F7F7BBFD0346BB6109E0BB685B69A3
:1094200019464FF07E50F7F7B1FD0346BB6100BF10
:109430007B8A1846F7F756F804460D467B6983F099
:1094400000431846F7F760F802460B464FF000005D
:1094500010490CF039FF02460B4620462946F7F723
:10946000ABF802460B4614461D46B869F7F74CF8B0
:1094700002460B4620462946F7F7C8F902460B4636
:1094800010461946F7F770FB034618462037BD46CD
:10949000B0BD00BF00002440B0B58EB004AFF8608E
:1094A000B9607A603B603B68002B00F04E81FB683E
:1094B000002B00F04C81BB68002B00F048817B68DA
:1094C000002B00F04481BB681B78002B00F03F812B
:1094D000BB685B69012214464FF000011846F7F79C
:1094E0005DFE0346002B01D100231C46E3B283F04E
:1094F0000103DBB2002B40F02C81BB685B6923F0D9
:1095000000449B492046F7F753FE0346002B40F0EA
:10951000208197492046F7F741FE0346002B40F093
:109520001881012387F827300023BB844FF0000304
:109530003B624FF00003FB6107F114030722002197
:1095400018460CF05FF87B6800221A607B680022E6
:109550001A717B6800229A607B684FF00002DA6023
:10956000BB685B781946322302930723019307F106
:109570001403009301238622F86802F0B5FF034626
:1095800087F8273097F82730002B40F0E480D62367
:10959000FB74BB689B78194607F1130228230093DC
:1095A0000123F86802F03CFBFA7D7B681A71BB7DF1
:1095B0001BB21B021AB27B7D1BB213431BB2BB84CE
:1095C000BB7E1A047B7E1B0213433A7E13431A466A
:1095D0007B689A607B689B68002B00F0BE807B688C
:1095E0009B68644A934200F2B8807B681B791A0436
:1095F000BB8C13441A467B681A607B681B685D4A03
:10960000934200F2AC80BB685B6923F00044012305
:109610001D4657492046F7F7CBFD0346002B08D1DE
:1096200053492046F7F7BAFD0346002B01D100232A
:109630001D46EBB283F00103DBB2002B4DD07B68FB
:109640001B681846F7F796FB04467B689B6818462C
:10965000F7F790FB034619462046F7F797FC0346B9
:109660001A467B68DA607B68DB6823F00044404977
:109670002046F7F79DFD0346002B72D13C4920465A
:10968000F7F78CFD0346002B6BD17B68DB684FF04E
:1096900000011846F7F764FD0346002B61D17B6893
:1096A000DA68BB685B6919461046F7F7BBFB0346EF
:1096B0001A467B68DA607B68DB6823F000442C493B
:1096C0002046F7F775FD0346002B4CD1284920466C
:1096D000F7F764FD0346002B45D17B68DC683868EA
:1096E000F7F748FB034619462046F7F79BFB03466E
:1096F0003B622149386AF7F749FC0346FB61FB6985
:1097000023F0004401231D4619492046F7F750FD78
:109710000346002B08D116492046F7F73FFD0346C4
:10972000002B01D100231D46EBB283F00103DBB215
:10973000002B19D07B681B69F9691846F7F76AFA9C
:1097400003461A467B681A610EE000BF0CE000BFBA
:109750000AE000BF08E000BF06E000BF04E000BF71
:1097600002E000BF00E000BF2837BD46B0BD00BF2B
:10977000FFFF7F7FF0FFFF000000614580B584B0F0
:1097800000AF184B9B69174A43F001039361154BD7
:109790009B6903F00103BB60BB68124BDB69114A94
:1097A00043F08053D3610F4BDB6903F080537B6040
:1097B0007B6800220F216FF0010001F082FB0A4B51
:1097C0005B68FB60FB6823F0E063FB60FB6843F0D1
:1097D0000073FB60044AFB68536000BF1037BD464E
:1097E00080BD00BF001002400000014080B58AB07B
:1097F00000AF786007F1140300221A605A609A6083
:10980000DA607B681B681D4A934232D11C4B9B690E
:109810001B4A43F008039361194B9B6903F008034B
:109820003B613B694FF440737B611223BB610323AF
:109830003B6207F114031946124801F0AFFE124BC8
:109840005B687B627B6A43F0E0637B627B6A43F028
:1098500002037B620C4A7B6A5360094BDB69084A4E
:1098600043F40013D361064BDB6903F40013FB6080
:10987000FB6800BF2837BD4680BD00BF00540040D4
:1098800000100240000C01400000014080B58CB087
:1098900000AF786007F11C0300221A605A609A60DA
:1098A000DA607B681B68B3F1804F3ED1394BDB69CE
:1098B000384A43F00103D361364BDB6903F00103FF
:1098C000BB61BB69334B9B69324A43F00803936128
:1098D000304B9B6903F008037B617B690823FB61C4
:1098E00000233B6200237B6207F11C0319462A48D0
:1098F00001F054FE294B5B68FB62FB6A23F4407362
:10990000FB62FB6A43F0E063FB62FB6A43F4807333
:10991000FB62224AFB6A5360002205211C2001F0F1
:10992000D0FA1C2001F0E9FA30E07B681B681C4A81
:1099300093422BD1174BDB69164A43F00803D361DE
:10994000144BDB6903F008033B613B69114B9B69D6
:10995000104A43F0040393610E4B9B6903F0040328
:10996000FB60FB680123FB6100233B6200237B62F9
:1099700007F11C0319460B4801F010FE00220521D7
:10998000322001F09EFA322001F0B7FA00BF3037E2
:10999000BD4680BD00100240000C014000000140A7
:1099A000000C00400008014080B584B000AF786032
:1099B0007B681B68164A93420CD1164BDB69154A2B
:1099C00043F00403D361134BDB6903F00403FB6032
:1099D000FB6818E07B681B680F4A934213D10D4B5C
:1099E0009B690C4A43F4005393610A4B9B6903F44F
:1099F0000053BB60BB68002205212C2001F061FAF6
:109A00002C2001F07AFA00BF1037BD4680BD00BFA0
:109A100000080040001002400034014080B584B0CE
:109A200000AF78607B681B681A4A934214D11A4BC6
:109A3000DB69194A43F01003D361174BDB6903F06C
:109A40001003FB60FB6800220821362001F039FA80
:109A5000362001F052FA18E07B681B680F4A9342E7
:109A600013D10D4BDB690C4A43F02003D3610A4B41
:109A7000DB6903F02003BB60BB68002205213720AF
:109A800001F01FFA372001F038FA00BF1037BD4649
:109A900080BD00BF001000400010024000140040D4
:109AA00080B58EB000AF786007F1240300221A6001
:109AB0005A609A60DA607B681B68B3F1804F2AD1E4
:109AC0005B4B9B695A4A43F004039361584B9B6973
:109AD00003F004033B623B6A08237B620223BB6200
:109AE00002233B6307F124031946524801F056FD57
:109AF000514B5B687B637B6B23F440737B637B6BB5
:109B000043F0E0637B637B6B43F480737B634A4A7F
:109B10007B6B536088E07B681B68484A934218D18E
:109B2000434B9B69424A43F008039361404B9B6956
:109B300003F00803FB61FB69C0237B620223BB6265
:109B400002233B6307F1240319463D4801F026FD3B
:109B50006AE07B681B683B4A934218D1344B9B698F
:109B6000334A43F004039361314B9B6903F00403D0
:109B7000BB61BB6902237B620223BB6203233B639D
:109B800007F1240319462B4801F008FD4CE07B68DF
:109B90001B682D4A934247D1254B9B69244A43F0C9
:109BA00004039361224B9B6903F004037B617B698F
:109BB0001F4B9B691E4A43F0080393611C4B9B6932
:109BC00003F008033B613B69194B9B69184A43F05A
:109BD00010039361164B9B6903F01003FB60FB6855
:109BE00080237B620223BB6202233B6307F12403D1
:109BF0001946104801F0D2FC01237B620223BB62AC
:109C000002233B6307F1240319460D4801F0C6FC0B
:109C1000C0237B620223BB6202233B6307F1240360
:109C200019460A4801F0BAFC00BF3837BD4680BD6E
:109C30000010024000080140000001400008004000
:109C4000000C0140000C00400034014000100140B5
:109C500080B58CB000AF786007F11C0300221A6059
:109C60005A609A60DA607B681B68494A93423AD12D
:109C7000484B9B69474A43F480439361454B9B693A
:109C800003F48043BB61BB69424B9B69414A43F08B
:109C9000040393613F4B9B6903F004037B617B6981
:109CA0004FF40073FB6102233B620323BB6207F1A5
:109CB0001C031946384801F071FC4FF48063FB61C6
:109CC00000233B6200237B6207F11C0319463248E4
:109CD00001F064FC00220521252001F0F2F8252086
:109CE00001F00BF950E07B681B682C4A93424BD182
:109CF000284BDB69274A43F48023D361254BDB697A
:109D000003F480233B613B69224B9B69214A43F06A
:109D1000100393611F4B9B6903F01003FB60FB680A
:109D20004FF48063FB6102233B620323BB6207F1B4
:109D30001C0319461A4801F031FC4FF40063FB6123
:109D400000233B6200237B6207F11C031946144881
:109D500001F024FC134B5B68FB62FB6A23F03003C9
:109D6000FB62FB6A43F0E063FB62FB6A43F01003B3
:109D7000FB620C4AFB6A536000220521272001F098
:109D8000A0F8272001F0B9F800BF3037BD4680BDEC
:109D90000038014000100240000801400048004027
:109DA000001001400000014080B584B000AF786031
:109DB0000023FB607B68002B01D101237AE07B68E4
:109DC0005B7CDBB2002B05D17B6800221A747868BB
:109DD00000F076F87B6802225A74786800F0F2FA94
:109DE0000346002B04D07B6804225A74012361E0EF
:109DF000786800F0ABFB0346002B04D07B6804229C
:109E00005A74012356E07B681B685A687B681B689C
:109E100022F007025A607B689B68002B05D0274B15
:109E20001B6B264A23F001031363244BDB6A23F4E4
:109E300060727B689B6821491343CB627B685B68D7
:109E4000B3F1FF3F03D07B685B68FB600EE001204D
:109E500004F03CF8F860FB68002B04D17B68042216
:109E60005A74012326E0FB68013BFB60FB681A0C77
:109E70007B681B6802F00F029A607B681B68FA68B7
:109E800092B2DA60786800F089FB0346002B04D0B8
:109E90007B6804225A7401230CE07B680022DA7389
:109EA0007B6801225A737B6801229A737B680122C6
:109EB0005A74002318461037BD4680BD006C004020
:109EC00080B483B000AF786000BF0C37BD4680BC63
:109ED000704790B587B000AFF860B9607A60002332
:109EE0007B6100233B61FB68002B02D0BB68002B29
:109EF00001D1012380E0FB681B7C012B01D10223EF
:109F00007AE0FB6801221A74FB6802225A747B68AB
:109F1000002B13D1BB681B781A464FF4616303FB17
:109F200002F2BB685B7819460B461B015B1A9B006B
:109F30001344BA68927813447B611EE0BB681B78B7
:109F4000184600F070FB03461A464FF4616303FBAA
:109F500002F4BB685B78184600F065FB03461A46BE
:109F600013461B019B1A9B001C44BB689B78184638
:109F700000F059FB034623447B617969F86800F0DF
:109F80007EFA0346002B07D0FB6804225A74FB6854
:109F900000221A7401232FE0FB681B685A68FB68D3
:109FA0001B6822F005025A60F86800F08FFA3861E9
:109FB0003B69B3F1FF3F18D03A697B699A4214D2EA
:109FC0003B6903F5A83303F5C0733B613969F86851
:109FD00000F095FA0346002B07D0FB6804225A7460
:109FE000FB6800221A74012306E0FB6801225A7400
:109FF000FB6800221A74002318461C37BD4690BD2A
:10A0000080B588B000AFF860B9607A600023BB61AA
:10A010000023FB6100237B6100233B61FB68002B75
:10A0200002D0BB68002B01D10123B5E0FB681B689F
:10A030005B6803F00403002B01D00123ACE0F86857
:10A0400000F0EDF9B861BB69554AA2FB0323DB0AB6
:10A050003B61BA69524BA3FB0213DB0A4FF4616107
:10A0600001FB03F3D31A4F4AA2FB03235B09DAB2C5
:10A07000BB685A70BB694A4AA2FB0312D20A4FF46A
:10A08000616101FB02F29A1A464BA3FB02135909C4
:10A090000B461B015B1A9B00D11ACAB2BB689A70AF
:10A0A0003B69172B55D93B693F4AA2FB03231B0988
:10A0B0007B6139693C4BA3FB01231A0913465B0002
:10A0C0001344DB00CA1AD2B2BB681A70F86800F0F9
:10A0D000FDF9F861FB69B3F1FF3F08D0FA69BB698C
:10A0E0009A4204D9FA69BB69D31AFB6102E04FF0C6
:10A0F000FF33FB617B692D4A02FB03F3BA69D31A74
:10A10000BB61B969F86800F0BAF90346002B01D0C9
:10A11000012341E0FB69B3F1FF3F0CD0FA69BB6951
:10A120001344FB61F969F86800F0E9F90346002B74
:10A130000AD0012330E0F969F86800F0E0F903463D
:10A14000002B01D0012327E07969F86800F088FA34
:10A1500003E03B69DAB2BB681A707B68002B1AD047
:10A16000BB681B78184600F041FA03461A46BB68E4
:10A170001A70BB685B78184600F038FA03461A4636
:10A18000BB685A70BB689B78184600F02FFA0346EC
:10A190001A46BB689A70002318462037BD4680BD1A
:10A1A000C5B3A29189888888ABAAAAAA8051010068
:10A1B00080B588B000AFF860B9607A600023FB61B9
:10A1C0000023BB6100237B61FB68002B02D0BB68CE
:10A1D000002B01D1012397E0FB681B7C012B01D1EF
:10A1E000022391E0FB6801221A74FB6802225A7470
:10A1F0007B68002B0CD1BB68DA78FB68DA73BB682C
:10A200005A78FB685A73BB689A78FB689A731AE0AD
:10A21000BB68DB78184600F006FA03461A46FB686E
:10A22000DA73BB685B78184600F0FDF903461A46FE
:10A23000FB685A73BB689B78184600F0F4F9034634
:10A240001A46FB689A73FB68DB7B1846FB68597BF0
:10A25000FB689B7B1A4600F0DFFA03461A46FB6850
:10A260001A73FB681A7BBB681A70F86800F0D7F89D
:10A27000F861FB69264AA2FB0323DB0A7B617B6949
:10A28000182B3AD97B69234AA2FB03231B09224AD4
:10A2900002FB03F3FA69D31AFB61F969F86800F06D
:10A2A000EEF80346002B07D0FB6804225A74FB68C3
:10A2B00000221A74012327E0F86800F007F9B8615A
:10A2C000BB69B3F1FF3F18D0BA69FB699A4214D257
:10A2D000BB6903F5A83303F5C073BB61B969F868BE
:10A2E00000F00DF90346002B07D0FB6804225A74D6
:10A2F000FB6800221A74012306E0FB6801225A74ED
:10A30000FB6800221A74002318462037BD4680BD22
:10A31000C5B3A291ABAAAAAA8051010080B586B0AC
:10A3200000AFF860B9607A6007F1140300210A46B3
:10A330001A800A469A70FB68002B02D0BB68002B7B
:10A3400001D101233AE007F1140300221946F8680D
:10A35000FFF756FE0346002B01D001232EE0FB68D9
:10A360001A7BBB681A70FB68DA7BBB68DA70FB6823
:10A370005A7BBB685A70FB689A7BBB689A707B6893
:10A38000002B1AD0BB68DB78184600F02FF9034683
:10A390001A46BB68DA70BB685B78184600F026F98D
:10A3A00003461A46BB685A70BB689B78184600F093
:10A3B0001DF903461A46BB689A70002318461837E1
:10A3C000BD4680BD80B584B000AF78600023FB60DF
:10A3D0007B68002B01D101231DE07B681B685A6854
:10A3E0007B681B6822F008025A6000F087FCF86066
:10A3F00009E000F083FC0246FB68D31AB3F57A7FCC
:10A4000001D9032307E07B681B685B6803F008033E
:10A41000002BEED0002318461037BD4680BD80B417
:10A4200087B000AF786000237B8200233B8200234B
:10A43000FB8100237B617B681B689B697B827B6857
:10A440001B68DB69FB817B681B689B693B827A8A9E
:10A450003B8A9A4208D03B8A1A047B681B68DB69F6
:10A460009BB213437B6104E07B8A1A04FB8913438C
:10A470007B617B6918461C37BD4680BC704780B540
:10A4800084B000AF786039600023FB73786800F017
:10A490005DF80346002B02D00123FB7311E07B68BB
:10A4A0001B683A68120C9A617B681B683A6892B222
:10A4B000DA61786800F072F80346002B01D00123BE
:10A4C000FB73FB7B18461037BD4680BD80B485B05A
:10A4D00000AF78600023FB810023BB817B681B6891
:10A4E0001B6AFB817B681B685B6ABB81FB891A0462
:10A4F000BB89134318461437BD4680BC704780B5EE
:10A5000084B000AF786039600023FB73786800F096
:10A510001DF80346002B02D00123FB7311E07B687A
:10A520001B683A68120C1A627B681B683A6892B220
:10A530005A62786800F032F80346002B01D00123FC
:10A54000FB73FB7B18461037BD4680BD80B584B0D9
:10A5500000AF78600023FB6000F0D0FBF86009E0FA
:10A5600000F0CCFB0246FB68D31AB3F57A7F01D921
:10A5700003230FE07B681B685B6803F02003002B5C
:10A58000EED07B681B685A687B681B6842F010023B
:10A590005A60002318461037BD4680BD80B584B090
:10A5A00000AF78600023FB607B681B685A687B689B
:10A5B0001B6822F010025A6000F0A0FBF86009E06E
:10A5C00000F09CFB0246FB68D31AB3F57A7F01D9F1
:10A5D000032307E07B681B685B6803F02003002B04
:10A5E000EED0002318461037BD4680BD80B485B03C
:10A5F00000AF0346FB710023FB6005E0FB680133FD
:10A60000FB60FB790A3BFB71FB79092BF6D8FB68F1
:10A61000DBB21B01DAB2FB791343DBB21846143705
:10A62000BD4680BC704780B485B000AF0346FB7167
:10A630000023FB60FB791B09DBB21A4613469B0023
:10A6400013445B00FB60FB7903F00F03DAB2FB6895
:10A65000DBB21344DBB218461437BD4680BC7047EA
:10A6600080B586B000AF7860396000237B6100233D
:10A670003B610023FB600023BB607B68DB7B7B616D
:10A680007B685B7B3B617B689B7BFB600023BB60E3
:10A690006FE03B69012B11D03B69032B0ED03B6966
:10A6A000052B0BD03B69072B08D03B69082B05D045
:10A6B0003B690A2B02D03B690C2B17D1FB681E2B80
:10A6C00003D8FB680133FB6050E03B690C2B05D0DD
:10A6D0003B6901333B610123FB6047E001233B61A0
:10A6E0000123FB607B6901337B613FE03B69042B05
:10A6F00008D03B69062B05D03B69092B02D03B698A
:10A700000B2B0CD1FB681D2B03D8FB680133FB60BE
:10A710002CE03B6901333B610123FB6026E03B6990
:10A72000022B23D1FB681B2B03D8FB680133FB6092
:10A730001CE0FB681C2B11D17B699BB2184600F012
:10A7400039F80346002B03D0FB680133FB600DE0B2
:10A750003B6901333B610123FB6007E0FB681D2B74
:10A7600004D13B6901333B610123FB60BB680133CA
:10A77000BB60BA683B689A428BD37B69DAB27B686C
:10A78000DA733B69DAB27B685A73FB68DAB27B68CA
:10A790009A733B69DBB2FA68D2B21946786900F065
:10A7A0003BF803461A467B681A7300BF1837BD464C
:10A7B00080BD000080B483B000AF0346FB80FB88FF
:10A7C00003F003039BB2002B01D000231DE0FB88A4
:10A7D000104AA2FB03125209642101FB02F29B1AE8
:10A7E0009BB2002B01D001230FE0FB88094AA2FB9A
:10A7F0000312D2094FF4C87101FB02F29B1A9BB2FB
:10A80000002B01D1012300E0002318460C37BD4680
:10A8100080BC70471F85EB5180B485B000AF786075
:10A820000B46FB701346BB700023BB600023FB602C
:10A830007B6803F5FA63BB60FB78022B2DD8FA78AE
:10A8400013465B001344DB009B1A2C4AA2FB032334
:10A850005A08BB781A44BB681A44BB68013B9B0882
:10A860001A44BB68013B2649A1FB03135B09D21ABA
:10A87000BB68013B2249A1FB0313DB0913441A1DEA
:10A88000204BA3FB0213D11A49080B4499080B462D
:10A89000DB005B1AD31AFB6029E0FA7813465B00F1
:10A8A0001344DB009B1A154AA2FB03235A08BB780A
:10A8B0001A44BB681A44BB689B081A44BB68104919
:10A8C000A1FB03135B09D21ABB680D49A1FB03135B
:10A8D000DB0913449A1C0B4BA3FB0213D11A490842
:10A8E0000B4499080B46DB005B1AD31AFB60FB682C
:10A8F000DBB218461437BD4680BC7047398EE3384A
:10A900001F85EB512549922480B487B000AFF860D1
:10A91000B9607A6000237B61074B7B61BB689B0059
:10A920007A6913447B617B697A6892B21A6000BFCE
:10A930001C37BD4680BC7047006C004080B485B0B9
:10A9400000AF786039600023FB600023BB60084BD8
:10A95000FB603B689B00FA681344FB60FB681B6864
:10A960009BB2BB60BB6818461437BD4680BC7047BD
:10A97000006C004080B58EB000AF78600023FB62B1
:10A980000023BB62002387F83330344BDB69334A42
:10A9900043F00203D361314BDB6903F00203FB6038
:10A9A000FB6807F1100207F114031146184603F083
:10A9B0003FFA3B6AFB62FB6A002B03D103F010FAFB
:10A9C000786304E003F00CFA03465B007B637B6B67
:10A9D000234AA2FB03239B0C013BBB62214B224A6F
:10A9E0001A60204B40F2E732DA601E4ABB6A5360BD
:10A9F0001C4B00221A611B4B00229A60194B00224B
:10AA00009A61184803F03AFB034687F8333097F809
:10AA10003330002B1BD1134803F0A6FB034687F805
:10AA2000333097F83330002B11D11D2000F065FA38
:10AA30007B680F2B08D8002279681D2000F041FAAE
:10AA40000A4A7B68136002E0012387F8333097F8E5
:10AA5000333018463837BD4680BD00BF0010024075
:10AA600083DE1B4324090020000400405000002026
:10AA700080B400AF00BFFDE780B400AF00BFFDE7CA
:10AA800080B400AF00BFFDE780B400AF00BFFDE7BA
:10AA900080B400AF00BFFDE780B400AF00BFBD468B
:10AAA00080BC704780B500AF024803F0A1FE00BF34
:10AAB00080BD00BF6001002080B500AF024803F0F8
:10AAC00097FE00BF80BD00BF2409002080B500AF05
:10AAD000024804F09FFE00BF80BD00BF10030020AD
:10AAE00080B500AF024804F095FE00BF80BD00BFF6
:10AAF0005803002080B500AFFEF7AEF800BF80BD60
:10AB000080B500AF024803F073FE00BF80BD00BFF8
:10AB1000F001002080B500AFFCF740FC00BF80BD15
:10AB200080B500AF024803F063FE00BF80BD00BFE8
:10AB30008002002080B500AF012000F00BFF00BFB5
:10AB400080BD000080B586B000AF7860144A154B18
:10AB5000D31A7B617B693B61134B1B68002B02D1CD
:10AB6000114B124A1A60104B1A687B6813443A69F9
:10AB70009A4207D20AF0ACFD03460C221A604FF04D
:10AB8000FF3309E0084B1B68FB60074B1A687B68C2
:10AB90001344054A1360FB6818461837BD4680BD4C
:10ABA00000000120000400006C090020D068002093
:10ABB00080B400AF00BFBD4680BC704780B483B096
:10ABC00000AF03460A46FB711346BB71FB791BB20B
:10ABD0001B021AB2BB791BB213431BB29BB21846BD
:10ABE0000C37BD4680BC704780B485B000AF78603C
:10ABF0000B46FB70FF23FB7331233B730023BB73B6
:10AC000023E0BB7B7A6813441A78FB7B5340FB73C9
:10AC100000237B7313E097F90F30002B09DA97F9C3
:10AC20000F305B005AB297F90C3053405BB2FB73A4
:10AC300002E0FB7B5B00FB737B7B01337B737B7BE5
:10AC4000072BE8D9BB7B0133BB73BA7BFB789A42F5
:10AC5000D7D3FB7B18461437BD4680BC7047000035
:10AC6000FFF7A6FF0B480C490C4A002302E0D4581A
:10AC7000C4500433C4188C42F9D3094A094C002348
:10AC800001E013600432A242FBD30AF027FDF8F77B
:10AC9000E1FC704700000020AC000020507B05085C
:10ACA000B0000020D0680020FEE7000080B500AFB3
:10ACB000084B1B68074A43F010031360032000F0A1
:10ACC000F5F80F20FFF756FEFEF758FD0023184653
:10ACD00080BD00BF0020024080B400AF054B1B7850
:10ACE0001A46054B1B681344034A136000BFBD4658
:10ACF00080BC7047540000207009002080B400AF71
:10AD0000024B1B681846BD4680BC70477009002086
:10AD100080B584B000AF7860FFF7F0FFB8607B6863
:10AD2000FB60FB68B3F1FF3F05D00A4B1B781A4666
:10AD3000FB681344FB6000BFFFF7E0FF0246BB68FF
:10AD4000D31AFA689A42F7D800BF00BF1037BD4641
:10AD500080BD00BF5400002080B485B000AF786093
:10AD60007B6803F00703FB600C4BDB68BB60BA68D1
:10AD70004FF6FF031340BB60FB681A02BB68134326
:10AD800043F0BF6343F40033BB60044ABB68D36045
:10AD900000BF1437BD4680BC704700BF00ED00E027
:10ADA00080B400AF044BDB681B0A03F007031846AE
:10ADB000BD4680BC704700BF00ED00E080B483B0AA
:10ADC00000AF0346FB7197F90730002B0BDBFB79D3
:10ADD00003F01F02064997F907305B09012000FACA
:10ADE00002F241F8232000BF0C37BD4680BC7047FB
:10ADF00000E100E080B483B000AF03463960FB712E
:10AE000097F90730002B0ADB3B68DAB20C4997F957
:10AE100007301201D2B20B4483F800230AE03B68EA
:10AE2000DAB20849FB7903F00F03043B1201D2B2F6
:10AE30000B441A7600BF0C37BD4680BC704700BF7C
:10AE400000E100E000ED00E080B489B000AFF86000
:10AE5000B9607A60FB6803F00703FB61FB69C3F12B
:10AE60000703042B28BF0423BB61FB690433062BB3
:10AE700002D9FB69033B00E000237B614FF0FF3206
:10AE8000BB6902FA03F3DA43BB681A407B699A4054
:10AE90004FF0FF317B6901FA03F3D9437B680B4024
:10AEA000134318462437BD4680BC704780B582B036
:10AEB00000AF78607868FFF74FFF00BF0837BD46E6
:10AEC00080BD80B586B000AF0346B9607A60FB7381
:10AED00000237B61FFF764FF78617A68B96878695D
:10AEE000FFF7B2FF024697F90F3011461846FFF7F9
:10AEF00081FF00BF1837BD4680BD80B582B000AF6E
:10AF00000346FB7197F907301846FFF757FF00BF5C
:10AF10000837BD4680BD80B485B000AF786000239F
:10AF2000FB737B6893F82130DBB2022B08D07B687F
:10AF300004229A637B68002283F82020012320E00A
:10AF40007B681B681A687B681B6822F00E021A6017
:10AF50007B681B681A687B681B6822F001021A6014
:10AF60007B681A6C7B68DB6B012101FA02F25A6084
:10AF70007B68012283F821207B68002283F820204F
:10AF8000FB7B18461437BD4680BC704780B584B043
:10AF900000AF78600023FB737B6893F82130DBB24D
:10AFA000022B05D07B6804229A630123FB73D6E051
:10AFB0007B681B681A687B681B6822F00E021A60A7
:10AFC0007B681B681A687B681B6822F001021A60A4
:10AFD0007B681B681A46644B9A4258D97B681B6889
:10AFE000624A93424FD07B681B68614A934248D0C3
:10AFF0007B681B685F4A934240D07B681B685E4A4F
:10B00000934238D07B681B685C4A934230D07B689F
:10B010001B685B4A934228D07B681B68524A934264
:10B0200020D07B681B68574A934219D07B681B6805
:10B03000554A934212D07B681B68544A93420AD007
:10B040007B681B68524A934202D14FF480531BE045
:10B050004FF4803318E04FF4807315E0102313E0B1
:10B06000012311E04FF080730EE04FF480130BE0EA
:10B070004FF4803308E04FF4805305E04FF48073C1
:10B0800002E0102300E00123424A536057E07B684E
:10B090001B68364A93424FD07B681B68344A934200
:10B0A00048D07B681B68334A934240D07B681B685A
:10B0B000314A934238D07B681B68304A934230D083
:10B0C0007B681B682E4A934228D07B681B68264AFF
:10B0D000934220D07B681B682A4A934219D07B6830
:10B0E0001B68294A934212D07B681B68274A934207
:10B0F0000AD07B681B68264A934202D14FF48053E2
:10B100001BE04FF4803318E04FF4807315E01023F8
:10B1100013E0012311E04FF080730EE04FF4801331
:10B120000BE04FF4803308E04FF4805305E04FF418
:10B13000807302E0102300E00123174A53607B680C
:10B14000012283F821207B68002283F820207B687D
:10B150005B6B002B03D07B685B6B78689847FB7B4D
:10B1600018461037BD4680BD8000024008000240EE
:10B170001C000240300002404400024058000240DF
:10B180006C000240080402401C04024030040240EB
:10B19000440402400004024000000240F0B587B0C1
:10B1A00000AFF860B960C7E900230123FB750023F5
:10B1B000BB7500237B752F4B1B7E012B01D1022316
:10B1C00054E02C4B01221A764CF2503000F0A8F8D3
:10B1D0000346FB75FB7D002B44D1FB68012B02D19C
:10B1E00001237B7507E0FB68022B02D102237B75EC
:10B1F00001E004237B750023BB752DE0BB7D5A0065
:10B20000BB6802EB030CBB7D1901D7E90023C1F138
:10B210002006A1F1200022FA01F403FA06F63443D5
:10B2200023FA00F0044323FA01F5A3B2194660465D
:10B2300000F05AF84CF2503000F072F80346FB75FB
:10B240000D4B1B690C4A23F001031361FB7D002B9E
:10B2500007D1BB7D0133BB75BA7D7B7D9A42CDD3CF
:10B2600000E000BF034B00221A76FB7D18461C3716
:10B27000BD46F0BD780900200020024080B483B0B4
:10B2800000AF0023FB710D4B1B6903F08003002B03
:10B290000DD00A4B0A4A5A60084B0A4A5A60074BBB
:10B2A0001B6903F08003002B01D00123FB71FB79A4
:10B2B00018460C37BD4680BC704700BF00200240D6
:10B2C00023016745AB89EFCD80B400AF054B1B6907
:10B2D000044A43F08003136100231846BD4680BC36
:10B2E000704700BF0020024080B483B000AF786098
:10B2F0000B467B80084B0022DA61084B1B69074A2A
:10B3000043F0010313617B687A881A8000BF0C3711
:10B31000BD4680BC704700BF780900200020024075
:10B3200080B584B000AF7860FFF7E8FCF86010E00B
:10B330007B68B3F1FF3F0CD07B68002B07D0FFF791
:10B34000DDFC0246FB68D31A7A689A4201D20323D5
:10B3500025E0154BDB6803F00103002BE8D1124B0D
:10B36000DB6803F02003002B02D00F4B2022DA60B1
:10B370000D4BDB6803F01003002B0BD10A4BDB698C
:10B3800003F00103002B05D1074BDB6803F0040336
:10B39000002B03D000F00AF8012300E00023184638
:10B3A0001037BD4680BD00BF0020024080B483B08E
:10B3B00000AF00237B60234BDB6803F01003002BFE
:10B3C00009D0214BDB6943F002031F4AD3617B683C
:10B3D00043F010037B601B4BDB6803F00403002B7E
:10B3E00009D0194BDB6943F00103174AD3617B682D
:10B3F00043F004037B60134BDB6903F00103002B74
:10B400000BD0114BDB6943F004030F4AD3610D4BA2
:10B41000DB690C4A23F00103D3617B6840F201121F
:10B42000934206D1074BDB69064A23F00103D3613F
:10B4300002E0044A7B68D36000BF0C37BD4680BC85
:10B44000704700BF002002407809002080B584B01A
:10B4500000AF786039600123FB730023BB602F4B82
:10B460001B7E012B01D1022353E02C4B01221A76C3
:10B470007B681B68022B16D14CF25030FFF750FF4F
:10B480000346002B41D1012000F04CF84CF2503023
:10B49000FFF746FF0346FB73214B1B69204A23F04D
:10B4A0000403136131E04CF25030FFF739FF0346DB
:10B4B000002B2AD13B684FF0FF321A607B689B68F3
:10B4C000BB6019E0B86800F049F84CF25030FFF763
:10B4D00027FF0346FB73124B1B69114A23F002033B
:10B4E0001361FB7B002B03D03B68BA681A600CE049
:10B4F000BB6803F50063BB607B68DB68DA027B68CE
:10B500009B681344BA689A42DCD3044B00221A7633
:10B51000FB7B18461037BD4680BD00BF7809002070
:10B520000020024080B483B000AF7860094B002255
:10B53000DA61094B1B69084A43F004031361064BA7
:10B540001B69054A43F04003136100BF0C37BD4639
:10B5500080BC7047780900200020024080B483B08E
:10B5600000AF78600B4B0022DA610B4B1B690A4A73
:10B5700043F002031361084A7B685361064B1B6961
:10B58000054A43F04003136100BF0C37BD4680BC41
:10B59000704700BF780900200020024080B48BB0C3
:10B5A00000AF7860396000237B6200233B6279E161
:10B5B00001227B6A02FA03F3FB613B681B68FA69AC
:10B5C0001340BB61BA69FB699A4240F068813B68ED
:10B5D0005B68964A93425ED0944A934275D8944AE7
:10B5E000934258D0924A93426FD8924A934252D093
:10B5F000904A934269D8904A93424CD08E4A9342E3
:10B6000063D88E4A934246D08C4A93425DD8122B1F
:10B610002AD8122B59D801A252F823F097B6040861
:10B6200071B6040883B60408C5B60408CBB604088E
:10B63000CBB60408CBB60408CBB60408CBB60408D6
:10B64000CBB60408CBB60408CBB60408CBB60408C6
:10B65000CBB60408CBB60408CBB60408CBB60408B6
:10B6600079B604088DB60408754A934213D02CE0CD
:10B670003B68DB683B6229E03B68DB6804333B6284
:10B6800024E03B68DB6808333B621FE03B68DB6813
:10B690000C333B621AE03B689B68002B02D1042309
:10B6A0003B6213E03B689B68012B05D108233B629A
:10B6B0007B68FA691A6109E008233B627B68FA69D2
:10B6C0005A6103E000233B6200E000BFBB69FF2B2F
:10B6D00001D87B6801E07B6804337B61BB69FF2B89
:10B6E00002D87B6A9B0002E07B6A083B9B003B61BF
:10B6F0007B691A680F213B6901FA03F3DB431A40A7
:10B70000396A3B6901FA03F31A437B691A603B68A3
:10B710005B6803F08053002B00F0C180494B9B69AC
:10B72000484A43F001039361464B9B6903F00103D0
:10B73000BB60BB68444A7B6A9B08023352F82330E3
:10B74000FB607B6A03F003039B000F2202FA03F302
:10B75000DB43FA681340FB607B683C4A93421FD08E
:10B760007B683B4A934219D07B683A4A934213D094
:10B770007B68394A93420DD07B68384A934207D0A0
:10B780007B68374A934201D105230AE0062308E08B
:10B79000042306E0032304E0022302E0012300E087
:10B7A00000237A6A02F0030292009340FA6813437E
:10B7B000FB6025497B6A9B080233FA6841F8232025
:10B7C0003B685B6803F48013002B06D0254B9A6816
:10B7D0002449BB6913438B6006E0224B9A68BB691E
:10B7E000DB43204913408B603B685B6803F4001324
:10B7F000002B06D01B4BDA681A49BB691343CB6098
:10B8000006E0184BDA68BB69DB4316491340CB608E
:10B810003B685B6803F40033002B25D0114B5A685A
:10B820001049BB6913434B6025E000BF0000321094
:10B830000000311000002210000021100000121042
:10B8400000001110001002400000014000080140FB
:10B85000000C01400010014000140140001801409C
:10B86000001C014000040140154B5A68BB69DB43D2
:10B87000134913404B603B685B6803F48033002B33
:10B8800006D00F4B1A680E49BB6913430B6006E0E4
:10B890000B4B1A68BB69DB43094913400B607B6A99
:10B8A00001337B623B681A687B6A22FA03F3002B40
:10B8B0007FF47EAE00BF00BF2C37BD4680BC704712
:10B8C0000004014080B485B000AF78600B467B80F7
:10B8D0007B689A687B881340002B02D00123FB739E
:10B8E00001E00023FB73FB7B18461437BD4680BC88
:10B8F000704780B483B000AF78600B467B801346FE
:10B900007B707B78002B03D07A887B681A6103E018
:10B910007B881A047B681A6100BF0C37BD4680BC67
:10B92000704780B485B000AF78600B467B807B6841
:10B93000DB68FB607A88FB6813401A04FB68D94314
:10B940007B880B401A437B681A6100BF1437BD46E1
:10B9500080BC704780B582B000AF0346FB80084BC7
:10B960005A69FB881340002B06D0054AFB885361B7
:10B97000FB88184600F006F800BF0837BD4680BDBA
:10B980000004014080B483B000AF0346FB8000BFD9
:10B990000C37BD4680BC704780B584B000AF78607E
:10B9A0007B68002B01D101232BE17B6893F83D30AC
:10B9B000DBB2002B06D17B68002283F83C2078683C
:10B9C000FDF714FF7B68242283F83D207B681B6809
:10B9D0001A687B681B6822F001021A607B681B688A
:10B9E0001A687B681B6842F400421A607B681B6817
:10B9F0001A687B681B6822F400421A6002F0F0F9B2
:10BA0000F8607B685B68814A934207D8FB68804A8C
:10BA1000934294BF01230023DBB206E0FB687D4A1A
:10BA2000934294BF01230023DBB2002B01D00123FA
:10BA3000E7E0FB68784AA2FB03239B0CBB607B68B2
:10BA40001B685B6823F03F017B681B68BA680A4388
:10BA50005A607B681B681B6A23F03F017B685B6848
:10BA60006A4A934202D8BB68013309E0BB684FF4CD
:10BA7000967202FB03F3694AA2FB03239B0901337D
:10BA80007A6812680B4313627B681B68DB6923F4D6
:10BA90004F4222F0FF027B685B685C498B4219D8F9
:10BAA000FB68591E7B685B685B00B1FBF3F3591CB4
:10BAB00040F6FC730B40002B0AD0FB68591E7B68D4
:10BAC0005B685B00B1FBF3F30133C3F30B0351E09D
:10BAD00004234FE07B689B68002B11D1FB68581E44
:10BAE0007B6859680B465B000B44B0FBF3F30133F2
:10BAF000C3F30B03002B0CBF01230023DBB212E0C6
:10BB0000FB68581E7B6859680B469B000B449900E4
:10BB10000B44B0FBF3F30133C3F30B03002B0CBF57
:10BB200001230023DBB2002B01D0012322E07B683C
:10BB30009B68002B0ED1FB68581E7B6859680B462A
:10BB40005B000B44B0FBF3F30133C3F30B0343F48B
:10BB500000430FE0FB68581E7B6859680B469B004A
:10BB60000B4499000B44B0FBF3F30133C3F30B0315
:10BB700043F44043796809681343CB617B681B68D1
:10BB80001B6823F0C0017B68DA697B681B6A1A4373
:10BB90007B681B680A431A607B681B689B6823F4F8
:10BBA000034323F0FF037A6811697A68D26811436E
:10BBB0007A6812680B4393607B681B68DB6823F02C
:10BBC000FF017B685A697B689B691A437B681B6825
:10BBD0000A43DA607B681B681A687B681B6842F05E
:10BBE00001021A607B6800221A647B68202283F8B5
:10BBF0003D207B6800221A637B68002283F83E2088
:10BC0000002318461037BD4680BD00BFA086010046
:10BC10007F841E00FF083D0083DE1B43D34D62106E
:10BC200080B588B002AFF8607A601A460B467B8117
:10BC300013463B81FFF762F87861FB6893F83D306B
:10BC4000DBB2202B40F0E0807B69009319230122B6
:10BC50007049F86801F0ACFA0346002B01D00223CA
:10BC6000D3E0FB6893F83C30012B01D10223CCE0F8
:10BC7000FB68012283F83C20FB681B681B6803F00B
:10BC80000103012B07D0FB681B681A68FB681B685F
:10BC900042F001021A60FB681B681A68FB681B68A7
:10BCA00022F400621A60FB68212283F83D20FB68C1
:10BCB000102283F83E20FB6800221A64FB687A6831
:10BCC0005A62FB683A895A85FB685B8D9AB2FB68B9
:10BCD0001A85FB68504ADA6279897B693A6AF868A2
:10BCE00000F098FF0346002B01D001238DE00023D4
:10BCF0003B61FB681B685B693B61FB681B689B6978
:10BD00003B613B6966E07A69396AF86801F06AFB71
:10BD10000346002B0DD0FB681B6C042B07D1FB687E
:10BD20001B681A68FB681B6842F400721A600123E2
:10BD30006BE0FB685B6A1A78FB681B681A61FB683A
:10BD40005B6A5A1CFB685A62FB685B8D9BB2013BC5
:10BD50009AB2FB685A85FB681B8D013B9AB2FB685F
:10BD60001A85FB681B685B6903F00403042B1BD175
:10BD7000FB681B8D002B17D0FB685B6A1A78FB6889
:10BD80001B681A61FB685B6A5A1CFB685A62FB6895
:10BD90005B8D9BB2013B9AB2FB685A85FB681B8D99
:10BDA000013B9AB2FB681A857A69396AF86801F032
:10BDB00061FB0346002B0DD0FB681B6C042B07D1E5
:10BDC000FB681B681A68FB681B6842F400721A6003
:10BDD00001231AE0FB681B8D002B94D1FB681B68C4
:10BDE0001A68FB681B6842F400721A60FB68202224
:10BDF00083F83D20FB68002283F83E20FB68002288
:10BE000083F83C20002300E0022318461837BD4683
:10BE100080BD00BF020010000000FFFF80B58CB0A5
:10BE200002AFF8607A601A460B467B8113463B816D
:10BE300000233B62FEF762FF7862FB6893F83D30B7
:10BE4000DBB2202B40F04B827B6A00931923012246
:10BE50007F49F86801F0ACF90346002B01D00223BA
:10BE60003EE2FB6893F83C30012B01D1022337E21C
:10BE7000FB68012283F83C20FB681B681B6803F009
:10BE80000103012B07D0FB681B681A68FB681B685D
:10BE900042F001021A60FB681B681A68FB681B68A5
:10BEA00022F400621A60FB68222283F83D20FB68BE
:10BEB000102283F83E20FB6800221A64FB687A682F
:10BEC0005A62FB683A895A85FB685B8D9AB2FB68B7
:10BED0001A85FB685F4ADA6279897B6A3A6BF8688F
:10BEE00000F01AFF0346002B01D00123F8E1FB68A4
:10BEF0001B8D002B13D10023FB61FB681B685B6962
:10BF0000FB61FB681B689B69FB61FB69FB681B6845
:10BF10001A68FB681B6842F400721A60CCE1FB6887
:10BF20001B8D012B1ED1FB681B681A68FB681B6800
:10BF300022F480621A6072B600BF0023BB61FB6806
:10BF40001B685B69BB61FB681B689B69BB61BB6964
:10BF5000FB681B681A68FB681B6842F400721A6071
:10BF600062B635E0FB681B8D022B1ED1FB681B6897
:10BF70001A68FB681B6842F400621A6072B600BF60
:10BF800000237B61FB681B685B697B61FB681B6846
:10BF90009B697B617B69FB681B681A68FB681B688F
:10BFA00022F480621A6062B612E0FB681B681A68AD
:10BFB000FB681B6842F480621A6000233B61FB68E7
:10BFC0001B685B693B61FB681B689B693B613B6964
:10BFD00072E1FB681B8D032B00F21F81FB681B8D38
:10BFE000012B23D17A6A396BF86801F08BFA03468A
:10BFF000002B01D0012373E1FB681B681A69FB6801
:10C000005B6AD2B21A70FB685B6A5A1CFB685A62A0
:10C01000FB681B8D013B9AB2FB681A85FB685B8D40
:10C020009BB2013B9AB2FB685A8545E1FB681B8DC8
:10C03000022B52D17B6A00933B6B00220649F868C1
:10C0400001F0B6F80346002B08D0012348E100BFF9
:10C05000020010000000FFFF0400010072B600BFE4
:10C06000FB681B681A68FB681B6842F400721A6060
:10C07000FB681B681A69FB685B6AD2B21A70FB68BE
:10C080005B6A5A1CFB685A62FB681B8D013B9AB2C3
:10C09000FB681A85FB685B8D9BB2013B9AB2FB681B
:10C0A0005A8562B600BFFB681B681A69FB685B6A49
:10C0B000D2B21A70FB685B6A5A1CFB685A62FB6852
:10C0C0001B8D013B9AB2FB681A85FB685B8D9BB2A6
:10C0D000013B9AB2FB685A85EEE07B6A00933B6BAA
:10C0E00000228149F86801F063F80346002B01D073
:10C0F0000123F5E0FB681B681A68FB681B6822F4E3
:10C1000080621A6072B600BFFB681B681A69FB6820
:10C110005B6AD2B21A70FB685B6A5A1CFB685A628F
:10C12000FB681B8D013B9AB2FB681A85FB685B8D2F
:10C130009BB2013B9AB2FB685A856C4B1B68DB08CB
:10C140006B4AA2FB03231A0A13469B001344DA002E
:10C15000D31A3B623B6A013B3B623B6A002B18D11E
:10C16000FB6800221A63FB68202283F83D20FB68ED
:10C17000002283F83E20FB681B6C43F02002FB6822
:10C180001A6462B600BFFB68002283F83C200123DA
:10C19000A6E0FB681B685B6903F00403042BD9D19C
:10C1A000FB681B681A68FB681B6842F400721A601F
:10C1B000FB681B681A69FB685B6AD2B21A70FB687D
:10C1C0005B6A5A1CFB685A62FB681B8D013B9AB282
:10C1D000FB681A85FB685B8D9BB2013B9AB2FB68DA
:10C1E0005A8562B600BFFB681B681A69FB685B6A08
:10C1F000D2B21A70FB685B6A5A1CFB685A62FB6811
:10C200001B8D013B9AB2FB681A85FB685B8D9BB264
:10C21000013B9AB2FB685A854EE07A6A396BF8683E
:10C2200001F070F90346002B01D0012358E0FB68B0
:10C230001B681A69FB685B6AD2B21A70FB685B6A9A
:10C240005A1CFB685A62FB681B8D013B9AB2FB6863
:10C250001A85FB685B8D9BB2013B9AB2FB685A85DD
:10C26000FB681B685B6903F00403042B24D1FB68A3
:10C270001B8D032B07D1FB681B681A68FB681B68C2
:10C2800022F480621A60FB681B681A69FB685B6AAB
:10C29000D2B21A70FB685B6A5A1CFB685A62FB6870
:10C2A0001B8D013B9AB2FB681A85FB685B8D9BB2C4
:10C2B000013B9AB2FB685A85FB681B8D002B7FF40B
:10C2C00088AEFB68202283F83D20FB68002283F8BB
:10C2D0003E20FB68002283F83C20002300E002237C
:10C2E00018462837BD4680BD040001004C000020E0
:10C2F00089B5F81480B588B002AFF86008461146D9
:10C300001A4603467B810B463B811346FB80FEF7B2
:10C31000F5FC7861FB6893F83D30DBB2202B40F0F0
:10C32000D9807B690093192301226D49F86800F0D8
:10C330003FFF0346002B01D00223CCE0FB6893F8BB
:10C340003C30012B01D10223C5E0FB68012283F8B8
:10C350003C20FB681B681B6803F00103012B07D01E
:10C36000FB681B681A68FB681B6842F001021A60D0
:10C37000FB681B681A68FB681B6822F400621A607D
:10C38000FB68212283F83D20FB68402283F83E2091
:10C39000FB6800221A64FB683A6A5A62FB68BA8C2E
:10C3A0005A85FB685B8D9AB2FB681A85FB684D4A1B
:10C3B000DA62F8883A8979897B690193BB6A0093CC
:10C3C0000346F86800F076FD0346002B52D00123A7
:10C3D00081E07A69B96AF86801F004F80346002B35
:10C3E0000DD0FB681B6C042B07D1FB681B681A6817
:10C3F000FB681B6842F400721A6001236BE0FB6863
:10C400005B6A1A78FB681B681A61FB685B6A5A1CD6
:10C41000FB685A62FB681B8D013B9AB2FB681A8568
:10C42000FB685B8D9BB2013B9AB2FB685A85FB6847
:10C430001B685B6903F00403042B1BD1FB681B8D95
:10C44000002B17D0FB685B6A1A78FB681B681A61BF
:10C45000FB685B6A5A1CFB685A62FB681B8D013BD8
:10C460009AB2FB681A85FB685B8D9BB2013B9AB25E
:10C47000FB685A85FB681B8D002BAAD17A69B96AC3
:10C48000F86800F0F7FF0346002B0DD0FB681B6C2B
:10C49000042B07D1FB681B681A68FB681B6842F411
:10C4A00000721A60012316E0FB681B681A68FB68BB
:10C4B0001B6842F400721A60FB68202283F83D205A
:10C4C000FB68002283F83E20FB68002283F83C20B2
:10C4D000002300E0022318461837BD4680BD00BF88
:10C4E000020010000000FFFF80B58CB002AFF860C2
:10C4F000084611461A4603467B810B463B8113468C
:10C50000FB8000233B62FEF7F9FB7862FB6893F83F
:10C510003D30DBB2202B40F044827B6A009319232C
:10C5200001228249F86800F043FE0346002B01D047
:10C53000022337E2FB6893F83C30012B01D1022340
:10C5400030E2FB68012283F83C20FB681B681B6813
:10C5500003F00103012B07D0FB681B681A68FB6816
:10C560001B6842F001021A60FB681B681A68FB68CE
:10C570001B6822F400621A60FB68222283F83D20C7
:10C58000FB68402283F83E20FB6800221A64FB68A7
:10C590003A6B5A62FB68BA8E5A85FB685B8D9AB219
:10C5A000FB681A85FB68624ADA62F8883A897989F9
:10C5B0007B6A0193BB6B00930346F86800F010FDA3
:10C5C0000346002B01D00123ECE1FB681B8D002BFF
:10C5D00013D10023FB61FB681B685B69FB61FB688F
:10C5E0001B689B69FB61FB69FB681B681A68FB6839
:10C5F0001B6842F400721A60C0E1FB681B8D012BBE
:10C600001ED1FB681B681A68FB681B6822F48062F5
:10C610001A6072B600BF0023BB61FB681B685B69D0
:10C62000BB61FB681B689B69BB61BB69FB681B68DE
:10C630001A68FB681B6842F400721A6062B635E043
:10C64000FB681B8D022B1ED1FB681B681A68FB68F8
:10C650001B6842F400621A6072B600BF00237B615F
:10C66000FB681B685B697B61FB681B689B697B617E
:10C670007B69FB681B681A68FB681B6822F4806290
:10C680001A6062B612E0FB681B681A68FB681B68D8
:10C6900042F480621A6000233B61FB681B685B699F
:10C6A0003B61FB681B689B693B613B6966E1FB681A
:10C6B0001B8D032B00F21F81FB681B8D012B23D1E7
:10C6C0007A6AB96BF86800F01DFF0346002B01D0B1
:10C6D000012367E1FB681B681A69FB685B6AD2B2D9
:10C6E0001A70FB685B6A5A1CFB685A62FB681B8DF8
:10C6F000013B9AB2FB681A85FB685B8D9BB2013BDC
:10C700009AB2FB685A8539E1FB681B8D022B52D126
:10C710007B6A0093BB6B00220649F86800F048FD75
:10C720000346002B08D001233CE100BF02001000AB
:10C730000000FFFF0400010072B600BFFB681B6829
:10C740001A68FB681B6842F400721A60FB681B6879
:10C750001A69FB685B6AD2B21A70FB685B6A5A1C82
:10C76000FB685A62FB681B8D013B9AB2FB681A8515
:10C77000FB685B8D9BB2013B9AB2FB685A8562B63F
:10C7800000BFFB681B681A69FB685B6AD2B21A704B
:10C79000FB685B6A5A1CFB685A62FB681B8D013B95
:10C7A0009AB2FB681A85FB685B8D9BB2013B9AB21B
:10C7B000FB685A85E2E07B6A0093BB6B00227B49F1
:10C7C000F86800F0F5FC0346002B01D00123E9E0F6
:10C7D000FB681B681A68FB681B6822F480621A6099
:10C7E00072B600BFFB681B681A69FB685B6AD2B24D
:10C7F0001A70FB685B6A5A1CFB685A62FB681B8DE7
:10C80000013B9AB2FB681A85FB685B8D9BB2013BCA
:10C810009AB2FB685A85664B1B68DB08654AA2FB27
:10C8200003231A0A13469B001344DA00D31A3B620F
:10C830003B6A013B3B623B6A002B18D1FB6800223C
:10C840001A63FB68202283F83D20FB68002283F8EE
:10C850003E20FB681B6C43F02002FB681A6462B642
:10C8600000BFFB68002283F83C2001239AE0FB68AC
:10C870001B685B6903F00403042BD9D1FB681B68B8
:10C880001A68FB681B6842F400721A60FB681B6838
:10C890001A69FB685B6AD2B21A70FB685B6A5A1C41
:10C8A000FB685A62FB681B8D013B9AB2FB681A85D4
:10C8B000FB685B8D9BB2013B9AB2FB685A8562B6FE
:10C8C00000BFFB681B681A69FB685B6AD2B21A700A
:10C8D000FB685B6A5A1CFB685A62FB681B8D013B54
:10C8E0009AB2FB681A85FB685B8D9BB2013B9AB2DA
:10C8F000FB685A8542E07A6AB96BF86800F002FE7C
:10C900000346002B01D001234CE0FB681B681A6929
:10C91000FB685B6AD2B21A70FB685B6A5A1CFB68E0
:10C920005A62FB681B8D013B9AB2FB681A85FB6853
:10C930005B8D9BB2013B9AB2FB685A85FB681B6812
:10C940005B6903F00403042B18D1FB681B681A69A8
:10C95000FB685B6AD2B21A70FB685B6A5A1CFB68A0
:10C960005A62FB681B8D013B9AB2FB681A85FB6813
:10C970005B8D9BB2013B9AB2FB685A85FB681B8DAD
:10C98000002B7FF494AEFB68202283F83D20FB68E7
:10C99000002283F83E20FB68002283F83C2000231D
:10C9A00000E0022318462837BD4680BD0400010080
:10C9B0004C00002089B5F81480B58AB002AFF86049
:10C9C0007A603B600B467B81FEF798F9F8610023A3
:10C9D000BB61FB6893F83D30DBB2202B40F0118146
:10C9E000FB690093192301228849F86800F0E0FBF5
:10C9F0000346002B01D0022304E1FB6893F83C308E
:10CA0000012B01D10223FDE0FB68012283F83C20C9
:10CA1000FB681B681B6803F00103012B07D0FB6850
:10CA20001B681A68FB681B6842F001021A60FB6809
:10CA30001B681A68FB681B6822F400621A60FB68B6
:10CA4000242283F83D20FB6800221A64FB68704AA8
:10CA5000DA62FB681B681A68FB681B6842F4807224
:10CA60001A60FB6900933B6800224FF00111F868DF
:10CA700000F09EFB0346002B0DD0FB681B681B6873
:10CA800003F48073B3F5807F03D1FB684FF4007229
:10CA90001A640323B6E07B89DBB21A46FB681B6885
:10CAA00002F0FE021A61FEF729F9F861FB681B68C3
:10CAB0005B6903F00203022B0CBF01230023DBB2EE
:10CAC000FB75FB681B685B6903F48063B3F5806FDB
:10CAD0000CBF01230023DBB2BB7525E0FEF70EF986
:10CAE0000246FB69D31A3A689A4202D33B68002B8C
:10CAF00003D1FB68A02283F83D20FB681B685B69BB
:10CB000003F00203022B0CBF01230023DBB2FB75F1
:10CB1000FB681B685B6903F48063B3F5806F0CBF2F
:10CB200001230023DBB2BB75FB6893F83D30DBB219
:10CB3000A02B05D0FB7D002B02D1BB7D002BCDD0DF
:10CB4000FB68202283F83D20FB681B685B6903F0CB
:10CB50000203022B29D1FB681B681A68FB681B685B
:10CB600042F400721A6000233B61FB681B685B693A
:10CB70003B61FB681B689B693B613B69FB690093F8
:10CB8000192301222149F86800F012FB0346002B0B
:10CB900001D0012336E0FB68202283F83D20FB68AA
:10CBA000002283F83C2000232CE0FB681B681A68F5
:10CBB000FB681B6842F400721A60FB681B686FF424
:10CBC00080625A61FB690093192301220F49F868BA
:10CBD00000F0EEFA0346002B01D0012312E0BB69FE
:10CBE0000133BB61BA697B689A42FFF432AFFB68DC
:10CBF000202283F83D20FB68002283F83C2001239B
:10CC000000E0022318462037BD4680BD0200100018
:10CC10000000FFFF80B588B002AFF8607A603B602B
:10CC20000B467B81FB68DB6A7B617B69082B06D046
:10CC30007B69012B03D07B6913F5803F08D1FB682A
:10CC40001B681A68FB681B6842F480721A600BE06C
:10CC5000FB681B6B122B07D1FB681B681A68FB680B
:10CC60001B6842F480721A603B6800937B68002264
:10CC70004FF00111F86800F09BFA0346002B0DD02D
:10CC8000FB681B681B6803F48073B3F5807F03D1D6
:10CC9000FB684FF400721A64032335E0FB681B69DC
:10CCA000B3F5804F08D17B89DBB21A46FB681B685D
:10CCB00002F0FE021A611BE07B89DB11DBB203F09C
:10CCC0000603DBB263F00F03DAB2FB681B681A617C
:10CCD0003B687A680E49F86800F0E4FA0346002BD6
:10CCE00001D0012310E07B89DAB2FB681B681A616E
:10CCF0003B687A680749F86800F0D4FA0346002BCD
:10CD000001D0012300E0002318461837BD4680BD3E
:10CD1000080001000200010080B588B002AFF86091
:10CD20007A603B600B467B81FB68DB6A7B61FB685A
:10CD30001B681A68FB681B6842F480621A607B6992
:10CD4000082B06D07B69012B03D07B6913F5803F4C
:10CD500008D1FB681B681A68FB681B6842F4807284
:10CD60001A600BE0FB681B6B112B07D1FB681B687B
:10CD70001A68FB681B6842F480721A603B68009373
:10CD80007B6800224FF00111F86800F011FA0346A9
:10CD9000002B0DD0FB681B681B6803F48073B3F590
:10CDA000807F03D1FB684FF400721A64032379E09B
:10CDB000FB681B69B3F5804F08D17B89DBB243F078
:10CDC0000103DAB2FB681B681A615FE07B89DB1143
:10CDD000DBB203F00603DBB263F00F03DAB2FB68E9
:10CDE0001B681A613B687A683049F86800F05AFAA3
:10CDF0000346002B01D0012354E07B89DAB2FB68A3
:10CE00001B681A613B687A682949F86800F04AFA99
:10CE10000346002B01D0012344E000233B61FB6863
:10CE20001B685B693B61FB681B689B693B613B69F5
:10CE3000FB681B681A68FB681B6842F480721A6002
:10CE40003B6800937B6800224FF00111F86800F006
:10CE5000AFF90346002B0DD0FB681B681B6803F479
:10CE60008073B3F5807F03D1FB684FF400721A64BE
:10CE7000032317E07B89DB11DBB203F00603DBB28F
:10CE800063F00E03DAB2FB681B681A613B687A68CC
:10CE90000749F86800F006FA0346002B01D0012389
:10CEA00000E0002318461837BD4680BD0800010089
:10CEB0000200010080B588B002AFF8600846114654
:10CEC0001A4603467B810B463B811346FB80FB6879
:10CED0001B681A68FB681B6842F480721A607B6AE0
:10CEE00000933B6A00224FF00111F86800F060F9EE
:10CEF0000346002B0DD0FB681B681B6803F480738E
:10CF0000B3F5807F03D1FB684FF400721A640323EA
:10CF10005FE07B89DBB21A46FB681B6802F0FE0209
:10CF20001A617B6A3A6A2D49F86800F0BBF903463A
:10CF3000002B01D001234CE000237B61FB681B68C0
:10CF40005B697B61FB681B689B697B617B697A6AB3
:10CF5000396AF86800F046FA0346002B0DD0FB68EA
:10CF60001B6C042B07D1FB681B681A68FB681B68E5
:10CF700042F400721A6001232BE0FB88012B05D1DB
:10CF80003B89DAB2FB681B681A6121E03B891B0A06
:10CF90009BB2DAB2FB681B681A617A6A396AF86870
:10CFA00000F020FA0346002B0DD0FB681B6C042B0D
:10CFB00007D1FB681B681A68FB681B6842F40072A3
:10CFC0001A60012305E03B89DAB2FB681B681A612D
:10CFD000002318461837BD4680BD00BF020001007F
:10CFE00080B588B002AFF860084611461A4603467D
:10CFF0007B810B463B811346FB80FB681B681A68EC
:10D00000FB681B6842F480621A60FB681B681A6840
:10D01000FB681B6842F480721A607B6A00933B6A6B
:10D0200000224FF00111F86800F0C2F80346002B0F
:10D030000DD0FB681B681B6803F48073B3F5807F19
:10D0400003D1FB684FF400721A640323AAE07B89C2
:10D05000DBB21A46FB681B6802F0FE021A617B6AAB
:10D060003A6A5249F86800F01DF90346002B01D0D6
:10D07000012397E000237B61FB681B685B697B6190
:10D08000FB681B689B697B617B697A6A396AF8680F
:10D0900000F0A8F90346002B0DD0FB681B6C042B95
:10D0A00007D1FB681B681A68FB681B6842F40072B2
:10D0B0001A60012376E0FB88012B05D13B89DAB2A7
:10D0C000FB681B681A6121E03B891B0A9BB2DAB23C
:10D0D000FB681B681A617A6A396AF86800F082F99D
:10D0E0000346002B0DD0FB681B6C042B07D1FB689B
:10D0F0001B681A68FB681B6842F400721A600123FF
:10D1000050E03B89DAB2FB681B681A617A6A396AB7
:10D11000F86800F067F90346002B0DD0FB681B6C24
:10D12000042B07D1FB681B681A68FB681B6842F474
:10D1300000721A60012335E0FB681B681A68FB68FF
:10D140001B6842F480721A607B6A00933B6A00227B
:10D150004FF00111F86800F02BF80346002B0DD0BA
:10D16000FB681B681B6803F48073B3F5807F03D1F1
:10D17000FB684FF400721A64032313E07B89DBB26F
:10D1800043F00103DAB2FB681B681A617B6A3A6AF2
:10D190000649F86800F086F80346002B01D0012309
:10D1A00000E0002318461837BD4680BD020001008C
:10D1B00080B584B000AFF860B9603B601346FB7186
:10D1C00048E03B68B3F1FF3F44D0FDF797FD0246CE
:10D1D000BB69D31A3A689A4202D33B68002B39D113
:10D1E000BB681B0CDBB2012B0DD1FB681B685B69B4
:10D1F000DA43BB6813409BB2002B0CBF0123002312
:10D20000DBB21A460CE0FB681B689B69DA43BB681B
:10D2100013409BB2002B0CBF01230023DBB21A4644
:10D22000FB799A4216D1FB6800221A63FB68202220
:10D2300083F83D20FB68002283F83E20FB681B6CCE
:10D2400043F02002FB681A64FB68002283F83C204C
:10D25000012323E0BB681B0CDBB2012B0DD1FB6863
:10D260001B685B69DA43BB6813409BB2002B0CBFA1
:10D2700001230023DBB21A460CE0FB681B689B69A4
:10D28000DA43BB6813409BB2002B0CBF0123002381
:10D29000DBB21A46FB799A4293D000231846103726
:10D2A000BD4680BD80B584B000AFF860B9607A60DB
:10D2B0003B6071E0FB681B685B6903F48063B3F556
:10D2C000806F23D1FB681B681A68FB681B6842F4F7
:10D2D00000721A60FB681B686FF480625A61FB6819
:10D2E00000221A63FB68202283F83D20FB6800229D
:10D2F00083F83E20FB681B6C43F00402FB681A6451
:10D30000FB68002283F83C20012367E07B68B3F1CF
:10D31000FF3F41D0FDF7F2FC02463B68D31A7A6822
:10D320009A4202D37B68002B36D1BB681B0CDBB260
:10D33000012B0CD1FB681B685B69DA43BB681340A7
:10D340009BB2002B14BF01230023DBB20BE0FB6870
:10D350001B689B69DA43BB6813409BB2002B14BF68
:10D3600001230023DBB2002B16D0FB6800221A63D6
:10D37000FB68202283F83D20FB68002283F83E20D2
:10D38000FB681B6C43F02002FB681A64FB680022F8
:10D3900083F83C20012321E0BB681B0CDBB2012B8E
:10D3A0000CD1FB681B685B69DA43BB6813409BB216
:10D3B000002B14BF01230023DBB20BE0FB681B68CA
:10D3C0009B69DA43BB6813409BB2002B14BF012357
:10D3D0000023DBB2002B7FF46DAF0023184610371B
:10D3E000BD4680BD80B584B000AFF860B9607A609A
:10D3F00034E0F86800F0E3F80346002B01D0012385
:10D4000034E0BB68B3F1FF3F28D0FDF777FC02465C
:10D410007B68D31ABA689A4202D3BB68002B1DD12D
:10D42000FB681B685B6903F08003802B16D0FB68E8
:10D4300000221A63FB68202283F83D20FB6800224B
:10D4400083F83E20FB681B6C43F02002FB681A64E3
:10D45000FB68002283F83C20012307E0FB681B687F
:10D460005B6903F08003802BC3D10023184610377B
:10D47000BD4680BD80B584B000AFF860B9607A6009
:10D4800034E0F86800F09BF80346002B01D001233C
:10D4900034E0BB68B3F1FF3F28D0FDF72FFC024614
:10D4A0007B68D31ABA689A4202D3BB68002B1DD19D
:10D4B000FB681B685B6903F00403042B16D0FB6850
:10D4C00000221A63FB68202283F83D20FB680022BB
:10D4D00083F83E20FB681B6C43F02002FB681A6453
:10D4E000FB68002283F83C20012307E0FB681B68EF
:10D4F0005B6903F00403042BC3D1002318461037E3
:10D50000BD4680BD80B584B000AFF860B9607A6078
:10D5100049E0FB681B685B6903F01003102B19D10D
:10D52000FB681B686FF010025A61FB6800221A63E7
:10D53000FB68202283F83D20FB68002283F83E2010
:10D54000FB681A6CFB681A64FB68002283F83C20B5
:10D55000012330E0FDF7D2FB02467B68D31ABA689C
:10D560009A4202D3BB68002B1DD1FB681B685B6924
:10D5700003F04003402B16D0FB6800221A63FB68BF
:10D58000202283F83D20FB68002283F83E20FB68C0
:10D590001B6C43F02002FB681A64FB68002283F8CE
:10D5A0003C20012307E0FB681B685B6903F0400334
:10D5B000402BAED1002318461037BD4680BD80B445
:10D5C00083B000AF78607B681B685B6903F480639D
:10D5D000B3F5806F1BD17B681B686FF480625A6162
:10D5E0007B6800221A637B68202283F83D207B68D9
:10D5F000002283F83E207B681B6C43F004027B68AA
:10D600001A647B68002283F83C20012300E0002399
:10D6100018460C37BD4680BC7047000080B400AF90
:10D62000034B01221A6000BFBD4680BC704700BF9B
:10D6300020000E4280B400AF034B00221A6000BFEE
:10D64000BD4680BC704700BF20000E4280B586B04A
:10D6500000AF78607B68002B01D1012372E27B6808
:10D660001B6803F00103002B00F08780924B5B687E
:10D6700003F00C03042B0CD08F4B5B6803F00C03FE
:10D68000082B12D18C4B5B6803F48033B3F5803FD9
:10D690000BD1894B1B6803F40033002B6CD07B68E3
:10D6A0005B68002B68D101234CE27B685B68B3F5B3
:10D6B000803F06D1804B1B687F4A43F48033136060
:10D6C0002EE07B685B68002B0CD17B4B1B687A4A91
:10D6D00023F480331360784B1B68774A23F480234C
:10D6E00013601DE07B685B68B3F5A02F0CD1724B13
:10D6F0001B68714A43F4802313606F4B1B686E4AAA
:10D7000043F4803313600BE06B4B1B686A4A23F4CD
:10D7100080331360684B1B68674A23F480231360CF
:10D720007B685B68002B13D0FDF7E8FA386108E0EE
:10D73000FDF7E4FA02463B69D31A642B01D90323AF
:10D7400000E25D4B1B6803F40033002BF0D014E0C3
:10D75000FDF7D4FA386108E0FDF7D0FA02463B69DC
:10D76000D31A642B01D90323ECE1534B1B6803F458
:10D770000033002BF0D100E000BF7B681B6803F092
:10D780000203002B63D04C4B5B6803F00C03002BAF
:10D790000BD0494B5B6803F00C03082B1CD1464BA4
:10D7A0005B6803F48033002B16D1434B1B6803F0F6
:10D7B0000203002B05D07B681B69012B01D00123DC
:10D7C000C0E13D4B1B6823F0F8027B685B69DB001E
:10D7D000394913430B603AE07B681B69002B20D06A
:10D7E000364B01221A60FDF789FA386108E0FDF72F
:10D7F00085FA02463B69D31A022B01D90323A1E122
:10D800002D4B1B6803F00203002BF0D02A4B1B6842
:10D8100023F0F8027B685B69DB00274913430B6048
:10D8200015E0264B00221A60FDF768FA386108E01F
:10D83000FDF764FA02463B69D31A022B01D9032390
:10D8400080E11D4B1B6803F00203002BF0D17B68C5
:10D850001B6803F00803002B3AD07B689B69002B00
:10D8600019D0174B01221A60FDF748FA386108E019
:10D87000FDF744FA02463B69D31A022B01D9032370
:10D8800060E10D4B5B6A03F00203002BF0D0012036
:10D8900000F0FEFA1CE00A4B00221A60FDF72EFA97
:10D8A00038610FE0FDF72AFA02463B69D31A022BD2
:10D8B00008D9032346E100BF0010024000004242A5
:10D8C00080044242924B5B6A03F00203002BE9D1D1
:10D8D0007B681B6803F00403002B00F0A680002384
:10D8E000FB758B4BDB6903F08053002B0DD1884B0C
:10D8F000DB69874A43F08053D361854BDB6903F0D2
:10D900008053BB60BB680123FB75824B1B6803F42B
:10D910008073002B18D17F4B1B687E4A43F48073C1
:10D920001360FDF7EBF9386108E0FDF7E7F902460F
:10D930003B69D31A642B01D9032303E1754B1B68A0
:10D9400003F48073002BF0D07B68DB68012B06D1D9
:10D950006F4B1B6A6E4A43F0010313622DE07B6834
:10D96000DB68002B0CD16A4B1B6A694A23F0010368
:10D970001362674B1B6A664A23F0040313621CE0C0
:10D980007B68DB68052B0CD1614B1B6A604A43F056
:10D99000040313625E4B1B6A5D4A43F0010313628A
:10D9A0000BE05B4B1B6A5A4A23F001031362584B8E
:10D9B0001B6A574A23F0040313627B68DB68002B61
:10D9C00015D0FDF79BF938610AE0FDF797F902469B
:10D9D0003B69D31A41F28832934201D90323B1E063
:10D9E0004B4B1B6A03F00203002BEED014E0FDF753
:10D9F00085F938610AE0FDF781F902463B69D31ADF
:10DA000041F28832934201D903239BE0404B1B6AC9
:10DA100003F00203002BEED1FB7D012B05D13C4B23
:10DA2000DB693B4A23F08053D3617B68DB69002BC1
:10DA300000F08780364B5B6803F00C03082B61D045
:10DA40007B68DB69022B46D1334B00221A60FDF75D
:10DA500055F9386108E0FDF751F902463B69D31AE0
:10DA6000022B01D903236DE0294B1B6803F00073DF
:10DA7000002BF0D17B681B6AB3F5803F08D1244BA3
:10DA80005B6823F400327B689B68214913434B6039
:10DA90001F4B5B6823F474127B68196A7B685B6AAE
:10DAA0000B431B4913434B601B4B01221A60FDF7CC
:10DAB00025F9386108E0FDF721F902463B69D31AE0
:10DAC000022B01D903233DE0114B1B6803F00073C7
:10DAD000002BF0D035E0104B00221A60FDF70EF954
:10DAE000386108E0FDF70AF902463B69D31A022BB8
:10DAF00001D9032326E0064B1B6803F00073002BBB
:10DB0000F0D11EE07B68DB69012B07D1012319E00E
:10DB10000010024000700040600042420B4B5B6806
:10DB2000FB60FB6803F480327B681B6A9A4206D173
:10DB3000FB6803F470127B685B6A9A4201D0012390
:10DB400000E0002318461837BD4680BD0010024093
:10DB500080B584B000AF786039607B68002B01D15C
:10DB60000123D0E06A4B1B6803F007033A689A422E
:10DB700010D9674B1B6823F0070265493B681343C4
:10DB80000B60634B1B6803F007033A689A4201D0AD
:10DB90000123B8E07B681B6803F00203002B20D050
:10DBA0007B681B6803F00403002B05D0594B5B68AE
:10DBB000584A43F4E06353607B681B6803F0080332
:10DBC000002B05D0534B5B68524A43F460535360BB
:10DBD000504B5B6823F0F0027B689B684D49134310
:10DBE0004B607B681B6803F00103002B40D07B680F
:10DBF0005B68012B07D1474B1B6803F40033002BF4
:10DC000015D101237FE07B685B68022B07D1414B74
:10DC10001B6803F00073002B09D1012373E03D4B17
:10DC20001B6803F00203002B01D101236BE0394B89
:10DC30005B6823F003027B685B68364913434B60E3
:10DC4000FDF75CF8F8600AE0FDF758F80246FB685B
:10DC5000D31A41F28832934201D9032353E02D4B6A
:10DC60005B6803F00C027B685B689B009A42EBD117
:10DC7000274B1B6803F007033A689A4210D2244BE3
:10DC80001B6823F0070222493B6813430B60204BBB
:10DC90001B6803F007033A689A4201D0012332E07F
:10DCA0007B681B6803F00403002B08D0194B5B68EA
:10DCB00023F4E0627B68DB68164913434B607B68A2
:10DCC0001B6803F00803002B09D0124B5B6823F498
:10DCD00060527B681B69DB000E4913434B6000F008
:10DCE00021F802460B4B5B681B0903F00F030A493E
:10DCF000CB5C22FA03F3094A1360094B1B681846F0
:10DD0000FCF738FE002318461037BD4680BD00BF23
:10DD10000020024000100240E47805084C0000207A
:10DD20005000002080B487B000AF0023FB600023C8
:10DD3000BB6000237B6100237B6000233B611E4BA3
:10DD40005B68FB60FB6803F00C03042B02D0082B1C
:10DD500003D027E0194B3B6127E0FB689B0C03F0E5
:10DD60000F03174AD35C7B60FB6803F48033002BFE
:10DD700010D0114B5B685B0C03F00103114AD35CBC
:10DD8000BB607B680D4A03FB02F2BB68B2FBF3F396
:10DD90007B6104E07B680C4A02FB03F37B617B69D7
:10DDA0003B6102E0054B3B6100BF3B6918461C37F5
:10DDB000BD4680BC704700BF0010024000127A00D0
:10DDC000FC7805080C79050800093D0080B400AF17
:10DDD000024B1B681846BD4680BC70474C000020B3
:10DDE00080B500AFFFF7F2FF0246054B5B681B0AE8
:10DDF00003F007030349CB5C22FA03F3184680BD06
:10DE000000100240F478050880B500AFFFF7DEFF90
:10DE10000246054B5B68DB0A03F007030349CB5C52
:10DE200022FA03F3184680BD00100240F47805087A
:10DE300080B483B000AF786039607B680F221A60CD
:10DE4000114B5B6803F003027B685A600E4B5B6802
:10DE500003F0F0027B689A600B4B5B6803F4E062AE
:10DE60007B68DA60084B5B68DB0803F4E0627B6880
:10DE70001A61064B1B6803F007023B681A6000BF7B
:10DE80000C37BD4680BC70470010024000200240A5
:10DE900080B485B000AF78600A4B1B680A4AA2FBC9
:10DEA00003235B0A7A6802FB03F3FB6000BFFB6895
:10DEB0005A1EFA60002BF9D100BF00BF1437BD46CF
:10DEC00080BC70474C000020D34D621080B588B0F4
:10DED00000AF786000237B610023FB6100233B617E
:10DEE0000023FB600023BB617B68013B0F2B00F22A
:10DEF000AF8001A252F823F0CFDF040835E0040818
:10DF000051E00408BFDF040851E0040851E00408B0
:10DF100051E00408C7DF040851E0040851E0040898
:10DF200051E0040851E0040851E0040851E00408FD
:10DF300051E0040839DF04084A4B5B68FB60494B39
:10DF40001B6803F08073002B00F08480FB689B0C3F
:10DF500003F00F03444AD35C3B61FB6803F4803356
:10DF6000002B15D03F4B5B685B0C03F001033F4A6D
:10DF7000D35C7B61FB6803F48033002B0DD03C4AFB
:10DF80007B69B2FBF3F23B6902FB03F3FB6104E044
:10DF90003B69384A02FB03F3FB61324B5B6803F4D5
:10DFA0008003B3F5800F02D1FB69BB6152E0FB69CE
:10DFB0005B00314AA2FB03235B08BB614AE0FFF729
:10DFC000B1FEB86149E0FFF7ADFEB86145E0254B11
:10DFD0001B6AFB60FB6803F44073B3F5807F08D1D4
:10DFE000FB6803F00203002B03D04FF40043BB6136
:10DFF0001FE0FB6803F44073B3F5007F09D1194BB0
:10E000005B6A03F00203002B03D049F64043BB6177
:10E010000FE0FB6803F44073B3F5407F1CD1114B54
:10E020001B6803F40033002B16D04FF22443BB616E
:10E0300012E011E0FFF7E8FE02460A4B5B689B0B1B
:10E0400003F0030301335B00B2FBF3F3BB6104E0B5
:10E0500000BF02E000BF00E000BFBB6918462037E8
:10E06000BD4680BD001002401079050820790508E2
:10E0700000127A0000093D00ABAAAAAA80B582B0BE
:10E0800000AF78607B68002B01D1012341E07B6801
:10E0900093F83D30DBB2002B06D17B68002283F879
:10E0A0003C207868FBF7BAFC7B68022283F83D20AD
:10E0B0007B681A687B6804331946104600F01AFE24
:10E0C0007B68012283F846207B68012283F83E208A
:10E0D0007B68012283F83F207B68012283F840207F
:10E0E0007B68012283F841207B68012283F842206B
:10E0F0007B68012283F843207B68012283F8442057
:10E100007B68012283F845207B68012283F83D204B
:10E11000002318460837BD4680BD80B483B000AFE9
:10E1200078607B681B681A6A41F211131340002B58
:10E130000FD17B681B681A6A40F244431340002BDE
:10E1400007D17B681B681A687B681B6822F0010294
:10E150001A607B68012283F83D20002318460C37A3
:10E16000BD4680BC7047000080B485B000AF7860C9
:10E170007B6893F83D30DBB2012B01D0012344E0F2
:10E180007B68022283F83D207B681B68DA687B6825
:10E190001B6842F00102DA607B681B681D4A9342EB
:10E1A00018D07B681B681C4A934213D07B681B689D
:10E1B000B3F1804F0ED07B681B68184A934209D098
:10E1C0007B681B68164A934204D07B681B68154A1B
:10E1D000934211D17B681B689B6803F00703FB60C7
:10E1E000FB68062B10D07B681B681A687B681B686D
:10E1F00042F001021A6007E07B681B681A687B68BE
:10E200001B6842F001021A60002318461437BD460D
:10E2100080BC7047002C01400034014000040040E5
:10E2200000080040000C004080B582B000AF78606C
:10E230007B68002B01D1012341E07B6893F83D30DE
:10E24000DBB2002B06D17B68002283F83C20786883
:10E25000FBF7AAFB7B68022283F83D207B681A68E3
:10E260007B6804331946104600F044FD7B680122A8
:10E2700083F846207B68012283F83E207B680122D8
:10E2800083F83F207B68012283F840207B680122CD
:10E2900083F841207B68012283F842207B680122B9
:10E2A00083F843207B68012283F844207B680122A5
:10E2B00083F845207B68012283F83D20002318461F
:10E2C0000837BD4680BD000080B584B000AF7860DF
:10E2D00039603B68002B09D17B6893F83E30DBB294
:10E2E000012B14BF01230023DBB222E03B68042B87
:10E2F00009D17B6893F83F30DBB2012B14BF0123B7
:10E300000023DBB215E03B68082B09D17B6893F84A
:10E310004030DBB2012B14BF01230023DBB208E045
:10E320007B6893F84130DBB2012B14BF012300233B
:10E33000DBB2002B01D0012372E03B68002B04D13B
:10E340007B68022283F83E2013E03B68042B04D153
:10E350007B68022283F83F200BE03B68082B04D146
:10E360007B68022283F8402003E07B68022283F866
:10E3700041207B681B6801223968184600F0F9FFCC
:10E380007B681B68284A934204D07B681B68274A35
:10E39000934201D1012300E00023002B07D07B68CA
:10E3A0001B685A6C7B681B6842F400425A647B68A5
:10E3B0001B681D4A934218D07B681B681B4A934216
:10E3C00013D07B681B68B3F1804F0ED07B681B684D
:10E3D000174A934209D07B681B68164A934204D0BF
:10E3E0007B681B68144A934211D17B681B689B6849
:10E3F00003F00703FB60FB68062B10D07B681B68EB
:10E400001A687B681B6842F001021A6007E07B68AB
:10E410001B681A687B681B6842F001021A600023BF
:10E4200018461037BD4680BD002C01400034014025
:10E430000004004000080040000C004080B582B09D
:10E4400000AF786039607B681B6800223968184625
:10E4500000F08FFF7B681B682E4A934204D07B68D4
:10E460001B682D4A934201D1012300E00023002BB9
:10E4700017D07B681B681A6A41F211131340002BF6
:10E480000FD17B681B681A6A40F244431340002B8B
:10E4900007D17B681B685A6C7B681B6822F40042BA
:10E4A0005A647B681B681A6A41F211131340002BEF
:10E4B0000FD17B681B681A6A40F244431340002B5B
:10E4C00007D17B681B681A687B681B6822F0010211
:10E4D0001A603B68002B04D17B68012283F83E2040
:10E4E00013E03B68042B04D17B68012283F83F20B2
:10E4F0000BE03B68082B04D17B68012283F84020A5
:10E5000003E07B68012283F8412000231846083786
:10E51000BD4680BD002C01400034014080B582B072
:10E5200000AF78607B68002B01D1012341E07B685C
:10E5300093F83D30DBB2002B06D17B68002283F8D4
:10E540003C207868FBF7A2F97B68022283F83D2023
:10E550007B681A687B6804331946104600F0CAFBD2
:10E560007B68012283F846207B68012283F83E20E5
:10E570007B68012283F83F207B68012283F84020DA
:10E580007B68012283F841207B68012283F84220C6
:10E590007B68012283F843207B68012283F84420B2
:10E5A0007B68012283F845207B68012283F83D20A7
:10E5B000002318460837BD4680BD000080B584B0F2
:10E5C00000AF786039600023FB733B68002B04D1F7
:10E5D0007B6893F83E30DBB213E03B68042B04D138
:10E5E0007B6893F83F30DBB20BE03B68082B04D12B
:10E5F0007B6893F84030DBB203E07B6893F84130EE
:10E60000DBB2BB733B68002B04D17B6893F84230CC
:10E61000DBB213E03B68042B04D17B6893F84330F2
:10E62000DBB20BE03B68082B04D17B6893F84430E5
:10E63000DBB203E07B6893F84530DBB27B73BB7BD6
:10E64000012B02D17B7B012B01D00123C2E03B686F
:10E65000002B04D17B68022283F83E2013E03B6844
:10E66000042B04D17B68022283F83F200BE03B6837
:10E67000082B04D17B68022283F8402003E07B68EA
:10E68000022283F841203B68002B04D17B680222E0
:10E6900083F8422013E03B68042B04D17B680222FC
:10E6A00083F843200BE03B68082B04D17B680222EF
:10E6B00083F8442003E07B68022283F845203B680E
:10E6C0000C2B41D801A252F823F000BF01E7040847
:10E6D00049E7040849E7040849E7040813E7040880
:10E6E00049E7040849E7040849E7040825E704085E
:10E6F00049E7040849E7040849E7040837E704083C
:10E700007B681B68DA687B681B6842F00202DA608B
:10E710001DE07B681B68DA687B681B6842F00402B6
:10E72000DA6014E07B681B68DA687B681B6842F07B
:10E730000802DA600BE07B681B68DA687B681B689C
:10E7400042F01002DA6002E00123FB7300BFFB7BA2
:10E75000002B3ED17B681B6801223968184600F007
:10E7600008FE7B681B681D4A934218D07B681B68B3
:10E770001B4A934213D07B681B68B3F1804F0ED0C5
:10E780007B681B68174A934209D07B681B68164A4E
:10E79000934204D07B681B68144A934211D17B6872
:10E7A0001B689B6803F00703BB60BB68062B10D097
:10E7B0007B681B681A687B681B6842F001021A605C
:10E7C00007E07B681B681A687B681B6842F00102DF
:10E7D0001A60FB7B18461037BD4680BD002C0140F7
:10E7E000003401400004004000080040000C0040DC
:10E7F00080B582B000AF78607B681B681B6903F04E
:10E800000203022B22D17B681B68DB6803F0020342
:10E81000022B1BD17B681B686FF002021A617B68B8
:10E8200001221A777B681B689B6903F00303002BA6
:10E8300003D07868F8F79EFA05E0786800F03EFAB1
:10E84000786800F044FA7B6800221A777B681B68BE
:10E850001B6903F00403042B22D17B681B68DB686F
:10E8600003F00403042B1BD17B681B686FF00402C8
:10E870001A617B6802221A777B681B689B6903F424
:10E880004073002B03D07868F8F774FA05E07868D5
:10E8900000F014FA786800F01AFA7B6800221A7700
:10E8A0007B681B681B6903F00803082B22D17B6877
:10E8B0001B68DB6803F00803082B1BD17B681B680F
:10E8C0006FF008021A617B6804221A777B681B6864
:10E8D000DB6903F00303002B03D07868F8F74AFAEA
:10E8E00005E0786800F0EAF9786800F0F0F97B68F4
:10E8F00000221A777B681B681B6903F01003102B3A
:10E9000022D17B681B68DB6803F01003102B1BD13E
:10E910007B681B686FF010021A617B6808221A7707
:10E920007B681B68DB6903F44073002B03D07868B5
:10E93000F8F720FA05E0786800F0C0F9786800F090
:10E94000C6F97B6800221A777B681B681B6903F095
:10E950000103012B0ED17B681B68DB6803F0010308
:10E96000012B07D17B681B686FF001021A61786880
:10E97000F9F7C6FF7B681B681B6903F08003802BD7
:10E980000ED17B681B68DB6803F08003802B07D106
:10E990007B681B686FF080021A61786800F0D4FD14
:10E9A0007B681B681B6903F04003402B0ED17B681A
:10E9B0001B68DB6803F04003402B07D17B681B68B2
:10E9C0006FF040021A61786800F08AF97B681B6872
:10E9D0001B6903F02003202B0ED17B681B68DB68CA
:10E9E00003F02003202B07D17B681B686FF0200207
:10E9F0001A61786800F09FFD00BF0837BD4680BDF2
:10EA000080B586B000AFF860B9607A600023FB750E
:10EA1000FB6893F83C30012B01D1022388E0FB68AE
:10EA2000012283F83C207B68002B1BD1FB6818680F
:10EA3000BB681968BB685A68BB68DB6800F080FB7C
:10EA4000FB681B689A69FB681B6822F00C029A61DC
:10EA5000FB681B689969BB689A68FB681B680A4376
:10EA60009A6160E07B68042B1CD1FB681868BB6866
:10EA70001968BB685A68BB68DB6800F0C7FBFB68B5
:10EA80001B689A69FB681B6822F440629A61FB6804
:10EA90001B689969BB689B681A02FB681B680A437C
:10EAA0009A6140E07B68082B1BD1FB681868BB6843
:10EAB0001968BB685A68BB68DB6800F0E3FBFB6859
:10EAC0001B68DA69FB681B6822F00C02DA61FB68DC
:10EAD0001B68D969BB689A68FB681B680A43DA61DE
:10EAE00021E07B680C2B1CD1FB681868BB68196897
:10EAF000BB685A68BB68DB6800F0FFFBFB681B68FB
:10EB0000DA69FB681B6822F44062DA61FB681B6803
:10EB1000D969BB689B681A02FB681B680A43DA6103
:10EB200001E00123FB75FB68002283F83C20FB7D9C
:10EB300018461837BD4680BD80B586B000AFF86076
:10EB4000B9607A600023FB75FB6893F83C30012BB9
:10EB500001D10223AEE0FB68012283F83C207B68F0
:10EB60000C2B00F29F8001A252F823F0A1EB0408C5
:10EB7000A5EC0408A5EC0408A5EC0408E1EB0408E6
:10EB8000A5EC0408A5EC0408A5EC040823EC040893
:10EB9000A5EC0408A5EC0408A5EC040863EC040843
:10EBA000FB681B68B968184600F01EF9FB681B6813
:10EBB0009A69FB681B6842F008029A61FB681B684F
:10EBC0009A69FB681B6822F004029A61FB681B6863
:10EBD0009969BB681A69FB681B680A439A6164E01B
:10EBE000FB681B68B968184600F06EF9FB681B6883
:10EBF0009A69FB681B6842F400629A61FB681B68B3
:10EC00009A69FB681B6822F480629A61FB681B6842
:10EC10009969BB681B691A02FB681B680A439A6101
:10EC200043E0FB681B68B968184600F0C1F9FB684F
:10EC30001B68DA69FB681B6842F00802DA61FB684E
:10EC40001B68DA69FB681B6822F00402DA61FB6862
:10EC50001B68D969BB681A69FB681B680A43DA61DB
:10EC600023E0FB681B68B968184600F015FAFB68DA
:10EC70001B68DA69FB681B6842F40062DA61FB68B2
:10EC80001B68DA69FB681B6822F48062DA61FB6842
:10EC90001B68D969BB681B691A02FB681B680A43B9
:10ECA000DA6102E00123FB7500BFFB68002283F8F4
:10ECB0003C20FB7D18461837BD4680BD80B483B02C
:10ECC00000AF786000BF0C37BD4680BC704780B491
:10ECD00083B000AF786000BF0C37BD4680BC704782
:10ECE00080B483B000AF786000BF0C37BD4680BCF5
:10ECF0007047000080B485B000AF786039607B68F1
:10ED00001B68FB607B68334A934213D07B68324AAE
:10ED100093420FD07B68B3F1804F0BD07B682F4AB2
:10ED2000934207D07B682E4A934203D07B682D4ADA
:10ED3000934208D1FB6823F07003FB603B685B687B
:10ED4000FA681343FB607B68224A934213D07B68C6
:10ED5000214A93420FD07B68B3F1804F0BD07B6880
:10ED60001E4A934207D07B681D4A934203D07B68BA
:10ED70001C4A934208D1FB6823F44073FB603B6854
:10ED8000DB68FA681343FB60FB6823F080023B6892
:10ED90005B691343FB607B68FA681A603B689A689A
:10EDA0007B68DA623B681A687B689A627B68094A0A
:10EDB000934203D07B68084A934203D13B681A69A7
:10EDC0007B681A637B6801225A6100BF1437BD4615
:10EDD00080BC7047002C014000340140000400401A
:10EDE00000080040000C004080B487B000AF78609D
:10EDF00039607B681B6A7B617B681B6A23F00102B8
:10EE00007B681A627B685B683B617B689B69FB601F
:10EE1000FB6823F07003FB60FB6823F00303FB60D7
:10EE20003B681B68FA681343FB607B6923F00203AD
:10EE30007B613B689B687A6913437B617B68204AEE
:10EE4000934203D07B681F4A93420CD17B6923F025
:10EE500008037B613B68DB687A6913437B617B69EC
:10EE600023F004037B617B68154A934203D07B68DF
:10EE7000144A934211D13B6923F480733B613B698F
:10EE800023F400733B613B685B693A6913433B6160
:10EE90003B689B693A6913433B617B683A695A60F6
:10EEA0007B68FA689A613B685A687B685A637B683A
:10EEB0007A691A6200BF1C37BD4680BC704700BF2C
:10EEC000002C01400034014080B487B000AF78606E
:10EED00039607B681B6A7B617B681B6A23F01002C8
:10EEE0007B681A627B685B683B617B689B69FB603F
:10EEF000FB6823F4E043FB60FB6823F44073FB6092
:10EF00003B681B681B02FA681343FB607B6923F0B4
:10EF100020037B613B689B681B017A6913437B611B
:10EF20007B68214A934203D07B68204A93420DD1EB
:10EF30007B6923F080037B613B68DB681B017A6996
:10EF400013437B617B6923F040037B617B68164A36
:10EF5000934203D07B68154A934213D13B6923F453
:10EF600080633B613B6923F400633B613B685B6901
:10EF70009B003A6913433B613B689B699B003A697C
:10EF800013433B617B683A695A607B68FA689A610F
:10EF90003B685A687B689A637B687A691A6200BF2B
:10EFA0001C37BD4680BC7047002C01400034014036
:10EFB00080B487B000AF786039607B681B6A7B6182
:10EFC0007B681B6A23F480727B681A627B685B68CB
:10EFD0003B617B68DB69FB60FB6823F07003FB60CF
:10EFE000FB6823F00303FB603B681B68FA6813436C
:10EFF000FB607B6923F400737B613B689B681B02A9
:10F000007A6913437B617B68214A934203D07B6812
:10F01000204A93420DD17B6923F400637B613B68F6
:10F02000DB681B027A6913437B617B6923F480638D
:10F030007B617B68164A934203D07B68154A9342F2
:10F0400013D13B6923F480533B613B6923F40053A4
:10F050003B613B685B691B013A6913433B613B6859
:10F060009B691B013A6913433B617B683A695A60AB
:10F070007B68FA68DA613B685A687B68DA637B68A8
:10F080007A691A6200BF1C37BD4680BC704700BF5A
:10F09000002C01400034014080B487B000AF78609C
:10F0A00039607B681B6A3B617B681B6A23F4805272
:10F0B0007B681A627B685B687B617B68DB69FB60ED
:10F0C000FB6823F4E043FB60FB6823F44073FB60C0
:10F0D0003B681B681B02FA681343FB603B6923F41F
:10F0E00000533B613B689B681B033A6913433B61D8
:10F0F0007B68114A934203D07B68104A934209D13E
:10F100007B6923F480437B613B685B699B017A697F
:10F1100013437B617B687A695A607B68FA68DA61BD
:10F120003B685A687B681A647B683A691A6200BF58
:10F130001C37BD4680BC7047002C014000340140A4
:10F1400080B487B000AFF860B9607A603B60FB685C
:10F150001B6A3B61FB681B6A23F00102FB681A62B1
:10F16000FB689B697B61FB68234A934213D0FB6871
:10F17000224A93420FD0FB68B3F1804F0BD0FB685B
:10F180001F4A934207D0FB681E4A934203D0FB6894
:10F190001D4A934201D1012300E00023002B08D037
:10F1A0007B6923F003037B617A697B6813437B618E
:10F1B00003E07B6943F001037B617B6923F0F0038B
:10F1C0007B613B681B01DBB27A6913437B613B695E
:10F1D00023F00A033B61BB6803F00A033A69134357
:10F1E0003B61FB687A699A61FB683A691A6200BF01
:10F1F0001C37BD4680BC7047002C014000340140E4
:10F200000004004000080040000C004080B487B0BB
:10F2100000AFF860B9607A603B60FB681B6A7B6195
:10F22000FB681B6A23F01002FB681A62FB689B698B
:10F230003B613B6923F440733B617B681B023A6985
:10F2400013433B613B6923F470433B613B681B0301
:10F250009BB23A6913433B617B6923F0A0037B6156
:10F26000BB681B0103F0A0037A6913437B61FB6851
:10F270003A699A61FB687A691A6200BF1C37BD4619
:10F2800080BC704780B487B000AFF860B9607A6026
:10F290003B60FB681B6A7B61FB681B6A23F480721E
:10F2A000FB681A62FB68DB693B613B6923F003037F
:10F2B0003B613A697B6813433B613B6923F0F00390
:10F2C0003B613B681B01DBB23A6913433B617B69DD
:10F2D00023F400737B61BB681B0203F400737A693B
:10F2E00013437B61FB683A69DA61FB687A691A62E9
:10F2F00000BF1C37BD4680BC704780B487B000AFEC
:10F30000F860B9607A603B60FB681B6A7B61FB68F0
:10F310001B6A23F48052FB681A62FB68DB693B615D
:10F320003B6923F440733B617B681B023A691343DA
:10F330003B613B6923F470433B613B681B039BB219
:10F340003A6913433B617B6923F400537B61BB68DB
:10F350001B0303F400537A6913437B61FB683A692A
:10F36000DA61FB687A691A6200BF1C37BD4680BC4F
:10F37000704780B487B000AFF860B9607A60BB684E
:10F3800003F01F03012202FA03F37B61FB681A6A90
:10F390007B69DB431A40FB681A62FB681A6ABB6828
:10F3A00003F01F03796801FA03F31A43FB681A623A
:10F3B00000BF1C37BD4680BC7047000080B485B0DC
:10F3C00000AF786039607B6893F83C30012B01D145
:10F3D000022350E07B68012283F83C207B680222F4
:10F3E00083F83D207B681B685B68FB607B681B685B
:10F3F0009B68BB60FB6823F07003FB603B681B6885
:10F40000FA681343FB607B681B68FA685A607B6884
:10F410001B681B4A934218D07B681B68194A9342A9
:10F4200013D07B681B68B3F1804F0ED07B681B68DC
:10F43000154A934209D07B681B68144A934204D052
:10F440007B681B68124A93420CD1BB6823F080038F
:10F45000BB603B685B68BA681343BB607B681B6832
:10F46000BA689A607B68012283F83D207B6800229D
:10F4700083F83C20002318461437BD4680BC7047F3
:10F48000002C01400034014000040040000800400E
:10F49000000C004080B485B000AF78603960002374
:10F4A000FB607B6893F83C30012B01D102233DE0E7
:10F4B0007B68012283F83C20FB6823F0FF023B6855
:10F4C000DB681343FB60FB6823F440723B689B6876
:10F4D0001343FB60FB6823F480623B685B68134363
:10F4E000FB60FB6823F400623B681B681343FB600E
:10F4F000FB6823F480523B681B691343FB60FB6885
:10F5000023F400523B685B691343FB60FB6823F400
:10F5100080423B68DB691343FB607B681B68FA68C9
:10F520005A647B68002283F83C2000231846143775
:10F53000BD4680BC704780B483B000AF786000BF28
:10F540000C37BD4680BC704780B483B000AF786094
:10F5500000BF0C37BD4680BC704780B582B000AF9D
:10F5600078607B68002B01D1012342E07B6893F82F
:10F570004130DBB2002B06D17B68002283F84020AB
:10F580007868FAF765FB7B68242283F841207B6862
:10F590001B68DA687B681B6822F40052DA607868BE
:10F5A00000F04EFE7B681B681A697B681B6822F4BA
:10F5B00090421A617B681B685A697B681B6822F05D
:10F5C0002A025A617B681B68DA687B681B6842F410
:10F5D0000052DA607B6800225A647B68202283F83C
:10F5E00041207B68202283F842207B6800225A63F6
:10F5F000002318460837BD4680BD80B485B000AFF3
:10F60000F860B9601346FB80FB6893F84130DBB2C9
:10F61000202B21D1BB68002B02D0FB88002B01D10D
:10F6200001231AE0FB68BA681A62FB68FA889A84B8
:10F63000FB68FA88DA84FB6800225A64FB6821229E
:10F6400083F84120FB681B68DA68FB681B6842F09E
:10F650008002DA60002300E0022318461437BD461A
:10F6600080BC704780B584B000AFF860B9601346C5
:10F67000FB80FB6893F84230DBB2202B12D1BB68D1
:10F68000002B02D0FB88002B01D101230BE0FB688B
:10F6900000221A63FB881A46B968F86800F0E3FB99
:10F6A000034600E0022318461037BD4680BD000027
:10F6B00080B59AB000AF78607B681B680C33BB6480
:10F6C000BB6C53E8003F7B647B6C23F490737B66D8
:10F6D0007B681B680C337A6E7A653B65396D7A6D91
:10F6E00041E80023FB64FB6C002BE5D17B681B68C1
:10F6F00014337B637B6B53E8003F3B633B6B23F02E
:10F7000001033B667B681B6814333A6E3A64FB6303
:10F71000F96B3A6C41E80023BB63BB6B002BE5D16E
:10F720007B681B6B012B19D17B681B680C333B6218
:10F730003B6A53E8003FFB61FB6923F01003FB6564
:10F740007B681B680C33FA6DFA62BB62B96AFA6AAD
:10F7500041E800237B627B6A002BE5D17B681B6854
:10F760005B6903F04003002B3FD07B681B681433B8
:10F77000FB60FB6853E8003FBB60BB6823F04003BD
:10F78000BB657B681B681433BA6DBA617B617969AC
:10F79000BA6941E800233B613B69002BE5D17B68F6
:10F7A000DB6B002B13D07B68DB6B194A5A637B68D9
:10F7B000DB6B1846FBF7EAFB0346002B22D07B6885
:10F7C000DB6B5B6B7A68D26B104698471AE07B68FC
:10F7D0000022DA857B68202283F842207B680022A1
:10F7E0001A63786800F0A8FA0CE07B680022DA85DA
:10F7F0007B68202283F842207B6800221A637868A5
:10F8000000F09AFA002318466837BD4680BD00BF55
:10F81000C5FF040880B5BAB000AF78607B681B688C
:10F820001B68C7F8E4307B681B68DB68C7F8E0300A
:10F830007B681B685B69C7F8DC300023C7F8D830E9
:10F840000023C7F8D430D7F8E43003F00F03C7F82B
:10F85000D830D7F8D830002B0FD1D7F8E43003F0E8
:10F860002003002B09D0D7F8E03003F02003002B51
:10F8700003D0786800F025FC5BE2D7F8D830002B85
:10F8800000F0DE80D7F8DC3003F00103002B06D156
:10F89000D7F8E03003F49073002B00F0D180D7F854
:10F8A000E43003F00103002B0BD0D7F8E03003F471
:10F8B0008073002B05D07B685B6C43F001027B6892
:10F8C0005A64D7F8E43003F00403002B0BD0D7F8C8
:10F8D000DC3003F00103002B05D07B685B6C43F048
:10F8E00002027B685A64D7F8E43003F00203002B6D
:10F8F0000BD0D7F8DC3003F00103002B05D07B6878
:10F900005B6C43F004027B685A64D7F8E43003F080
:10F910000803002B11D0D7F8E03003F02003002BB0
:10F9200005D1D7F8DC3003F00103002B05D07B684C
:10F930005B6C43F008027B685A647B685B6C002B4D
:10F9400000F0F281D7F8E43003F02003002B08D058
:10F95000D7F8E03003F02003002B02D0786800F0E5
:10F96000B0FB7B681B685B6903F04003002B14BF8E
:10F9700001230023DBB2C7F8D4307B685B6C03F053
:10F980000803002B03D1D7F8D430002B4FD0786870
:10F9900000F0A2FA7B681B685B6903F04003002B50
:10F9A00041D07B681B681433C7F89C30D7F89C3073
:10F9B00053E8003FC7F89830D7F8983023F0400359
:10F9C000C7F8D0307B681B681433D7F8D020C7F84D
:10F9D000A820C7F8A430D7F8A410D7F8A82041E889
:10F9E0000023C7F8A030D7F8A030002BD9D17B680E
:10F9F000DB6B002B13D07B68DB6B7E4A5A637B6822
:10FA0000DB6B1846FBF7C2FA0346002B16D07B6867
:10FA1000DB6B5B6B7A68D26B104698470EE07868B8
:10FA200005F04AFD0AE0786805F046FD06E07868D2
:10FA300005F042FD7B6800225A6475E100BF73E166
:10FA40007B681B6B012B40F04F81D7F8E43003F04B
:10FA50001003002B00F04881D7F8E03003F01003CA
:10FA6000002B00F041810023BB607B681B681B6892
:10FA7000BB607B681B685B68BB60BB687B681B689E
:10FA80005B6903F04003002B00F0B6807B68DB6B02
:10FA90001B685B68A7F8BE30B7F8BE30002B00F0DB
:10FAA00045817B689B8DB7F8BE209A4280F03E81ED
:10FAB0007B68B7F8BE20DA857B68DB6B9B69202BFF
:10FAC00000F088807B681B680C33C7F88830D7F853
:10FAD000883053E8003FC7F88430D7F8843023F4E7
:10FAE0008073C7F8B8307B681B680C33D7F8B82030
:10FAF000C7F89420C7F89030D7F89010D7F8942022
:10FB000041E80023C7F88C30D7F88C30002BD9D1CE
:10FB10007B681B6814337B677B6F53E8003F3B6750
:10FB20003B6F23F00103C7F8B4307B681B681433C4
:10FB3000D7F8B420C7F88020FB67F96FD7F880208A
:10FB400041E80023BB67BB6F002BE1D17B681B68DA
:10FB500014333B663B6E53E8003FFB65FB6D23F0BF
:10FB60004003C7F8B0307B681B681433D7F8B02067
:10FB7000FA66BB66B96EFA6E41E800237B667B6E5F
:10FB8000002BE3D17B68202283F842207B6800228F
:10FB90001A637B681B680C33FB64FB6C53E8003F03
:10FBA000BB64BB6C23F01003C7F8AC307B681B68E8
:10FBB0000C33D7F8AC20BA657B65796DBA6D41E836
:10FBC00000233B653B6D002BE3D17B68DB6B184664
:10FBD000FBF7A1F97B6802225A637B689A8D7B68E8
:10FBE000DB8D9BB2D31A9BB21946786800F0ADF852
:10FBF0009CE000BF9DFF04087B689A8D7B68DB8DCD
:10FC00009BB2D31AA7F8CE307B68DB8D9BB2002B5A
:10FC100000F08E80B7F8CE30002B00F089807B6832
:10FC20001B680C33BB63BB6B53E8003F7B637B6B90
:10FC300023F49073C7F8C8307B681B680C33D7F87F
:10FC4000C8207A643B64396C7A6C41E80023FB631A
:10FC5000FB6B002BE3D17B681B6814337B627B6AF0
:10FC600053E8003F3B623B6A23F00103C7F8C4300E
:10FC70007B681B681433D7F8C4203A63FB62F96AC7
:10FC80003A6B41E80023BB62BB6A002BE3D17B687F
:10FC9000202283F842207B6800221A637B681B685D
:10FCA0000C333B613B6953E8003FFB60FB6823F08A
:10FCB0001003C7F8C0307B681B680C33D7F8C0202E
:10FCC000FA61BB61B969FA6941E800237B617B692C
:10FCD000002BE3D17B6802225A63B7F8CE30194675
:10FCE000786800F032F823E0D7F8E43003F08003BE
:10FCF000002B09D0D7F8E03003F08003002B03D0AD
:10FD0000786800F077F914E0D7F8E43003F04003A6
:10FD1000002B0ED0D7F8E03003F04003002B08D0C2
:10FD2000786800F0B6F904E000BF02E000BF00E030
:10FD300000BFE837BD4680BD80B483B000AF7860B7
:10FD400000BF0C37BD4680BC704780B483B000AFA5
:10FD500078600B467B8000BF0C37BD4680BC704787
:10FD600080B485B000AF78600023FB607B6893F8B7
:10FD70004030012B01D1022320E07B68012283F86F
:10FD800040207B68242283F841207B681B68DB6865
:10FD9000FB60FB6823F00C03FB60FB6843F0080387
:10FDA000FB607B681B68FA68DA607B68202283F856
:10FDB00041207B68002283F8402000231846143736
:10FDC000BD4680BC704780B485B000AF786000232A
:10FDD000FB607B6893F84030012B01D1022320E0C7
:10FDE0007B68012283F840207B68242283F841202D
:10FDF0007B681B68DB68FB60FB6823F00C03FB601F
:10FE0000FB6843F00403FB607B681B68FA68DA60F8
:10FE10007B68202283F841207B68002283F8402001
:10FE2000002318461437BD4680BC704780B485B0A7
:10FE300000AF78600023FB600023BB607B6893F811
:10FE40004130DBB2FB607B6893F84230DBB2BB60D1
:10FE5000FB68DAB2BB68DBB21343DBB21846143777
:10FE6000BD4680BC704780B485B000AFF860B96013
:10FE70001346FB80FB68BA689A62FB68FA889A8529
:10FE8000FB68FA88DA85FB6800225A64FB68222244
:10FE900083F84220FB681B69002B07D0FB681B68B6
:10FEA000DA68FB681B6842F48072DA60FB681B68E2
:10FEB0005A69FB681B6842F001025A61FB681B68C3
:10FEC000DA68FB681B6842F02002DA6000231846FB
:10FED0001437BD4680BC704780B495B000AF7860E1
:10FEE0007B681B680C337B637B6B53E8003F3B6391
:10FEF0003B6B23F49073FB647B681B680C33FA6CD8
:10FF00003A64FB63F96B3A6C41E80023BB63BB6B5B
:10FF1000002BE5D17B681B6814333B623B6A53E8D6
:10FF2000003FFB61FB6923F00103BB647B681B6836
:10FF30001433BA6CFA62BB62B96AFA6A41E8002308
:10FF40007B627B6A002BE5D17B681B6B012B19D18F
:10FF50007B681B680C33FB60FB6853E8003FBB60A9
:10FF6000BB6823F010037B647B681B680C337A6CDE
:10FF7000BA617B617969BA6941E800233B613B69F9
:10FF8000002BE5D17B68202283F842207B68002289
:10FF90001A6300BF5437BD4680BC704780B584B03B
:10FFA00000AF78607B685B6AFB60FB680022DA85E3
:10FFB000FB680022DA84F86805F07EFA00BF10378B
:10FFC000BD4680BD80B584B000AF78607B685B6A59
:10FFD000FB60FB680022DA85FB68202283F8422060
:10FFE000FB6800221A63F868FFF7A6FE00BF10370F
:10FFF000BD4680BD80B485B000AF78607B6893F863
:020000040805ED
:100000004130DBB2212B3ED17B689B68B3F5805F2A
:1000100014D17B681B69002B10D17B681B6AFB60C5
:10002000FB681B881A467B681B68C2F308025A608B
:100030007B681B6A9A1C7B681A6208E07B681B6AF3
:10004000591C7A6811621A787B681B685A607B6851
:10005000DB8C9BB2013B9BB27A681946D184002BA2
:100060000FD17B681B68DA687B681B6822F080020E
:10007000DA607B681B68DA687B681B6842F04002C4
:10008000DA60002300E0022318461437BD4680BC26
:10009000704780B582B000AF78607B681B68DA6813
:1000A0007B681B6822F04002DA607B68202283F8BC
:1000B0004120786805F058F9002318460837BD46F6
:1000C00080BD80B58CB000AF78607B6893F842301B
:1000D000DBB2222B40F0AE807B689B68B3F5805F7B
:1000E00017D17B681B69002B13D10023FB627B684F
:1000F0009B6ABB627B681B685B689BB2C3F30803A7
:100100009AB2BB6A1A807B689B6A9A1C7B689A6267
:1001100026E07B689B6AFB620023BB627B689B686E
:10012000B3F5805F07D07B689B68002B0AD17B68A2
:100130001B69002B06D17B681B685B68DAB2FB6A1F
:100140001A7008E07B681B685B68DBB203F07F0312
:10015000DAB2FB6A1A707B689B6A5A1C7B689A62E7
:100160007B68DB8D9BB2013B9BB27A681946D185D7
:10017000002B5DD17B681B68DA687B681B6822F006
:100180002002DA607B681B68DA687B681B6822F4EF
:100190008072DA607B681B685A697B681B6822F092
:1001A00001025A617B68202283F842207B6800228A
:1001B0005A637B681B6B012B35D17B6800221A6365
:1001C0007B681B680C337B617B6953E8003F3B61B4
:1001D0003B6923F010037B627B681B680C337A6AEF
:1001E0003A62FB61F9693A6A41E80023BB61BB6985
:1001F000002BE5D17B681B681B6803F01003102BF4
:100200000AD10023FB607B681B681B68FB607B686E
:100210001B685B68FB60FB687B689B8D1946786890
:10022000FFF793FD02E0786805F0DCF8002302E0B8
:10023000002300E0022318463037BD4680BD000091
:1002400080B584B000AF78607B681B681B6923F4BD
:1002500040517B68DA687B681B680A431A617B68D7
:100260009A687B681B691A437B685B691343BB60B0
:100270007B681B68DB6823F4B05323F00C037A68B7
:100280001268B9680B43D3607B681B685B6923F411
:1002900040717B689A697B681B680A435A617B6876
:1002A0001B682C4A934203D1FDF7AEFDF86002E0D3
:1002B000FDF796FDF860FA6813469B0013449A0018
:1002C0001A447B685B689B00B2FBF3F3224AA2FBF3
:1002D00003235B091901FA6813469B0013449A0033
:1002E0001A447B685B689B00B2FBF3F21A4BA3FBDA
:1002F00002035B09642000FB03F3D31A1B013233B2
:10030000154AA2FB03235B0903F0F0031944FA68C2
:1003100013469B0013449A001A447B685B689B0059
:10032000B2FBF3F20C4BA3FB02035B09642000FB5E
:1003300003F3D31A1B013233074AA2FB03235B09E1
:1003400003F00F027B681B680A449A6000BF1037F5
:10035000BD4680BD003801401F85EB5180B485B09B
:1003600000AFEFF30583BB60BB68002B0FD1EFF349
:1003700010837B607B68002B09D1104B1B68022B1C
:1003800009D1EFF311833B603B68002B03D06FF082
:100390000503FB600CE0094B1B68002B05D1074BE4
:1003A00001221A600023FB6002E04FF0FF33FB6084
:1003B000FB6818461437BD4680BC7047980900207A
:1003C00080B584B000AFEFF30583BB60BB68002B42
:1003D0000FD1EFF310837B607B68002B09D1114BA9
:1003E0001B68022B09D1EFF311833B603B68002BA4
:1003F00003D06FF00503FB600EE00A4B1B68012B76
:1004000007D1084B02221A6001F0A2FE0023FB6014
:1004100002E04FF0FF33FB60FB6818461037BD4623
:1004200080BD00BF9809002080B592B004AFF8608D
:10043000B9607A6000237B61EFF305837B627B6A9E
:10044000002B40F09480EFF310833B623B6A002B5B
:1004500040F08D80484B1B68022B06D1EFF31183CF
:10046000FB61FB69002B40F08280FB68002B7ED093
:1004700080233B631823FB620023FB7607F11B03F9
:100480007B634FF0FF33BB627B68002B45D07B68FA
:100490001B68002B02D07B681B687B637B689B69B1
:1004A000002B02D07B689B69FB62FB6A002B08D0A3
:1004B000FB6A382B05D87B685B6803F00103002BCF
:1004C00001D0002354E07B685B69002B03D07B687C
:1004D0005B699B083B637B689B68002B0ED07B6845
:1004E000DB68A72B0AD97B681B69002B06D07B68C9
:1004F0005B69002B02D00123BB6210E07B689B6824
:10050000002B0CD17B68DB68002B08D17B681B6952
:10051000002B04D10023BB6201E00023BB62BB6A55
:10052000012B10D17B681B697A6892680292019353
:10053000FB6A0093BB683A6B796BF86801F01EFCAC
:1005400003467B6113E0BB6A002B10D13B6B9AB270
:1005500007F114030193FB6A0093BB68796BF86899
:1005600001F06BFC0346012B01D000237B617B690A
:1005700018463837BD4680BD9809002080B586B042
:1005800000AF7860EFF305833B613B69002B0FD12F
:10059000EFF31083FB60FB68002B09D10D4B1B6848
:1005A000022B09D1EFF31183BB60BB68002B03D092
:1005B0006FF005037B6107E000237B617B68002B04
:1005C00002D0786801F08EFD7B6918461837BD4669
:1005D00080BD00BF9809002080B58CB002AFF860E4
:1005E000B9607A6000237B62EFF30583BB61BB696E
:1005F000002B40F08680EFF310837B617B69002B3A
:100600007FD1424B1B68022B05D1EFF311833B6175
:100610003B69002B75D1FB68002B72D0BA68FB6870
:100620009A426ED84FF0FF333B627B68002B15D0A7
:100630007B689B68002B06D07B68DB684F2B02D958
:1006400001233B620CE07B689B68002B08D17B6830
:10065000DB68002B04D100233B6201E000233B62F6
:100660003B6AB3F1FF3F4CD0FB68012B28D13B6ABA
:10067000012B0AD17B689B68032200920022002193
:10068000012000F0BBFB786205E00322002101207D
:1006900000F030FC78627B6A002B22D0BB68002B14
:1006A0001FD0002300220021786A00F0F3FC0346EB
:1006B000012B16D0786A01F08FF900237B6210E0DD
:1006C0003B6A012B08D17B689B681A46B968F868B9
:1006D00000F072FC786204E0B968F86800F0A5FCEC
:1006E00078627B6A002B0CD07B68002B03D07B6880
:1006F0001B68FB6101E00023FB61F969786A01F086
:10070000B7FA7B6A18462837BD4680BD9809002095
:1007100080B588B000AF786039607B68BB6100232A
:10072000FB61BB69002B03D16FF00303FB614BE05E
:10073000EFF305837B617B69002B0FD1EFF310830F
:100740003B613B69002B09D1224B1B68022B28D14E
:10075000EFF31183FB60FB68002B22D03B68002B7A
:1007600003D06FF00303FB612DE00023BB6007F1B2
:1007700008031A460021B86901F0ACF80346012BC2
:1007800003D06FF00203FB611DE0BB68002B1AD0A1
:10079000114B4FF080521A60BFF34F8FBFF36F8F32
:1007A00011E03968B86900F085FF0346012B0BD0D2
:1007B0003B68002B03D06FF00103FB6104E06FF096
:1007C0000203FB6100E000BFFB6918462037BD460D
:1007D00080BD00BF9809002004ED00E080B588B01E
:1007E00000AF78607B68BB610023FB61BB69002BB5
:1007F00003D16FF00303FB613EE0EFF305837B6100
:100800007B69002B0FD1EFF310833B613B69002B19
:1008100009D11C4B1B68022B20D1EFF31183FB6025
:10082000FB68002B1AD00023BB6007F108031946B0
:10083000B86900F0CCFD0346012B03D06FF0020332
:10084000FB6118E0BB68002B15D00F4B4FF08052B6
:100850001A60BFF34F8FBFF36F8F0CE000230022AD
:100860000021B86900F016FC0346012B04D06FF09C
:100870000203FB6100E000BFFB6918462037BD465C
:1008800080BD00BF9809002004ED00E080B58CB069
:1008900002AFF860B9607A6000237B62EFF30583F2
:1008A000BB61BB69002B6FD1EFF310837B617B6968
:1008B000002B69D1374B1B68022B05D1EFF3118355
:1008C0003B613B69002B5FD1FB68002B5CD0BB68B0
:1008D000002B59D04FF0FF333B627B68002B29D0AF
:1008E0007B689B68002B12D07B68DB684F2B0ED98E
:1008F0007B681B69002B0AD07B685A69FB68B96862
:1009000001FB03F39A4202D301233B6214E07B68AC
:100910009B68002B10D17B68DB68002B0CD17B68B7
:100920001B69002B08D17B685B69002B04D1002375
:100930003B6201E000233B623B6A012B0BD17B68E9
:100940001A697B689B6800210091B968F86800F01B
:1009500055FA786208E03B6A002B05D10022B9689D
:10096000F86800F0C7FA78627B6A002B0CD07B68CD
:10097000002B03D07B681B68FB6101E00023FB6157
:10098000F969786A01F074F97B6A18462837BD4620
:1009900080BD00BF9809002080B58AB000AFF86024
:1009A000B9603B601346FB71FB683B6200237B62CE
:1009B000EFF30583FB61FB69002B0FD1EFF310838D
:1009C000BB61BB69002B09D12B4B1B68022B2ED1BD
:1009D000EFF311837B617B69002B28D03B6A002BEE
:1009E00005D0BB68002B02D03B68002B03D06FF012
:1009F00003037B6239E000233B6107F1100200230F
:100A0000B968386A00F048FC0346012B03D06FF048
:100A100002037B6229E03B69002B26D0174B4FF085
:100A200080521A60BFF34F8FBFF36F8F1DE03B6A98
:100A3000002B02D0BB68002B03D16FF003037B6255
:100A400014E000233A68B968386A00F023FB0346D3
:100A5000012B0BD03B68002B03D06FF001037B62AE
:100A600004E06FF002037B6200E000BF7B6A18467F
:100A70002837BD4680BD00BF9809002004ED00E086
:100A800080B58AB000AFF860B9607A603B60FB68FF
:100A90003B6200237B62EFF30583FB61FB69002B64
:100AA0000FD1EFF31083BB61BB69002B09D12B4B36
:100AB0001B68022B2ED1EFF311837B617B69002B26
:100AC00028D03B6A002B05D0BB68002B02D03B68C6
:100AD000002B03D06FF003037B6238E000233B61FF
:100AE00007F110031A46B968386A00F0F3FE0346AE
:100AF000012B03D06FF002037B6228E03B69002BDF
:100B000025D0174B4FF080521A60BFF34F8FBFF3C1
:100B10006F8F1CE03B6A002B02D0BB68002B03D117
:100B20006FF003037B6213E03A68B968386A00F03B
:100B3000DFFC0346012B0BD03B68002B03D06FF08A
:100B400001037B6204E06FF002037B6200E000BF00
:100B50007B6A18462837BD4680BD00BF9809002033
:100B600004ED00E080B485B000AFF860B9607A6051
:100B7000FB68064A1A60BB68054A1A607B688022D7
:100B80001A6000BF1437BD4680BC70479C09002026
:100B9000440A002080B485B000AFF860B9607A6084
:100BA000FB68074A1A60BB68064A1A607B684FF404
:100BB00080721A6000BF1437BD4680BC704700BF0A
:100BC000440C0020EC0C002080B483B000AF7860AF
:100BD0007B6803F108027B685A607B684FF0FF3244
:100BE0009A607B6803F108027B68DA607B6803F136
:100BF00008027B681A617B6800221A6000BF0C370C
:100C0000BD4680BC704780B483B000AF78607B681D
:100C100000221A6100BF0C37BD4680BC704780B40B
:100C200085B000AF786039607B685B68FB603B68CB
:100C3000FA685A60FB689A683B689A60FB689B6830
:100C40003A685A60FB683A689A603B687A681A6149
:100C50007B681B685A1C7B681A6000BF1437BD464E
:100C600080BC704780B485B000AF786039603B6865
:100C70001B68BB60BB68B3F1FF3F03D17B681B6996
:100C8000FB600CE07B680833FB6002E0FB685B689C
:100C9000FB60FB685B681B68BA689A42F6D2FB6827
:100CA0005A683B685A603B685B683A689A603B6880
:100CB000FA689A60FB683A685A603B687A681A6119
:100CC0007B681B685A1C7B681A6000BF1437BD46DE
:100CD00080BC704780B485B000AF78607B681B69CA
:100CE000FB607B685B687A6892689A607B689B6847
:100CF0007A6852685A60FB685B687A689A4203D1E6
:100D00007B689A68FB685A607B6800221A61FB68FE
:100D10001B685A1EFB681A60FB681B68184614376C
:100D2000BD4680BC7047000080B584B000AF7860DD
:100D300039607B68FB60FB68002B0BD14FF05003E0
:100D400083F31188BFF36F8FBFF34F8FBB6000BF7A
:100D500000BFFDE702F0BAFEFB681A68FB68DB6BB8
:100D6000F968096C01FB03F31A44FB685A60FB68DD
:100D700000229A63FB681A68FB689A60FB681A682D
:100D8000FB68DB6B013BF968096C01FB03F31A4458
:100D9000FB68DA60FB68FF2283F84420FB68FF22CF
:100DA00083F845203B68002B14D1FB681B69002B9E
:100DB0001AD0FB681033184601F0A2FC0346002B42
:100DC00012D00D4B4FF080521A60BFF34F8FBFF31C
:100DD0006F8F09E0FB6810331846FFF7F5FEFB68DC
:100DE00024331846FFF7F0FE02F0A0FE0123184658
:100DF0001037BD4680BD00BF04ED00E080B58EB069
:100E000002AFF860B9607A603B60FB68002B0BD1E1
:100E10004FF0500383F31188BFF36F8FBFF34F8FF1
:100E2000BB6200BF00BFFDE73B68002B0BD14FF05A
:100E3000500383F31188BFF36F8FBFF34F8F7B6233
:100E400000BF00BFFDE77B68002B02D0BB68002B12
:100E500001D0012300E00023002B0BD14FF0500301
:100E600083F31188BFF36F8FBFF34F8F3B6200BFD7
:100E700000BFFDE77B68002B02D1BB68002B01D1CE
:100E8000012300E00023002B0BD14FF0500383F32C
:100E90001188BFF36F8FBFF34F8FFB6100BF00BF9F
:100EA000FDE750237B617B69502B0BD04FF0500343
:100EB00083F31188BFF36F8FBFF34F8FBB6100BF08
:100EC00000BFFDE73B68FB62FB6A002B0DD0FB6AAD
:100ED000012283F8462097F83820FB6A00931346D6
:100EE0007A68B968F86800F044F8FB6A1846303749
:100EF000BD4680BD80B58AB002AFF860B9601346C8
:100F0000FB71FB68002B0BD14FF0500383F311886A
:100F1000BFF36F8FBFF34F8F3B6100BF00BFFDE793
:100F2000BB68002B02D10023FB6104E0FB68BA68B8
:100F300002FB03F3FB61FB695033184602F0C8FE65
:100F4000B861BB69002B0FD0BB6950337B61BB69B3
:100F5000002283F84620FA79BB69009313467A6928
:100F6000B968F86800F005F8BB6918462037BD4637
:100F700080BD80B584B000AFF860B9607A60FB7066
:100F8000BB68002B03D1BB69BA691A6002E0BB6978
:100F90007A681A60BB69FA68DA63BB69BA681A646E
:100FA0000121B869FFF7C0FEBB69FA7883F84C20CD
:100FB00000BF1037BD4680BD80B58AB002AFF86073
:100FC000B9607A60FB68002B0BD14FF0500383F3BC
:100FD0001188BFF36F8FBFF34F8FBB6100BF00BF9E
:100FE000FDE7BA68FB689A420BD94FF0500383F3D0
:100FF0001188BFF36F8FBFF34F8F7B6100BF00BFBE
:10100000FDE7022300937B6800220021F868FFF7C8
:10101000F5FEF861FB69002B02D0FB69BA689A63A0
:10102000FB6918462037BD4680BD80B586B000AF4D
:10103000786039607B68002B0BD14FF0500383F34D
:101040001188BFF36F8FBFF34F8F3B6100BF00BFAD
:10105000FDE73A687B689A420BD94FF0500383F35F
:101060001188BFF36F8FBFF34F8FFB6000BF00BFCE
:10107000FDE7022200217868FFF73CFF78617B6979
:10108000002B02D07B693A689A637B69184618374F
:10109000BD4680BD80B58EB000AFF860B9607A60A3
:1010A0003B6000237B63FB683B633B6B002B0BD1F6
:1010B0004FF0500383F31188BFF36F8FBFF34F8F4F
:1010C000BB6200BF00BFFDE7BB68002B03D13B6BD9
:1010D0001B6C002B01D1012300E00023002B0BD15E
:1010E0004FF0500383F31188BFF36F8FBFF34F8F1F
:1010F0007B6200BF00BFFDE73B68022B03D13B6B67
:10110000DB6B012B01D1012300E00023002B0BD16D
:101110004FF0500383F31188BFF36F8FBFF34F8FEE
:101120003B6200BF00BFFDE701F0B4FC0346002BAB
:1011300002D17B68002B01D1012300E00023002BAA
:101140000BD14FF0500383F31188BFF36F8FBFF3C0
:101150004F8FFB6100BF00BFFDE702F0B7FC3B6BA8
:101160009A6B3B6BDB6B9A4202D33B68022B29D113
:101170003A68B968386B00F06AFCF8623B6B5B6AEE
:10118000002B10D03B6B2433184601F0B9FA03460C
:10119000002B13D03F4B4FF080521A60BFF34F8F9C
:1011A000BFF36F8F0AE0FB6A002B07D0394B4FF07B
:1011B00080521A60BFF34F8FBFF36F8F02F0B6FCFF
:1011C000012363E07B68002B03D102F0AFFC002316
:1011D0005CE07B6B002B06D107F11403184601F08D
:1011E000F3FA01237B6302F0A1FC01F021F802F085
:1011F0006DFC3B6B93F844305BB2B3F1FF3F03D11E
:101200003B6B002283F844203B6B93F845305BB284
:10121000B3F1FF3F03D13B6B002283F8452002F07E
:1012200085FC3A1D07F114031146184601F0E2FA55
:101230000346002B24D1386B00F001FD0346002B40
:1012400018D03B6B10337A681146184601F006FA45
:10125000386B00F08CFC00F0F9FF0346002B7FF4A4
:101260007CAF0C4B4FF080521A60BFF34F8FBFF32F
:101270006F8F72E7386B00F07AFC00F0E7FF6CE7E5
:10128000386B00F074FC00F0E1FF0023184638379B
:10129000BD4680BD04ED00E080B58EB000AFF860C3
:1012A000B9607A603B60FB683B633B6B002B0BD102
:1012B0004FF0500383F31188BFF36F8FBFF34F8F4D
:1012C0007B6200BF00BFFDE7BB68002B03D13B6B17
:1012D0001B6C002B01D1012300E00023002B0BD15C
:1012E0004FF0500383F31188BFF36F8FBFF34F8F1D
:1012F0003B6200BF00BFFDE73B68022B03D13B6BA5
:10130000DB6B012B01D1012300E00023002B0BD16B
:101310004FF0500383F31188BFF36F8FBFF34F8FEC
:10132000FB6100BF00BFFDE702F092FCEFF311820A
:101330004FF0500383F31188BFF36F8FBFF34F8FCC
:10134000BA617B61BB69FB623B6B9A6B3B6BDB6B8E
:101350009A4202D33B68022B2CD13B6B93F8453069
:1013600087F82B303A68B968386B00F070FB97F952
:101370002B30B3F1FF3F12D13B6B5B6A002B16D0D1
:101380003B6B2433184601F0BBF90346002B0ED00B
:101390007B68002B0BD07B6801221A6007E097F86E
:1013A0002B300133DBB25AB23B6B83F8452001236B
:1013B0007B6301E000237B63FB6A3B613B6983F352
:1013C000118800BF7B6B18463837BD4680BD80B59D
:1013D0008EB000AF786039607B683B633B6B002B5D
:1013E0000BD14FF0500383F31188BFF36F8FBFF31E
:1013F0004F8F3B6200BF00BFFDE73B6B1B6C002BB8
:101400000BD04FF0500383F31188BFF36F8FBFF3FE
:101410004F8FFB6100BF00BFFDE73B6B1B68002BDC
:1014200003D13B6B5B68002B01D1012300E000235B
:10143000002B0BD14FF0500383F31188BFF36F8F54
:10144000BFF34F8FBB6100BF00BFFDE702F000FCA0
:10145000EFF311824FF0500383F31188BFF36F8FC6
:10146000BFF34F8F7A613B617B69FB623B6B9B6B88
:10147000BB623B6BDB6BBA6A9A422BD23B6B93F835
:10148000453087F82730BB6A5A1C3B6B9A6397F943
:101490002730B3F1FF3F12D13B6B5B6A002B16D0B4
:1014A0003B6B2433184601F02BF90346002B0ED07A
:1014B0003B68002B0BD03B6801221A6007E097F8CD
:1014C00027300133DBB25AB23B6B83F8452001234E
:1014D0007B6301E000237B63FB6AFB60FB6883F3B3
:1014E000118800BF7B6B18463837BD4680BD0000B1
:1014F00080B58CB000AFF860B9607A600023FB6201
:10150000FB68BB62BB6A002B0BD14FF0500383F327
:101510001188BFF36F8FBFF34F8F3B6200BF00BFD7
:10152000FDE7BB68002B03D1BB6A1B6C002B01D10C
:10153000012300E00023002B0BD14FF0500383F375
:101540001188BFF36F8FBFF34F8FFB6100BF00BFE8
:10155000FDE701F09FFA0346002B02D17B68002BC8
:1015600001D1012300E00023002B0BD14FF05003E9
:1015700083F31188BFF36F8FBFF34F8FBB6100BF41
:1015800000BFFDE702F0A2FABB6A9B6B7B627B6A3D
:10159000002B1FD0B968B86A00F0C3FA7B6A5A1EE4
:1015A000BB6A9A63BB6A1B69002B0FD0BB6A1033FE
:1015B000184601F0A5F80346002B07D03C4B4FF02E
:1015C00080521A60BFF34F8FBFF36F8F02F0AEFAF5
:1015D000012369E07B68002B03D102F0A7FA002306
:1015E00062E0FB6A002B06D107F11003184601F0F8
:1015F000EBF80123FB6202F099FA00F019FE02F009
:1016000065FABB6A93F844305BB2B3F1FF3F03D194
:10161000BB6A002283F84420BB6A93F845305BB272
:10162000B3F1FF3F03D1BB6A002283F8452002F0EB
:101630007DFA3A1D07F110031146184601F0DAF859
:101640000346002B23D1B86A00F0E3FA0346002BCF
:1016500017D0BB6A24337A681146184600F0FEFFA3
:10166000B86A00F084FA00F0F1FD0346002B89D13E
:101670000F4B4FF080521A60BFF34F8FBFF36F8F45
:1016800080E7B86A00F073FA00F0E0FD7AE7B86A24
:1016900000F06DFA00F0DAFDB86A00F0BAFA03461D
:1016A000002B3FF46FAF002318463037BD4680BD96
:1016B00004ED00E080B58EB000AF786039600023A3
:1016C0007B637B68FB6200233B63FB6A002B0BD1CF
:1016D0004FF0500383F31188BFF36F8FBFF34F8F29
:1016E0003B6200BF00BFFDE7FB6A1B6C002B0BD009
:1016F0004FF0500383F31188BFF36F8FBFF34F8F09
:10170000FB6100BF00BFFDE701F0C4F90346002BF9
:1017100002D13B68002B01D1012300E00023002B04
:101720000BD14FF0500383F31188BFF36F8FBFF3DA
:101730004F8FBB6100BF00BFFDE702F0C7F9FB6A36
:101740009B6BBB62BB6A002B24D0BB6A5A1EFB6A30
:101750009A63FB6A1B68002B04D101F01FFB024651
:10176000FB6A5A60FB6A1B69002B0FD0FB6A1033BF
:10177000184600F0C5FF0346002B07D0544B4FF02E
:1017800080521A60BFF34F8FBFF36F8F02F0CEF914
:10179000012398E03B68002B12D13B6B002B0BD050
:1017A0004FF0500383F31188BFF36F8FBFF34F8F58
:1017B0007B6100BF00BFFDE702F0B8F9002382E0C3
:1017C0007B6B002B06D107F10C03184600F0FCFFE1
:1017D00001237B6302F0AAF900F02AFD02F076F9FA
:1017E000FB6A93F844305BB2B3F1FF3F03D1FB6A6D
:1017F000002283F84420FB6A93F845305BB2B3F1D2
:10180000FF3F03D1FB6A002283F8452002F08EF9E6
:101810003A4607F10C031146184600F0EBFF034669
:10182000002B32D1F86A00F0F4F90346002B26D0E1
:10183000FB6A1B68002B09D102F048F9FB6A5B6860
:10184000184601F045F9386302F070F9FB6A243359
:101850003A681146184600F001FFF86A00F087F96F
:1018600000F0F4FC0346002B7FF467AF184B4FF0F9
:1018700080521A60BFF34F8FBFF36F8F5DE7F86A36
:1018800000F075F900F0E2FC57E7F86A00F06FF934
:1018900000F0DCFCF86A00F0BCF90346002B3FF4D2
:1018A0004CAF3B6B002B0DD002F010F9F86A00F042
:1018B000B7F87862FB6A5B68796A184601F0E6F966
:1018C00002F034F9002318463837BD4680BD00BF0A
:1018D00004ED00E080B58EB000AFF860B9607A60CA
:1018E000FB683B633B6B002B0BD14FF0500383F342
:1018F0001188BFF36F8FBFF34F8F3B6200BF00BFF4
:10190000FDE7BB68002B03D13B6B1B6C002B01D1A7
:10191000012300E00023002B0BD14FF0500383F391
:101920001188BFF36F8FBFF34F8FFB6100BF00BF04
:10193000FDE702F08DF9EFF311824FF0500383F3CE
:101940001188BFF36F8FBFF34F8FBA617B61BB69A3
:10195000FB623B6B9B6BBB62BB6A002B2FD03B6B6C
:1019600093F8443087F82730B968386B00F0D9F81D
:10197000BB6A5A1E3B6B9A6397F92730B3F1FF3F5E
:1019800012D13B6B1B69002B16D03B6B10331846F2
:1019900000F0B6FE0346002B0ED07B68002B0BD068
:1019A0007B6801221A6007E097F827300133DBB229
:1019B0005AB23B6B83F8442001237B6301E0002390
:1019C0007B63FB6A3B613B6983F3118800BF7B6BE0
:1019D00018463837BD4680BD80B584B000AF78600A
:1019E0007B68FB60FB68002B0BD14FF0500383F347
:1019F0001188BFF36F8FBFF34F8FBB6000BF00BF75
:101A0000FDE7F86800F05CF9FB6893F84630002BBE
:101A100002D1F86802F028FA00BF1037BD4680BD39
:101A200080B485B000AF78607B685B6A002B06D01D
:101A30007B681B6B1B68C3F13803FB6001E000236C
:101A4000FB60FB6818461437BD4680BC704780B504
:101A500086B000AFF860B9607A6000237B61FB68F4
:101A60009B6B3B61FB681B6C002B0DD1FB681B68FB
:101A7000002B4DD1FB685B68184601F097F8786140
:101A8000FB6800225A6043E07B68002B19D1FB6899
:101A90009868FB681B6C1A46B96803F045FEFB6842
:101AA0009A68FB681B6C1A44FB689A60FB689A682A
:101AB000FB685B689A422BD3FB681A68FB689A60E4
:101AC00026E0FB68D868FB681B6C1A46B96803F00F
:101AD0002BFEFB68DA68FB681B6C5B421A44FB68F0
:101AE000DA60FB68DA68FB681B689A4207D2FB6819
:101AF0005A68FB681B6C5B421A44FB68DA607B68BF
:101B0000022B05D13B69002B02D03B69013B3B61B5
:101B10003B695A1CFB689A637B6918461837BD46B7
:101B200080BD80B582B000AF786039607B681B6C87
:101B3000002B18D07B68DA687B681B6C1A447B68C2
:101B4000DA607B68DA687B685B689A4203D37B68FB
:101B50001A687B68DA607B68D9687B681B6C1A46F8
:101B6000386803F0E1FD00BF0837BD4680BD80B591
:101B700084B000AF786001F0A9FF7B6893F845302E
:101B8000FB7311E07B685B6A002B12D07B68243307
:101B9000184600F0B5FD0346002B01D000F08EFE84
:101BA000FB7B013BDBB2FB7397F90F30002BE9DCC9
:101BB00000E000BF7B68FF2283F8452001F0B6FFFC
:101BC00001F084FF7B6893F84430BB7311E07B68BD
:101BD0001B69002B12D07B681033184600F090FD73
:101BE0000346002B01D000F069FEBB7B013BDBB25A
:101BF000BB7397F90E30002BE9DC00E000BF7B6877
:101C0000FF2283F8442001F091FF00BF1037BD464A
:101C100080BD80B584B000AF786001F057FF7B686D
:101C20009B6B002B02D10123FB6001E00023FB60D2
:101C300001F07CFFFB6818461037BD4680BD80B5BB
:101C400084B000AF786001F041FF7B689A6B7B68DD
:101C5000DB6B9A4202D10123FB6001E00023FB60B1
:101C600001F064FFFB6818461037BD4680BD0000D8
:101C700080B485B000AF786039600023FB6014E069
:101C80000E4AFB6852F83330002B0BD10B49FB682E
:101C90003A6841F83320094AFB68DB0013447A684C
:101CA0005A6006E0FB680133FB60FB68072BE7D94D
:101CB00000BF00BF1437BD4680BC7047EC10002049
:101CC00080B485B000AF78600023FB6016E0104A56
:101CD000FB68DB0013445B687A689A420BD10C4ABC
:101CE000FB68002142F83310094AFB68DB0013440B
:101CF00000225A6006E0FB680133FB60FB68072B9B
:101D0000E5D900BF00BF1437BD4680BC704700BF97
:101D1000EC10002080B586B000AFF860B9607A6042
:101D2000FB687B6101F0D2FE7B6993F844305BB2C3
:101D3000B3F1FF3F03D17B69002283F844207B6924
:101D400093F845305BB2B3F1FF3F03D17B690022CA
:101D500083F8452001F0EAFE7B699B6B002B06D1DE
:101D60007B6924337A68B968184600F09DFC78696D
:101D7000FFF7FDFE00BF1837BD4680BD80B58EB0B1
:101D800004AFF860B9607A603B607B6B002B0BD1CD
:101D90004FF0500383F31188BFF36F8FBFF34F8F62
:101DA0003B6200BF00BFFDE7BB6B002B0BD14FF0C8
:101DB000500383F31188BFF36F8FBFF34F8FFB6125
:101DC00000BF00BFFDE7A8233B613B69A82B0BD0F8
:101DD0004FF0500383F31188BFF36F8FBFF34F8F22
:101DE000BB6100BF00BFFDE7BB6B002B1ED07B6B50
:101DF000002B1BD0BB6B7B627B6A7A6B1A637B6A9E
:101E0000022283F8A520002303937B6A029307F143
:101E1000140301933B6B00933B687A68B968F868D8
:101E200000F050F8786A00F0EDF801E000237B61E3
:101E30007B6918462837BD4680BD80B58CB004AF9D
:101E4000F860B9603B601346FB80FB889B00184636
:101E500001F03EFF78617B69002B0ED0A82001F0D5
:101E600037FFF861FB69002B03D0FB697A691A63BD
:101E700005E0786901F0F8FF01E00023FB61FB69F0
:101E8000002B17D0FB69002283F8A520FA880023D5
:101E90000393FB690293FB6A0193BB6A00933B685F
:101EA000B968F86800F00EF8F86900F0ABF80123A3
:101EB000BB6102E04FF0FF33BB61BB6918462037BE
:101EC000BD4680BD80B588B000AFF860B9607A606B
:101ED0003B603B6B186B7B689B001A46A52103F0A7
:101EE00091FB3B6B1A6B7B6803F18043013B9B00CA
:101EF0001344BB61BB6923F00703BB61BB6903F0FB
:101F00000703002B0BD04FF0500383F31188BFF36E
:101F10006F8FBFF34F8F7B6100BF00BFFDE70023D2
:101F2000FB6112E0BA68FB69134419783A6BFB69EC
:101F3000134434330A461A70BA68FB6913441B7899
:101F4000002B06D0FB690133FB61FB690F2BE9D93C
:101F500000E000BF3B6B002283F84320BB6A372BB5
:101F600001D93723BB623B6BBA6ADA623B6BBA6A50
:101F7000DA643B6B00221A653B6B04331846FEF7AC
:101F800042FE3B6B18331846FEF73DFE3B6B3A6B47
:101F90001A61BB6AC3F138023B6B9A613B6B3A6BC7
:101FA0005A623B6B0022C3F8A0203B6B002283F8EF
:101FB000A4203B6B54334C220021184603F022FB33
:101FC0003B6B0D4A9A653B6B0C4ADA653B6B0C4ADE
:101FD0001A663A68F968B86901F088FC02463B6BFA
:101FE0001A60FB6A002B02D0FB6A3A6B1A6000BFD2
:101FF0002037BD4680BD00BF88670020F067002005
:102000005868002080B582B000AF786001F05EFDB6
:102010002D4B1B6801332C4A13602C4B1B68002B83
:1020200009D12A4A7B681360274B1B68012B10D10A
:1020300000F068FC0DE0264B1B68002B09D1234BF8
:102040001B68DA6A7B68DB6A9A4202D81F4A7B689F
:102050001360204B1B6801331E4A13601D4B1A6826
:102060007B685A647B68DA6A1B4B1B689A4203D907
:102070007B68DB6A184A13607B68DA6A13469B0048
:1020800013449B00154A1A447B68043319461046D2
:10209000FEF7C5FD01F04AFD0D4B1B68002B0ED06D
:1020A0000A4B1B68DA6A7B68DB6A9A4207D20C4BE0
:1020B0004FF080521A60BFF34F8FBFF36F8F00BF96
:1020C0000837BD4680BD00BF001600202C1100203F
:1020D0000C1600201C1600200816002030110020CD
:1020E00004ED00E080B584B000AF78600023FB60B1
:1020F0007B68002B18D0144B1B68002B0BD04FF0C3
:10210000500383F31188BFF36F8FBFF34F8FBB6012
:1021100000BF00BFFDE700F08BF80021786801F0F8
:102120001DF800F093F8F860FB68002B07D1074B0F
:102130004FF080521A60BFF34F8FBFF36F8F00BF15
:102140001037BD4680BD00BF2816002004ED00E01A
:1021500080B58AB004AF0023BB6000237B603A46A1
:10216000391D07F108031846FEF7FCFC39687B6847
:10217000BA68029201930023009300230A4624497F
:102180002448FFF7FBFD0346234A1360224B1B68DC
:10219000002B02D001237B6101E000237B617B697E
:1021A000012B02D101F02EF878617B69012B1BD144
:1021B0004FF0500383F31188BFF36F8FBFF34F8F3E
:1021C0003B6100BF154B1B685433154A1360154B18
:1021D0004FF0FF321A60144B01221A60134B002299
:1021E0001A6001F001FC0FE07B69B3F1FF3F0BD1F6
:1021F0004FF0500383F31188BFF36F8FBFF34F8FFE
:10220000FB6000BF00BFFDE700BF1837BD4680BDC3
:102210009C760508D5280508241600202C110020DE
:102220005C000020201600200C1600200416002060
:1022300080B400AF044B1B680133034A136000BF36
:10224000BD4680BC704700BF2816002080B584B012
:1022500000AF0023FB600023BB60424B1B68002BD8
:102260000BD14FF0500383F31188BFF36F8FBFF38F
:102270004F8F3B6000BF00BFFDE701F027FC394BEB
:102280001B68013B374A1360364B1B68002B62D139
:10229000354B1B68002B5ED02FE0344BDB68DB68CE
:1022A000FB60FB6818331846FEF714FDFB68043327
:1022B0001846FEF70FFDFB68DA6A2D4B1B689A4241
:1022C00003D9FB68DB6A2A4A1360FB68DA6A1346A3
:1022D0009B0013449B00274A1A44FB6804331946A9
:1022E0001046FEF79CFCFB68DA6A234B1B68DB6A2E
:1022F0009A4202D3214B01221A601C4B1B68002B0F
:10230000CBD1FB68002B01D000F0A0FB1C4B1B685D
:102310007B607B68002B10D000F056F80346002B42
:1023200002D0164B01221A607B68013B7B607B6800
:10233000002BF1D1124B00221A60104B1B68002BAE
:1023400009D00123BB600F4B4FF080521A60BFF3DE
:102350004F8FBFF36F8F01F0E9FBBB681846103752
:10236000BD4680BD2816002000160020C0150020A4
:1023700008160020301100202C1100201416002017
:102380001016002004ED00E080B483B000AF044BD1
:102390001B687B607B6818460C37BD4680BC704765
:1023A0000416002080B582B000AF01F051FC00237C
:1023B0007B60044B1B683B603B6818460837BD4692
:1023C00080BD00BF0416002080B586B000AF00239A
:1023D0007B61524B1B68002B40F08F80504B1B6879
:1023E00001333B614E4A3B6913603B69002B21D1AD
:1023F0004C4B1B681B68002B0BD04FF0500383F332
:102400001188BFF36F8FBFF34F8F3B6000BF00BFDA
:10241000FDE7444B1B68FB60434B1B68414A13605C
:10242000414AFB681360414B1B6801333F4A13600C
:1024300000F00CFB3E4B1B683A699A424ED3394B75
:102440001B681B68002B01D1012300E00023002B37
:1024500004D0374B4FF0FF321A603FE0314B1B681E
:10246000DB68DB68BB60BB685B687B603A697B6884
:102470009A4203D22E4A7B6813602FE0BB68043374
:102480001846FEF727FCBB689B6A002B04D0BB688C
:1024900018331846FEF71EFCBB68DA6A254B1B682A
:1024A0009A4203D9BB68DB6A224A1360BB68DA6AC6
:1024B00013469B0013449B001F4A1A44BB68043315
:1024C00019461046FEF7ABFBBB68DA6A1B4B1B686C
:1024D000DB6A9A42B3D301237B61B0E7174B1B68D9
:1024E000DA6A154913469B0013449B000B441B6892
:1024F000012B07D901237B6104E0114B1B680133D9
:102500000F4A13600F4B1B68002B01D001237B6126
:102510007B6918461837BD4680BD00BF28160020CD
:1025200004160020B8150020BC1500201816002045
:102530002016002008160020301100202C11002049
:10254000101600201416002080B586B000AF3D4B59
:102550001B68002B03D03C4B01221A606EE03A4B03
:1025600000221A60394B1B681B6B3B614FF0A5338F
:10257000FB603B691B68FA689A4211D13B690433DE
:102580001B68FA689A420BD13B6908331B68FA68EA
:102590009A4205D13B690C331B68FA689A4208D00D
:1025A0002A4B1A68294B1B68343319461046F0F73A
:1025B000EDF9274B1B687B6111E07B69002B0BD188
:1025C0004FF0500383F31188BFF36F8FBFF34F8F2A
:1025D0007B6000BF00BFFDE77B69013B7B611D495C
:1025E0007A6913469B0013449B000B441B68002B25
:1025F000E3D07A6913469B0013449B00154A1344A9
:10260000BB60BB685B685A68BB685A60BB685A6845
:10261000BB6808339A4204D1BB685B685A68BB68E0
:102620005A60BB685B68DB68084A1360084A7B69CC
:102630001360064B1B685433074A136000BF1837FA
:10264000BD4680BD28160020141600202C11002045
:1026500008160020301100205C00002080B584B0F6
:1026600000AF786039607B68002B0BD14FF05003CE
:1026700083F31188BFF36F8FBFF34F8FFB6000BFF1
:1026800000BFFDE7074B1B68183319467868FEF753
:10269000E9FA0121386800F061FD00BF1037BD463E
:1026A00080BD00BF2C11002080B586B000AFF8605F
:1026B000B9607A60FB68002B0BD14FF0500383F3B5
:1026C0001188BFF36F8FBFF34F8F7B6100BF00BFD7
:1026D000FDE70A4B1B6818331946F868FEF79FFAA6
:1026E0007B68002B02D04FF0FF33BB607968B8687D
:1026F00000F034FD00BF1837BD4680BD2C1100200E
:1027000080B586B000AF78607B68DB68DB683B61D2
:102710003B69002B0BD14FF0500383F31188BFF3BB
:102720006F8FBFF34F8FFB6000BF00BFFDE73B69BA
:1027300018331846FEF7CEFA1D4B1B68002B1DD12F
:102740003B6904331846FEF7C5FA3B69DA6A194B50
:102750001B689A4203D93B69DB6A164A13603B69DE
:10276000DA6A13469B0013449B00134A1A443B69E0
:10277000043319461046FEF752FA05E03B69183358
:1027800019460E48FEF74BFA3B69DA6A0C4B1B6898
:10279000DB6A9A4205D901237B610A4B01221A6048
:1027A00001E000237B617B6918461837BD4680BD78
:1027B000281600200816002030110020C015002027
:1027C0002C1100201416002080B483B000AF786074
:1027D000064B1A687B681A60054B1A687B685A605A
:1027E00000BF0C37BD4680BC704700BF18160020E4
:1027F0000416002080B588B000AF786039607B682F
:10280000002B0BD14FF0500383F31188BFF36F8F70
:10281000BFF34F8F3B6100BF00BFFDE73B68002B5C
:102820000BD14FF0500383F31188BFF36F8FBFF3C9
:102830004F8FFB6000BF00BFFDE701F047F91D4B64
:102840001B68BB617B685B68BA69D31A7B613B68B4
:102850001B68B3F1FF3F02D10023FB6123E07B68DB
:102860001A68154B1B689A4207D07B685B68BA6987
:102870009A4202D30123FB6115E03B681B687A6929
:102880009A420BD23B681A687B69D21A3B681A607D
:102890007868FFF799FF0023FB6104E03B680022A2
:1028A0001A600123FB6101F041F9FB6918462037EA
:1028B000BD4680BD041600201816002080B400AF6D
:1028C000034B01221A6000BFBD4680BC704700BFA9
:1028D0001416002080B582B000AF786000F052F886
:1028E000064B1B68012BF9D9054B4FF080521A603B
:1028F000BFF34F8FBFF36F8FF0E700BF30110020A1
:1029000004ED00E080B582B000AF00237B600CE0F6
:102910007A6813469B0013449B00124A13441846DE
:10292000FEF752F97B6801337B607B68372BEFD968
:102930000D48FEF749F90D48FEF746F90C48FEF739
:1029400043F90C48FEF740F90B48FEF73DF90B4BF5
:10295000054A1A600A4B054A1A6000BF0837BD468F
:1029600080BD00BF3011002090150020A41500206C
:10297000C0150020D4150020EC150020B81500204B
:10298000BC15002080B582B000AF19E001F09EF8C0
:10299000104BDB68DB687B607B6804331846FEF70E
:1029A00099F90D4B1B68013B0B4A13600B4B1B68DD
:1029B000013B0A4A136001F0B9F8786800F010F89A
:1029C000064B1B68002BE1D100BF00BF0837BD4696
:1029D00080BD00BFD415002000160020E81500209F
:1029E00080B584B000AF78607B685433184602F03D
:1029F00011FE7B6893F8A530002B08D17B681B6B18
:102A0000184601F031FA786801F02EFA19E07B6877
:102A100093F8A530012B03D1786801F025FA10E076
:102A20007B6893F8A530022B0BD04FF0500383F353
:102A30001188BFF36F8FBFF34F8FFB6000BF00BFE4
:102A4000FDE700BF1037BD4680BD000080B483B0F5
:102A500000AF0E4B1B681B68002B01D1012300E067
:102A60000023002B04D00A4B4FF0FF321A6008E01D
:102A7000064B1B68DB68DB687B607B685B68044A2D
:102A8000136000BF0C37BD4680BC7047B8150020EE
:102A90002016002080B483B000AF0B4B1B68002BC6
:102AA00002D101237B6008E0084B1B68002B02D198
:102AB00002237B6001E000237B607B6818460C37B3
:102AC000BD4680BC704700BF0C16002028160020B1
:102AD00080B584B000AF78607B68BB600023FB608A
:102AE0007B68002B56D0BB68DA6A2D4B1B68DB6A0B
:102AF0009A4246D2BB689B69002B06DB284B1B68B9
:102B0000DB6AC3F13802BB689A61BB685969BB686C
:102B1000DA6A13469B0013449B00224A13449942ED
:102B200001D1012300E00023002B22D0BB68043335
:102B30001846FEF7CFF81A4B1B68DA6ABB68DA62F0
:102B4000BB68DA6A184B1B689A4203D9BB68DB6A18
:102B5000154A1360BB68DA6A13469B0013449B0056
:102B6000104A1A44BB68043319461046FEF757F85A
:102B700004E00B4B1B68DA6ABB68DA620123FB6076
:102B800008E0BB68DA6C064B1B68DB6A9A4201D22C
:102B90000123FB60FB6818461037BD4680BD00BFAF
:102BA0002C110020301100200816002080B586B0BE
:102BB00000AF78607B683B6100237B617B68002B02
:102BC00058D02F4B1B683A699A420BD04FF05003F4
:102BD00083F31188BFF36F8FBFF34F8FFB6000BF8C
:102BE00000BFFDE73B691B6D002B0BD14FF050037D
:102BF00083F31188BFF36F8FBFF34F8FBB6000BFAC
:102C000000BFFDE73B691B6D5A1E3B691A653B69B6
:102C1000DA6A3B69DB6C9A422CD03B691B6D002B56
:102C200028D13B6904331846FEF754F83B69DA6C47
:102C30003B69DA623B69DB6AC3F138023B699A613E
:102C40003B69DA6A0F4B1B689A4203D93B69DB6A1E
:102C50000C4A13603B69DA6A13469B0013449B00DD
:102C6000094A1A443B69043319461046FDF7D7FF59
:102C700001237B617B6918461837BD4680BD00BFC4
:102C80002C110020081600203011002080B588B0DB
:102C900000AF786039607B68BB6101237B617B6832
:102CA000002B71D0BB691B6D002B0BD14FF0500373
:102CB00083F31188BFF36F8FBFF34F8FFB6000BFAB
:102CC00000BFFDE7BB69DB6C3A689A4202D93B68FA
:102CD000FB6102E0BB69DB6CFB61BB69DB6AFA6923
:102CE0009A4251D0BB691B6D7A699A424CD1284BEC
:102CF0001B68BA699A420BD14FF0500383F31188D5
:102D0000BFF36F8FBFF34F8FBB6000BF00BFFDE706
:102D1000BB69DB6A3B61BB69FA69DA62BB699B69C3
:102D2000002B04DBFB69C3F13802BB699A61BB6904
:102D300059693A6913469B0013449B00154A134492
:102D4000994201D1012300E00023002B1CD0BB6974
:102D500004331846FDF7BEFFBB69DA6A0E4B1B68E9
:102D60009A4203D9BB69DB6A0B4A1360BB69DA6A12
:102D700013469B0013449B00064A1A44BB69043364
:102D800019461046FDF74BFF00BF2037BD4680BDFA
:102D90002C110020301100200816002080B400AF54
:102DA000074B1B68002B04D0054B1B681A6D0132C2
:102DB0001A65034B1B681846BD4680BC704700BFB0
:102DC0002C11002080B584B000AF7860396000F02D
:102DD0007DFE204B1B68D3F8A030002B13D11D4B78
:102DE0001B68012283F8A4203B68002B0BD0012133
:102DF000386800F0B3F9184B4FF080521A60BFF3F7
:102E00004F8FBFF36F8F00F091FE00F05FFE114B0C
:102E10001B68D3F8A030FB60FB68002B0ED07B68EA
:102E2000002B05D00B4B1B680022C3F8A02005E047
:102E3000084B1B68FA68013AC3F8A020054B1B68D1
:102E4000002283F8A42000F071FEFB6818461037BA
:102E5000BD4680BD2C11002004ED00E080B58AB095
:102E600000AFF860B9603B601346FB7101237B62E1
:102E7000FB68002B0BD14FF0500383F31188BFF395
:102E80006F8FBFF34F8FBB6100BF00BFFDE7FB68D3
:102E90003B6200F01BFE3B68002B04D03B6AD3F87A
:102EA000A0203B681A603B6A93F8A430FB773B6A2A
:102EB000022283F8A420FB79042B2ED801A252F819
:102EC00023F000BF1B2F0508D92E0508EB2E05089F
:102ED000FB2E0508052F05083B6AD3F8A020BB6828
:102EE0001A433B6AC3F8A02017E03B6AD3F8A0302E
:102EF0005A1C3B6AC3F8A0200FE03B6ABA68C3F8CB
:102F0000A0200AE0FB7F022B04D03B6ABA68C3F81A
:102F1000A02001E000237B6200BFFB7F012B3BD19F
:102F20003B6A04331846FDF7D5FE3B6ADA6A1E4B4E
:102F30001B689A4203D93B6ADB6A1B4A13603B6AEF
:102F4000DA6A13469B0013449B00184A1A443B6AF2
:102F5000043319461046FDF762FE3B6A9B6A002B5C
:102F60000BD04FF0500383F31188BFF36F8FBFF383
:102F70004F8F7B6100BF00BFFDE73B6ADA6A0C4BF5
:102F80001B68DB6A9A4207D90A4B4FF080521A60DD
:102F9000BFF34F8FBFF36F8F00F0C8FD7B6A1846F9
:102FA0002837BD4680BD00BF081600203011002024
:102FB0002C11002004ED00E080B58EB000AFF86069
:102FC000B9603B601346FB7101237B63FB68002BF8
:102FD0000BD14FF0500383F31188BFF36F8FBFF312
:102FE0004F8F7B6200BF00BFFDE700F031FEFB6842
:102FF0003B63EFF311824FF0500383F31188BFF36B
:103000006F8FBFF34F8F3A62FB613B6AFB623B6895
:10301000002B04D03B6BD3F8A0203B681A603B6BBD
:1030200093F8A43087F82B303B6B022283F8A4205E
:10303000FB79042B2ED801A252F823F09530050815
:103040005130050863300508733005087D300508E8
:103050003B6BD3F8A020BB681A433B6BC3F8A0209E
:1030600018E03B6BD3F8A0305A1C3B6BC3F8A02090
:1030700010E03B6BBA68C3F8A0200BE097F82B3048
:10308000022B04D03B6BBA68C3F8A02001E00023F8
:103090007B6300BF97F82B30012B48D13B6B9B6AB9
:1030A000002B0BD04FF0500383F31188BFF36F8FC9
:1030B000BFF34F8FBB6100BF00BFFDE7214B1B6813
:1030C000002B1DD13B6B04331846FDF703FE3B6B11
:1030D000DA6A1D4B1B689A4203D93B6BDB6A1A4ABA
:1030E00013603B6BDA6A13469B0013449B00174A3C
:1030F0001A443B6B043319461046FDF790FD05E07A
:103100003B6B183319461248FDF789FD3B6BDA6AB1
:10311000104B1B68DB6A9A4209D93B6C002B03D029
:103120003B6C01221A6002E00B4B01221A60FB6A21
:103130007B617B6983F3118800BF7B6B184638374E
:10314000BD4680BD28160020081600203011002042
:10315000C01500202C1100201416002080B584B06A
:1031600000AF78603960214B1B68FB60204B1B6807
:1031700004331846FDF7AEFD7B68B3F1FF3F0AD17B
:103180003B68002B07D01A4B1B68043319461948BB
:10319000FDF745FD26E0FA687B681344BB60144BDD
:1031A0001B68BA685A60BA68FB689A4209D2124B27
:1031B0001A680F4B1B68043319461046FDF752FD81
:1031C00010E00E4B1A680A4B1B6804331946104670
:1031D000FDF748FD0A4B1B68BA689A4202D2084ABA
:1031E000BB68136000BF1037BD4680BD04160020C9
:1031F0002C110020EC150020BC150020B815002073
:103200002016002080B58AB004AF00237B6100F057
:103210002DFB1D4B1B68002B21D00023FB600023DE
:10322000BB603A1D07F1080107F10C031846FDF7D2
:10323000B1FC7968BB68FA6802920193022300939B
:1032400000230A4611491248FEF798FD0346114A29
:103250001360104B1B68002B01D001237B617B693D
:10326000002B0BD14FF0500383F31188BFF36F8F06
:10327000BFF34F8F3B6100BF00BFFDE77B6918467E
:103280001837BD4680BD00BF5C160020A476050837
:10329000613405086016002080B588B002AFF86080
:1032A000B9607A603B60302000F012FD78617B6984
:1032B000002B0DD07B6901933B6A00933B687A68D1
:1032C000B968F86800F009F87B69002283F82C20BF
:1032D0007B6918461837BD4680BD80B586B000AF03
:1032E000F860B9607A603B60BB68002B0BD14FF08F
:1032F000500383F31188BFF36F8FBFF34F8F7B6150
:1033000000BF00BFFDE77B6A002B15D000F0AEFACE
:103310007B6AFA681A607B6ABA689A617B6A7A6823
:10332000DA617B6A3A681A627B6A3A6A5A627B6A35
:1033300004331846FDF767FC00BF1837BD4680BD53
:1033400080B58AB000AFF860B9607A603B60002356
:103350007B62FB68002B0BD14FF0500383F3118885
:10336000BFF36F8FBFF34F8F3B6200BF00BFFDE71E
:10337000194B1B68002B2AD0BB683B617B687B61C3
:10338000FB68BB61BB68052B18DCFFF783FB0346BA
:10339000022B09D1104B186807F1100100233A6B7A
:1033A000FDF778FE786212E00B4B186807F1100108
:1033B00000230022FDF76EFE786208E0064B1868D5
:1033C00007F1100100233A68FDF766FF78627B6A17
:1033D00018462837BD4680BD5C16002080B588B0F1
:1033E00002AF786039601D4B1B68DB68DB687B616E
:1033F0007B6904331846FDF76DFC7B69DB69012BA3
:1034000023D17B699A697B68D1187B683A687869AF
:1034100000F0CCF80346002B17D0002300930023C4
:103420007A6800217869FFF78BFF38613B69002BD0
:103430000BD14FF0500383F31188BFF36F8FBFF3AD
:103440004F8FFB6000BF00BFFDE77B695B6A786957
:10345000984700BF1837BD4680BD00BF54160020F6
:1034600080B584B000AF786007F10803184600F01B
:1034700059F8F860BB681946F86800F005F800F0E4
:10348000D7F800BFF0E7000080B584B000AF7860E7
:103490003960FEF7CDFE07F10803184600F066F824
:1034A000F860BB68002B30D13B68002B0AD17A68EA
:1034B000FB689A4206D8FEF7C9FEF9687868FFF7FC
:1034C0008DFF24E03B68002B08D0134B1B681B6862
:1034D000002B0CBF01230023DBB23B600F4B1868AD
:1034E0007A68FB68D31A3A681946FEF713FCFEF7B0
:1034F000ADFE0346002B0AD1094B4FF080521A60F3
:10350000BFF34F8FBFF36F8F01E0FEF79FFE00BF49
:103510001037BD4680BD00BF581600205C16002045
:1035200004ED00E080B485B000AF78600E4B1B68FE
:103530001B68002B0CBF01230023DBB21A467B68FB
:103540001A607B681B68002B05D1074B1B68DB6882
:103550001B68FB6001E00023FB60FB681846143722
:10356000BD4680BC704700BF5416002080B584B0B3
:1035700000AF7860FEF708FFF8600B4B1B68FA6835
:103580009A4205D200F010F97B6801221A6002E02D
:103590007B6800221A60044AFB681360FB681846C7
:1035A0001037BD4680BD00BF6416002080B586B0D0
:1035B00000AFF860B9607A603B6000237B61FB6814
:1035C000BA685A60FB68FA681A61BA687B689A42FE
:1035D00012D87A683B68D21AFB689B699A4202D378
:1035E00001237B611BE0104B1A68FB68043319460A
:1035F0001046FDF737FB12E07A683B689A4206D224
:10360000BA683B689A4202D301237B6107E0074B0B
:103610001A68FB68043319461046FDF723FB7B69E3
:1036200018461837BD4680BD581600205416002095
:1036300080B58EB002AFA5E07B68002B19DA3B1D88
:103640000433FB62FB6A002B0BD14FF0500383F372
:103650001188BFF36F8FBFF34F8FFB6100BF00BFB7
:10366000FDE7FB6A1B68FA6A5068FA6A92681146BD
:1036700098477B68002BC0F28580FB68BB62BB6A01
:103680005B69002B04D0BB6A04331846FDF722FBAC
:103690003B461846FFF76AFF78627B68092B6CD8B7
:1036A00001A252F823F000BFD1360508D136050833
:1036B000D13605087B3705082F3705086937050817
:1036C000D1360508D13605087B3705082F370508A0
:1036D000BA68BB6A9B69D118BB687A6AB86AFFF797
:1036E00065FF0346002B4AD0BB6A5B6AB86A9847FD
:1036F000BB6ADB69012B42D1BA68BB6A9B691A4479
:103700000023009300230021B86AFFF719FE3862F6
:103710003B6A002B33D14FF0500383F31188BFF382
:103720006F8FBFF34F8FBB6100BF00BFFDE7BA686B
:10373000BB6A9A61BB6A9B69002B0BD14FF05003A7
:1037400083F31188BFF36F8FBFF34F8F7B6100BF8F
:1037500000BFFDE7BB6A9A697B6AD1187B6A7A6A07
:10376000B86AFFF723FF0DE0BB6A93F82C30002BFB
:1037700007D1B86A00F078FB03E000BF02E000BFA9
:1037800000E000BF074B1B68391D00221846FDF7FB
:10379000AFFE0346002B7FF44FAF00BF00BF3037B2
:1037A000BD4680BD5C16002080B588B002AF46E003
:1037B0002C4B1B68DB681B683B612A4B1B68DB6872
:1037C000DB68FB60FB6804331846FDF783FAFB688F
:1037D0005B6AF8689847FB68DB69012B2FD1FB68AF
:1037E0009B693A691344BB60BA683B699A420ED937
:1037F000FB68BA685A60FB68FA681A61194B1A6864
:10380000FB68043319461046FDF72CFA17E0002335
:10381000009300233A690021F868FFF791FD786072
:103820007B68002B0BD14FF0500383F31188BFF35B
:103830006F8FBFF34F8F3B6000BF00BFFDE7094BA9
:103840001B681B68002BB3D1064B1B687B61064BC2
:103850001B68044A1360044A7B69136000BF183771
:10386000BD4680BD541600205816002080B582B099
:1038700002AF00F02BF9154B1B68002B20D1144828
:10388000FDF7A2F91348FDF79FF9134B104A1A6090
:10389000124B104A1A6000230093114B114A102159
:1038A0000A20FDF7ABFA0346084A1360074B1B6872
:1038B000002B05D0054B1B680B491846FEF7D8F9BD
:1038C00000F034F900BFBD4680BD00BF5C1600208B
:1038D0002C160020401600205416002058160020F8
:1038E0000817002068160020AC76050880B485B063
:1038F00000AFF860B9607A60FB68043BFB60FB686E
:103900004FF080721A60FB68043BFB60BB6823F0D9
:103910000102FB681A60FB68043BFB60084AFB6815
:103920001A60FB68143BFB607A68FB681A60FB68EE
:10393000203BFB60FB6818461437BD4680BC7047CF
:103940004539050880B485B000AF00237B60124B79
:103950001B68B3F1FF3F0BD04FF0500383F3118886
:10396000BFF36F8FBFF34F8FFB6000BF00BFFDE75A
:103970004FF0500383F31188BFF36F8FBFF34F8F66
:10398000BB6000BF00BF7B68002BFCD000BF00BF46
:103990001437BD4680BC704758000020000000006E
:1039A000074B19680868B0E8F00F80F30988BFF387
:1039B0006F8F4FF0000080F311884EF00D0E7047AE
:1039C0002C11002000BF00BF06480068006880F38B
:1039D000088862B661B6BFF34F8FBFF36F8F00DF09
:1039E00000BF00BF08ED00E080B584B000AF324BEF
:1039F000FB60FB681B78DBB27B60FB68FF221A7000
:103A0000FB681B78DBB2FB70FB78DBB203F0500382
:103A1000DAB22A4B1A702A4B07221A6009E0284BA7
:103A20001B68013B264A1360FB78DBB25B00DBB20C
:103A3000FB70FB78DBB203F08003802BEFD0204BD0
:103A40001B68C3F10703042B0BD04FF0500383F323
:103A50001188BFF36F8FBFF34F8FBB6000BF00BFF4
:103A6000FDE7174B1B681B02154A1360144B1B68BC
:103A700003F4E063124A13607B68DAB2FB681A70E1
:103A8000104B1B680F4A43F4700313600D4B1B6807
:103A90000C4A43F07043136000F0B8F80A4B002260
:103AA0001A60FFF791FFFEF74FFDFFF74BFF002372
:103AB00018461037BD4680BD00E400E058170020CE
:103AC0005C17002020ED00E05800002080B483B097
:103AD00000AF4FF0500383F31188BFF36F8FBFF334
:103AE0004F8F7B6000BF0F4B1B6801330D4A136083
:103AF0000C4B1B68012B10D10B4B1B68DBB2002B4E
:103B00000BD04FF0500383F31188BFF36F8FBFF3D7
:103B10004F8F3B6000BF00BFFDE700BF0C37BD46C5
:103B200080BC70475800002004ED00E080B483B0F2
:103B300000AF124B1B68002B0BD14FF0500383F3E7
:103B40001188BFF36F8FBFF34F8F7B6000BF00BF43
:103B5000FDE70A4B1B68013B084A1360074B1B68D3
:103B6000002B05D100233B603B6883F3118800BF25
:103B700000BF0C37BD4680BC704700BF5800002016
:103B8000EFF30980BFF36F8F0D4B1A6820E9F00F38
:103B900010602DE908404FF0500080F31188FEF7C7
:103BA000D3FC4FF0000080F31188BDE8084019688D
:103BB0000868B0E8F00F80F30988BFF36F8F704793
:103BC0002C11002000BF00BF80B582B000AF4FF0C5
:103BD000500383F31188BFF36F8FBFF34F8F7B6068
:103BE00000BFFEF7F1FB0346002B03D0064B4FF05E
:103BF00080521A6000233B603B6883F3118800BF4A
:103C000000BF0837BD4680BD04ED00E080B400AFC2
:103C10000A4B00221A600A4B00221A60094B1B68EB
:103C2000094AA2FB03239B09084A013B1360034B8B
:103C300007221A6000BFBD4680BC704710E000E05C
:103C400018E000E04C000020D34D621014E000E0CA
:103C500080B485B000AFEFF30583FB60FB680F2BEA
:103C600015D9174AFB6813441B78FB72154B1B7858
:103C7000FA7A9A420BD24FF0500383F31188BFF3C4
:103C80006F8FBFF34F8F7B6000BF00BFFDE70E4B10
:103C90001B6803F4E0620D4B1B689A420BD94FF08E
:103CA000500383F31188BFF36F8FBFF34F8F3B60D7
:103CB00000BF00BFFDE700BF1437BD4680BC7047A2
:103CC000F0E300E0581700200CED00E05C17002046
:103CD00080B58AB000AF78600023FB61FEF7A8FAD8
:103CE0005C4B1B68002B01D100F01AF95A4B1A6883
:103CF0007B681340002B40F090807B68002B1ED027
:103D000008227B6813447B607B6803F00703002B69
:103D100015D07B6823F0070308337B607B6803F0D2
:103D20000703002B0BD04FF0500383F31188BFF330
:103D30006F8FBFF34F8F7B6100BF00BFFDE77B68D4
:103D4000002B6AD0454B1B687A689A4265D8444B71
:103D50003B62434B1B687B6204E07B6A3B627B6A8D
:103D60001B687B627B6A5B687A689A4203D97B6ACC
:103D70001B68002BF1D1374B1B687A6A9A424CD0F2
:103D80003B6A1B6808221344FB617B6A1A683B6A22
:103D90001A607B6A5A687B68D21A08235B009A42D1
:103DA00020D97A6A7B681344BB61BB6903F00703BF
:103DB000002B0BD04FF0500383F31188BFF36F8FAC
:103DC000BFF34F8F3B6100BF00BFFDE77B6A5A68BE
:103DD0007B68D21ABB695A607B6A7A685A60B86994
:103DE00000F000F91D4B1A687B6A5B68D31A1B4A06
:103DF00013601A4B1A681B4B1B689A4203D2174B6D
:103E00001B68184A13607B6A5A68134B1B681A4375
:103E10007B6A5A607B6A00221A60FEF717FAFB6918
:103E2000002B01D1EEF7E8FDFB6903F00703002B3F
:103E30000BD04FF0500383F31188BFF36F8FBFF3A4
:103E40004F8FFB6000BF00BFFDE7FB6918462837B6
:103E5000BD4680BD68670020746700206C67002045
:103E6000606700207067002080B586B000AF786082
:103E70007B687B617B68002B4AD008235B427A69B0
:103E800013447B617B693B613B695A68224B1B6829
:103E90001340002B0BD14FF0500383F31188BFF375
:103EA0006F8FBFF34F8FFB6000BF00BFFDE73B6923
:103EB0001B68002B0BD04FF0500383F31188BFF326
:103EC0006F8FBFF34F8FBB6000BF00BFFDE73B6943
:103ED0005A68114B1B681340002B19D03B691B68B3
:103EE000002B15D13B695A680B4B1B68DB431A400A
:103EF0003B695A60FEF79CF93B695A68074B1B689F
:103F00001344064A1360386900F06CF8FEF79EF916
:103F100000BF1837BD4680BD746700206C67002065
:103F200080B485B000AF4FF4A043BB60274BFB606B
:103F3000FB6803F00703002B0CD0FB680733FB6022
:103F4000FB6823F00703FB60BA68FB68D31A1F4ABB
:103F50001344BB60FB687B601D4A7B6813601C4B8D
:103F600000225A607B68BA681344FB600822FB6831
:103F70009B1AFB60FB6823F00703FB60FB68154A94
:103F80001360144B1B6800225A60124B1B680022FE
:103F90001A607B683B603B68FA68D21A3B685A60DB
:103FA0000C4B1A683B681A603B685B680A4A1360EE
:103FB0003B685B68094A1360094B4FF000421A6086
:103FC00000BF1437BD4680BC704700BF601700209B
:103FD0006067002068670020706700206C67002021
:103FE0007467002080B485B000AF7860274BFB6019
:103FF00002E0FB681B68FB60FB681B687A689A42FA
:10400000F7D8FB68BB60FB685B68BA6813447A68E2
:104010009A4208D1FB685A687B685B681A44FB685F
:104020005A60FB687B607B68BB607B685B68BA68D2
:104030001A44FB681B689A4218D1FB681A68144B33
:104040001B689A420DD07B685A68FB681B685B68E6
:104050001A447B685A60FB681B681A687B681A60A0
:1040600008E00B4B1A687B681A6003E0FB681A686B
:104070007B681A60FA687B689A4202D0FB687A68AB
:104080001A6000BF1437BD4680BC704760670020CF
:104090006867002080B400AFBFF34F8F00BF064BAE
:1040A000DB6803F4E0620449044B1343CB60BFF3C5
:1040B0004F8F00BF00BFFDE700ED00E00400FA05F0
:1040C00080B483B000AF78600B46FB707B6893F8D8
:1040D0000231CF2B20D87B6893F8013119467B68D9
:1040E000FA785A547B6893F8013101335A42DBB2B3
:1040F000D2B258BF5342DAB27B6883F801217B68A1
:10410000002283F803217B6893F802310133DAB28D
:104110007B6883F8022110E07B68012283F8032189
:104120007B6893F8003101335A42DBB2D2B258BFF8
:104130005342DAB27B6883F8002100BF0C37BD46DA
:1041400080BC704780B582B000AF786039607B6812
:1041500093F802311A463968786800F005F803468A
:1041600018460837BD4680BD80B586B000AFF86000
:10417000B9601346FB71FB6893F80231002B02D043
:10418000FB79002B01D1002337E00023FB7519E0F8
:10419000FB6893F800311946FB7DBA681344FA684E
:1041A000525C1A70FB6893F8003101335A42DBB25B
:1041B000D2B258BF5342DAB2FB6883F80021FB7DCC
:1041C0000133FB75FA7DFB799A4205D2FB6893F8BF
:1041D0000231FA7D9A42DBD3FB6893F80221FB7D22
:1041E000D31ADAB2FB6883F80221FB68002283F855
:1041F0000321F86800F005F8FB7D18461837BD4626
:1042000080BD80B483B000AF78607B68002283F803
:1042100000217B68002283F801217B68002283F85B
:1042200002217B68002283F8032100BF0C37BD46C2
:1042300080BC704780B584B002AF7860464B1B7875
:10424000022B00F284807B6803F5A0731846FFF709
:10425000D8FF7B681B78032B09D1404A7968404816
:10426000FCF7E2F802467B68C3F8302135E07B6852
:104270001B78042B30D13B4A79683B48FCF7D4F8D3
:1042800002467B68C3F830217B68B3F822311946B7
:104290007B68D3F83831354A009200223448FEF763
:1042A000FBFF02467B68C3F838217B68D3F83831BE
:1042B000002B01D100BFFDE72E4A10210520FCF79D
:1042C000E5FA02467B68C3F82C217B68D3F82C31D1
:1042D000002B02D100BFFDE7FEE77B68D3F8303149
:1042E000002B01D100BFFDE77B68D3F83431224AAF
:1042F0000092002205212148FEF7CEFF02467B688E
:10430000C3F834217B68D3F83431002B01D100BFCE
:10431000FDE71B4A01210120FCF75EF902467B689C
:10432000C3F83C217B68D3F83C31002B01D100BF9E
:10433000FDE7094B1B781946124A7B6842F8213089
:10434000054B1B780133DAB2034B1A7000E0FEE72D
:104350000837BD4680BD00BF846700203C79050852
:104360008145050860790508B14A05082545050815
:10437000F876050824790508A1440508087705089A
:10438000847905087867002080B582B000AF786036
:104390007B6893F84432012B10D07B6893F8443249
:1043A000032B0BD07B6893F84432022B06D07B683A
:1043B00093F84432042B01D000BFFDE77B6893F8EB
:1043C0004432042B01D100BFFDE77B6893F84432EF
:1043D000012B04D07B6893F84432042B41D17B68D5
:1043E000DB68002B07D07B68D8687B681B8A0022BB
:1043F0001946F7F77EFA7B681B78032B06D17B689A
:10440000D3F81831002B01D100BFFDE700BF7B6856
:104410005B681846FBF70AFD0346202BF7D17B6843
:1044200058687B6803F5937301221946FBF71AF964
:104430000346002B01D000BFFDE77B681B7A002BF1
:1044400005D07B681B78042B01D100BFFDE77B689A
:104450001B7A002B05D17B681B78032B01D100BF91
:10446000FDE77B68002283F813217B6893F8132112
:104470007B6883F814217B680022A3F820217B68E5
:10448000B3F820217B68A3F81E217B68B3F81E21B6
:104490007B68A3F81C2100BF0837BD4680BD000023
:1044A00080B586B002AF78600023FB602AE01B4A2B
:1044B000FB6852F82330D3F834317A689A421ED11F
:1044C000164AFB6852F823301B78042B0CD1134A90
:1044D000FB6852F82330D3F83801002300930023FF
:1044E00000220321FEF72CFF0C4AFB6852F8233010
:1044F000D3F83001002303220021FEF7AFFCFB6854
:104500000133FB60064B1B781A46FB689342CEDBF7
:1045100000BF00BF1037BD4680BD00BF78670020D8
:104520008467002080B584B000AF78600023FB6012
:1045300017E0114AFB6852F82330D3F838317A6813
:104540009A420BD10C4AFB6852F82330D3F8300161
:10455000002303226FF00701FEF780FCFB680133A4
:10456000FB60064B1B781A46FB689342E1DB00BFF9
:1045700000BF1037BD4680BD7867002084670020EB
:1045800080B586B000AF78607B683B613B690022F4
:104590009A743B6993F84432012B04D03B6993F839
:1045A0004432042B17D14FF0FF310120FEF70AFCF3
:1045B000386900F061FC034613F1030F0BD13B692E
:1045C000FD229A743B69B3F8203101339AB23B69FA
:1045D000A3F82021FDE03B6993F81331062B03D8A3
:1045E0003B69FA229A74F4E03B69012283F828219E
:1045F0003B69DB7C002B03D13B69002283F8282137
:104600003B69DA7C3B691B7A9A4205D03B6993F897
:104610002831002B40F0DC80386900F0A9FC03460B
:10462000FB73FB7B002B14D0FB7B3969184600F031
:10463000D9FD386900F0F3FD97F90F203B699A74B2
:104640003B69B3F8203101339AB23B69A3F82021CA
:10465000BFE03B6900229A743B69D3F83C314FF0CC
:10466000FF311846FDF726F83B69062283F813212F
:104670003B691B7D3B723B695A7D3B699B7D1946BB
:104680001046F6F79BFA03467B813B69DA7D3B696E
:104690001B7E19461046F6F791FA0346BB813B692B
:1046A00093F82831002B74D03B691B7D013B052B0F
:1046B0006ED801A252F823F0D1460508D14605086C
:1046C000E946050801470508194705083147050867
:1046D00007F1080319463869F0F7ECFA03461A4661
:1046E0003B6983F8272154E007F10803194638692C
:1046F000F0F76FFB03461A463B6983F8272148E031
:1047000007F1080319463869F0F7BAFB03461A4661
:104710003B6983F827213CE007F108031946386913
:10472000F0F74CFF03461A463B6983F8272130E037
:104730007B89132B20D1BB8940F21F2293421BD1CE
:10474000386900F06CFD3B69082283F827210023BB
:104750007B6103E000BF7B6901337B617B691D4A9C
:104760009342F7D93B69D3F83C0100230022002192
:10477000FCF790FCFFF78EFC07F108031946386937
:10478000F0F735FF03461A463B6983F8272100E01E
:1047900000BF3B6993F91230002B0DD03B6993F9B0
:1047A000123013F1080F07D03B6993F91230DBB2D6
:1047B0003969184600F016FD386900F030FD3B6994
:1047C000D3F83C01002300220021FCF763FC00E049
:1047D00000BFDBE63F420F0084B080B584B000AF7D
:1047E000786007F11C0080E80E000023BB737B6833
:1047F000D3F83C314FF0FF311846FCF75BFF7B6884
:104800001B7A002B01D0FF23BB737B6893F9273100
:10481000002B01D0FE23BB733B7F002B02D03B7FDC
:10482000F72B01D9F723BB73BB7B002B0ED097F975
:104830000E207B689A747B68D3F83C010023002229
:104840000021FCF727FC97F90E3029E17A6A7B6892
:10485000C3F818213A7F7B68DA747A7F7B681A750F
:10486000FB8B1B0A9BB2DAB27B685A75FB8BDAB200
:104870007B689A757B7F013B0F2B00F2FE8001A2C3
:1048800052F823F0C5480508C5480508C54805087D
:10489000C5480508E3480508054905087B4A050899
:1048A0007B4A05087B4A05087B4A05087B4A0508C0
:1048B0007B4A05087B4A05087B4A05082749050805
:1048C000E54905083B8C1B0A9BB2DAB27B68DA75B6
:1048D0003B8CDAB27B681A767B68062283F8132158
:1048E000CBE07B6A1B88002B01D0FF2200E0002276
:1048F0007B68DA757B6800221A767B68062283F86B
:104900001321BAE07B6A1B881B0A9BB2DAB27B6870
:10491000DA757B6A1B88DAB27B681A767B680622B6
:1049200083F81321A9E03B8C1B099BB27B727B7A35
:104930005B00FB733B8C03F00F039BB2002B05D095
:10494000FB7B0133FB737B7A01337B723B8C1B0A4D
:104950009BB2DAB27B68DA753B8CDAB27B681A7686
:104960007B68FA7B5A767B68072283F81321002341
:10497000BB8131E0BB8903F001039BB2002B0FD058
:104980007A6ABB895B089BB25B0013441A887B6818
:1049900093F813311946D2B27B680B44DA7410E0F5
:1049A0007A6ABB895B089BB25B0013441B881B0AB5
:1049B0009AB27B6893F813311946D2B27B680B44E4
:1049C000DA747B6893F813310133DAB27B6883F8C9
:1049D0001321BB890133BB81FB7B9BB2BA899A420D
:1049E000C8D34AE03B8C1B0A9BB2DAB27B68DA750B
:1049F0003B8CDAB27B681A763B8CDBB25B00DAB2B6
:104A00007B685A767B68072283F8132100237B8119
:104A10002EE07A6A7B895B0013441B881B0A9AB2DA
:104A20007B6893F813311946D2B27B680B44DA7471
:104A30007B6893F813310133DAB27B6883F8132172
:104A40007A6A7B895B0013441A887B6893F8133178
:104A50001946D2B27B680B44DA747B6893F8133141
:104A60000133DAB27B6883F813217B8901337B81C0
:104A70003B8C7A899A42CCD300BF786800F0CFFB98
:104A80007B68D3F83C01002300220021FCF702FBE5
:104A90007B68012283F827217B6800229A74002317
:104AA00018461037BD46BDE8804004B0704700BFCF
:104AB00080B58CB002AF78607B687B627B6AD3F88C
:104AC0002C3107F10C014FF0FF321846FCF710FDB6
:104AD0007B6A5B685B68B3F5964F0BD87B6A5B6853
:104AE0005B6848F6B802B2FBF3F302331846FBF7F3
:104AF00045FD02E00320FBF741FDBB69009307F190
:104B00000C030ECB786AFFF767FE4FF0FF310120F0
:104B1000FEF758F938627B6A00229A743B6A002BD0
:104B200018D07B6A002283F827217B6AF8229A74C6
:104B30007B6AB3F8203101339AB27B6AA3F8202153
:104B4000B8697B6A93F91230194600230322FEF7F5
:104B500085F999E0786A00F08FF97B6A93F8133150
:104B6000052B18D87B6A002283F827217B6AFA225A
:104B70009A747B6AB3F8203101339AB27B6AA3F846
:104B80002021B8697B6A93F9123019460023032269
:104B9000FEF764F978E07B6AD3F8380100230093CC
:104BA000002300220321FEF7CBFB786A00F0F4F823
:104BB0000346FB7797F91F30002B10D07B6A002249
:104BC00083F827217B6AFA7F9A74B8697B6A93F924
:104BD0001230194600230322FEF740F954E07B6AA5
:104BE000FA7F9A747B6AD3F83C314FF0FF31184654
:104BF000FCF760FD7B6A1B7D013B0F2B2AD801A2CD
:104C000052F823F0454C0508454C05084D4C050865
:104C10004D4C0508554C0508554C0508554C0508E4
:104C2000554C0508554C0508554C0508554C0508CC
:104C3000554C0508554C0508554C0508554C0508BC
:104C4000554C0508786A00F021F804E0786A00F015
:104C500074F800E000BF7B6A002283F827217B6A9A
:104C600093F91230002B0ED17B6AD3F83C0100235C
:104C700000220021FCF70EFAB869002303226FF02E
:104C80000A01FEF7EBF800BF18E700BF90B585B04A
:104C900000AF78600323BB730023FB7343E0FB7B0F
:104CA00003F00103DBB2002B1CD0FA7BBB7B134467
:104CB0007A681344D87C7B68D3F81821FB7B5B08A7
:104CC000DBB25B0013441B88D9B27B68D3F8182190
:104CD000FB7B5B08DBB25B00D41800F02BFA0346C9
:104CE00023801DE07B68D3F81821FB7B5B08DBB2D7
:104CF0005B0013441B881B0A9BB2D8B2FA7BBB7BB8
:104D000013447A681344D97C7B68D3F81821FB7B61
:104D10005B08DBB25B00D41800F00CFA034623807A
:104D2000FB7B0133FB737B685B7DFA7B9A42B6D3D6
:104D300000BF00BF1437BD4690BD90B585B000AF31
:104D400078600323FB730023BB7318E0FB7B7A6856
:104D50001344D87CFB7B01337A681344D97C7B688D
:104D6000D3F81821BB7B5B00D41800F0E3F90346AD
:104D70002380FB7B0233FB73BB7B0133BB737B68FC
:104D80005B7D5B08DBB2BA7B9A42DFD300BF00BF1A
:104D90001437BD4690BD000080B584B000AF786088
:104DA0007B6893F81331023B7A681344DB7C1BB2B7
:104DB0001B021AB27B6893F81331013B79680B44EC
:104DC000DB7C1BB213431BB2BB817B6803F1130274
:104DD0007B6893F81331023BDBB21946104600F0B2
:104DE000BBF903461A46BB89934209D07B68B3F8E6
:104DF000203101339AB27B68A3F82021FC2334E0F0
:104E00007B681B7D5BB2002B09DA7B68B3F820312D
:104E100001339AB27B68A3F82021FB2325E000230D
:104E2000FB730023BB730CE0BB7B124AD25C7B6834
:104E30001B7D9A4202D10123FB7305E0BB7B01334A
:104E4000BB73BB7B052BEFD9FB7B83F00103DBB28C
:104E5000002B09D07B68B3F8203101339AB27B680C
:104E6000A3F82021012300E0002318461037BD4697
:104E700080BD00BF9479050890B587B002AF786017
:104E80007B6893F84432012B04D17B685B68184639
:104E9000FAF70EFC7B6893F84332002B09D07B684D
:104EA00003F5A0731846FFF7ACF94FF6FD73FB81CD
:104EB00019E07B6803F5A0727B681333194610462E
:104EC000FFF740F903461A467B6883F813217B6895
:104ED000B3F81C3101339AB27B68A3F81C217B68BC
:104EE00093F81331FB817B6893F84432012B37D15F
:104EF0000023BB6013E0BB680133BB60BB68052BBC
:104F000005D97B685B681846FAF727FB0FE0174B5B
:104F10004FF080521A60BFF34F8FBFF36F8F7B68E3
:104F20005B681846FAF782FF0346202BE3D17B68C3
:104F300058687B6803F5937301221946FAF792FBD0
:104F40000346002B0CD07B68D3F83441FDF71CFAE4
:104F5000024600230093002301212046FEF7F0F9CA
:104F6000B7F90E3018461437BD4690BD04ED00E089
:104F700080B586B000AF78607B6893F81331023B50
:104F80007A681344DB7C1BB21B021AB27B6893F86D
:104F90001331013B79680B44DB7C1BB213431BB21A
:104FA000BB827B6803F113027B6893F81331023BE9
:104FB000DBB21946104600F0CFF803461A46BB8A0A
:104FC000934209D07B68B3F8203101339AB27B68F1
:104FD000A3F82021FC23A7E00023FB750023BB7569
:104FE0000CE0BB7D524AD25C7B681B7D9A4202D1A9
:104FF0000123FB7505E0BB7D0133BB75BB7D052B34
:10500000EFD9FB7D83F00103DBB2002B09D07B6875
:10501000B3F8203101339AB27B68A3F82021012331
:1050200082E07B685A7D7B689B7D1946104600F0C4
:1050300081F803467B827B68DA7D7B681B7E19469C
:10504000104600F077F803463B827B681B7D013BEE
:10505000052B68D801A252F823F000BF755005084F
:105060008F500508A9500508C3500508DD500508F4
:10507000F75005083A8A7B8A11461846EFF73CF943
:105080000346FB73FB7B002B42D0FB7B4CE03A8A50
:105090007B8A11461846EFF75FF90346FB73FB7BEB
:1050A000002B37D0FB7B3FE03A8A7B8A11461846BB
:1050B000EFF774F90346FB73FB7B002B2CD0FB7BD3
:1050C00032E03A8A7B8A11461846EFF7C7F9034661
:1050D000FB73FB7B002B21D0FB7B25E03A8A7B8A8C
:1050E00011461846EFF74DFA0346FB73FB7B002B86
:1050F00016D0FB7B18E03A8A7B8A11461846EFF7F8
:1051000083FA0346FB73FB7B002B0BD0FB7B0BE08E
:1051100000BF08E000BF06E000BF04E000BF02E0FF
:1051200000BF00E000BF002318461837BD4680BD11
:105130009479050880B485B000AF03460A46FB7138
:105140001346BB71BB793B73FB797B73BB891846F4
:105150001437BD4680BC704780B487B000AF78601C
:105160000B46FB704FF6FF737B610023FB7423E05B
:10517000FB7C7A6813441B781A467B6953407B6139
:105180000123BB7412E07B6903F00103BB607B6900
:105190005B087B61BB68002B05D07B6983F42043EF
:1051A00083F001037B61BB7C0133BB74BB7C082BA8
:1051B000E9D9FB7C0133FB74FA7CFB789A42D7D3A4
:1051C0007B691B0AFB607B691B02FA6813437B61E6
:1051D0007B699BB27B617B699BB218461C37BD46DD
:1051E00080BC704780B483B000AF03463960FB7168
:1051F0003B681A7A3B68DA743B681B7D63F07F0377
:10520000DAB23B681A753B68FA795A753B68032233
:1052100083F8132100BF0C37BD4680BC704790B5A2
:1052200087B002AF78607B681B78032B11D17B6855
:1052300093F82831002B0CD17B68002283F81321CE
:105240007B68B3F81E3101339AB27B68A3F81E2144
:1052500086E07B6803F113027B6893F813311946EB
:105260001046FFF779FF0346FB81FB891B0A9AB2C0
:105270007B6893F813311946D2B27B680B44DA7419
:105280007B6893F813310133DAB27B6883F813211A
:105290007B6893F813311946FB89DAB27B680B44BB
:1052A000DA747B6893F813310133DAB27B6883F8E0
:1052B00013217B68DB68002B0CD07B685B68184689
:1052C000FAF74EFD7B68D8687B681B8A0122194675
:1052D000F6F70FFB7B6858687B6803F113017B6866
:1052E00093F813311A46FAF788F9FA210120FDF7ED
:1052F00069FD00BF7B685B681B681B6803F04003A7
:10530000002BF7D07B68DB68002B0CD07B68D8685B
:105310007B681B8A00221946F6F7EBFA7B685B680C
:105320001846FAF750FD7B681B78042B0CD17B687C
:10533000D3F83841FDF728F80246002300930023F4
:1053400002212046FDF7FCFF7B68002283F8132131
:105350007B68B3F81E3101339AB27B68A3F81E2133
:105360001437BD4690BD000080B586B002AF7860AE
:105370000023BB600023FB6019E0174AFB6852F86A
:1053800023305B687A689A420ED1134AFB6852F860
:105390002330D3F8300107F10803009300230022E3
:1053A0000021FDF709FE08E0FB680133FB600B4BB1
:1053B0001B781A46FB689342DFDBBB68002B07D0E3
:1053C000074B4FF080521A60BFF34F8FBFF36F8FC0
:1053D00000BF1037BD4680BD78670020846700207D
:1053E00004ED00E090B587B002AF78600023BB60A9
:1053F0000023FB6043E02D4AFB6852F823305B68D2
:105400007A689A4238D1294AFB6852F8233093F8D7
:105410004432012B3AD1254AFB6852F8233003F578
:10542000A0722249FB6851F8233093F826311946BF
:105430001046FEF745FE1D4AFB6852F823305868B7
:105440001A4AFB6852F8233003F593730122194678
:10545000FAF708F9154AFB6852F82330D3F83441BB
:10546000FCF7A0FF024607F1080300210091072185
:105470002046FDF765FF09E0FB680133FB600C4B3C
:105480001B781A46FB689342B5DB00E000BFBB689F
:10549000002B07D0074B4FF080521A60BFF34F8F9D
:1054A000BFF36F8F00BF1437BD4690BD78670020F3
:1054B0008467002004ED00E090B589B002AF786009
:1054C00000233B6100237B6153E0344A7B6952F83F
:1054D00023305B687A689A4248D1304A7B6952F837
:1054E000233093F84432012B40D17B681B681B6842
:1054F00003F00803082B0AD10023FB607B681B68BC
:105500001B68FB607B681B685B68FB60FB687B68F3
:105510001B681B6803F00603062B0AD10023BB603F
:105520007B681B681B68BB607B681B685B68BB6033
:10553000BB681A4A7B6952F8233003F59373012242
:1055400019467868FAF78EF8144A7B6952F82330C6
:10555000D3F83441FCF726FF024607F1100300217F
:10556000009107212046FDF7EBFE08E07B6901333F
:105570007B610B4B1B781A467B699342A5DB3B6929
:10558000002B07D0074B4FF080521A60BFF34F8FAC
:10559000BFF36F8F00BF1C37BD4690BD78670020FA
:1055A0008467002004ED00E00EB44FF4017270B582
:1055B00000259DB021AC54F8046BADF814201B9568
:1055C00002900690EAF734FE0B4B03900B934FF6D4
:1055D000FF7307900948ADF816303246234602A9FA
:1055E00000680F951495019400F0FCF91DB0BDE81A
:1055F000704003B0704700BF015605085C000020F2
:105600000020704703460244934200D1704703F8DC
:10561000011BF9E72D4B70B51B680446834253D03C
:10562000C3691BB3DB6863B10025E369DB685959C3
:10563000B1B90435802DF8D1E3692046D96800F06E
:1056400081F8E369196811B1204600F07BF8E3693D
:105650009D685DB1294620462D6800F073F8F8E793
:105660000E68204600F06EF83146E1E7616911B13D
:10567000204600F067F8E16911B1204600F062F8B9
:10568000216B11B1204600F05DF8616B11B120462D
:1056900000F058F8A16B11B1204600F053F8A16C4E
:1056A00011B1204600F04EF8616C11B1204600F0B7
:1056B00049F8E16A11B1204600F044F8236A1BB1B1
:1056C0002046BDE87040184770BD00BF5C00002058
:1056D000014B1868704700BF5C00002070B50026C1
:1056E0000C4D0D4C641BA410A64209D101F040FFE3
:1056F00000260A4D0A4C641BA410A64205D170BDB9
:1057000055F8043B98470136EEE755F8043B9847B7
:105710000136F2E7487B0508487B0508487B050809
:105720004C7B0508704770470A44914200F1FF33F3
:1057300000D1704710B511F8014B914203F8014FA9
:10574000F9D110BD38B50546002940D051F8043CC8
:105750000C1F002BB8BFE41800F0DEF81C4A1368D9
:1057600033B9636014602846BDE8384000F0DAB809
:10577000A34208D9206821188B4201BF19685B68D1
:1057800009182160EDE71A465B680BB1A342FAD90C
:1057900011685018A0420BD1206801445018834270
:1057A0001160E0D118685B68084410605360DAE764
:1057B00002D90C232B60D6E7206821188B4201BF49
:1057C00019685B680918216063605460CBE738BDD5
:1057D000CC68002070B50F4E0C463168054611B9F3
:1057E00000F032FC30602146284600F02DFC431CBE
:1057F00003D14FF0FF34204670BDC41C24F00304D5
:10580000A042F8D0211A284600F01EFC0130F2D147
:10581000EFE700BFC86800202DE9F843CD1C25F054
:10582000030508350C2D38BF0C25002D064601DB7D
:10583000A94204D90C2333600020BDE8F883DFF8C7
:10584000D48000F069F8D8F800301C4644BB2946E3
:105850003046FFF7BFFF431C044658D1D8F800403C
:105860002746002F43D1002C4BD0236839463046C1
:1058700004EB030900F0E8FB814542D12168304682
:105880006D1A2946FFF7A6FF01303AD023682B4452
:105890002360D8F800305A6862BBC8F800700FE087
:1058A0002268521B20D40B2A17D96119A342256004
:1058B00018BF5960636808BFC8F8001062514B6098
:1058C000304600F02FF804F10B00231D20F00700F4
:1058D000C21A1CBF1B1AA350AFE76268A3420CBFD9
:1058E000C8F800205A60EBE723466468AEE73C4600
:1058F0007F68B6E71A465B68A342FBD1002353607A
:10590000DEE70C233046336000F00CF894E70560C6
:10591000D6E700BFCC6800200148FFF703BF00BFF7
:10592000C46800200148FFF7FEBE00BFC468002025
:1059300038B54B1C144603D14FF0FF35284638BD0F
:105940009389CDB223F020039381636B52688BB1AE
:10595000A36B934208DD23685A1E226003F8015CA2
:10596000636801336360E9E7214600F034FB0028F7
:10597000F1D0E1E72169236851B1994208D213F8C7
:10598000011CA94204D1013B013223606260D5E7CA
:10599000C4E90F3204F1440363630323A363234682
:1059A00003F8465F23600123DCE710B50C46496B22
:1059B00069B104F14403994201D0FFF7C3FE00200E
:1059C000236C6063636013B1E36B236010BD2369D4
:1059D0004FF0FF30236000236360A38943F020036E
:1059E000A381F3E72DE9F04F0C4600210646ADF503
:1059F000237DCDE94411AB490DF10408A091AA49DA
:105A0000AA4FCDF81881A191009392F80090B9F1B6
:105A1000000F00F0598117F80930551C13F00803E6
:105A200019D06368002B0FDD23681A78BA5C12075F
:105A300001D42A46E9E7459A01330132459262686A
:105A40002360013A6260ECE721463046A19B98470B
:105A50000028E9D0EDE7B9F1250F40F086804193A9
:105A6000439353782A2B04BF1023951C4FF00A024E
:105A700008BF4193AA461AF8011BA1F13003092B74
:105A80001ED9DFF82CB20322584600F0EDFA38B1E7
:105A900001235546419AA0EB0B00834013434193E9
:105AA00015F8013B782B06D8572B10D8252B5CD046
:105AB00056D8002B74D0032347930A23429387E0E0
:105AC000439B554602FB031130394391D2E7A3F1C2
:105AD0005802202AEFD801A151F822F0AF5B050847
:105AE000B75A0508B75A0508095C0508B75A0508EA
:105AF000B75A0508B75A0508B75A0508B75A05082E
:105B0000B75A0508B75A05081F5C0508055C050863
:105B1000675B0508675B0508675B0508B75A0508FA
:105B2000C15B0508B75A0508B75A0508B75A0508F2
:105B3000B75A05082F5C0508C95B0508A75B05086F
:105B4000B75A0508B75A05082B5C0508B75A050867
:105B5000055C0508B75A0508B75A0508AF5B050884
:105B6000453B022BA7D8052331E06368002B0DDDF0
:105B700023681A784A4540F0A780013362682360A1
:105B8000459B013A01336260459352E72146304616
:105B9000A19B98470028EBD04498002840F08C80C7
:105BA0004FF0FF308CE0419A42F020024192419A3E
:105BB00042F40072419210226E2B429202D905E00B
:105BC00000234293032302E00823429304234793D4
:105BD0006368002B39DD419B590604D423681A7889
:105BE000BA5C120738D4479B022B47DC6B4622462F
:105BF000304641A900F06AF8012865D002287FF4F8
:105C000018AFC9E70A22D7E72946404600F0AAF9AB
:105C1000419B054643F0400341930123D7E7419B55
:105C200043F0400341930023D1E70223CFE741989B
:105C3000C3063FF5FEAE009B459A191D00911B68F7
:105C4000C0074CBF1A801A60F3E621463046A19B7C
:105C500098470028BFD09FE7459A01324592626875
:105C6000013A002A626002DD01332360B6E7214673
:105C70003046A19B98470028B0D08DE7042B06DC66
:105C80006B462246304641A900F07AF8B4E7094B4A
:105C9000002B3FF4CEAE6B462246304641A9AFF30F
:105CA0000080A9E731590508AB590508BA790508FC
:105CB0009A79050800000000A3895B063FF570AFE4
:105CC0000DF5237DBDE8F08F4498F9E72DE9F84301
:105CD00015468A6880460C4632B98A69002A14BF84
:105CE0004FF0FF3201228A6000272268DFF88C9093
:105CF000D1065FBF1A68111D19601668A06988B1C6
:105D0000012807D12B681A7863699B5C53B9002F6F
:105D100031D022E0022820D12B681B7819F80330FB
:105D20001B071AD423680137DA065EBF2B681B787D
:105D300006F8013B2A686B6801322A60A268013BC1
:105D4000013A6B60A26042B1002BD7DC2946404685
:105D5000D4F8803198470028D0D0236813F010037E
:105D600005D1E2680132E260A26902B1337000201D
:105D700023693B442361BDE8F88300BFBA79050875
:105D80002DE9F04F0C469846724B87B08246164676
:105D900093E8070003AB83E807006F4BA1696F4AE4
:105DA0002746032908BF1A46A36801925A1EB2F576
:105DB000AE7F81BF6FF4AE7503EB050940F25D1352
:105DC000A36057F81C3B98BF4FF000093D464FF0C9
:105DD000000B43F450632360316803AB022209785F
:105DE00053F82B0000F040F928B3BBF1010F59D153
:105DF00062682AB908212268616042F40072226058
:105E0000226822F4A0622260A268511EA16092B1B1
:105E10003268511C3160127805F8012B7268013A22
:105E2000002A726007DC31465046D4F88021904742
:105E3000002840F085800BF1010BBBF1030FCBD1A3
:105E400063680BB90A236360636845496069C91ACE
:105E500000F088F84FF0000BA3682268002B3DD0BB
:105E60003168606991F800C010F80C00002835D046
:105E7000BCF1300F24D1100522D50BF1010BB9F183
:105E8000000F03D0013309F1FF39A3607368013BB0
:105E9000002B73601BDD336801333360A368013B63
:105EA000A360D9E7BBF1020FAED1226802F4C06152
:105EB000B1F5007FC4D1102142F480726160A2E785
:105EC00022F4106222600B7805F8013BDEE73146D0
:105ED0005046D4F8803198470028DFD02368D90590
:105EE0000DD5BD4209D915F8011C32465046D4F8EB
:105EF0007C3105F1FF3998474D46BD4228D02268D4
:105F000012F0100213D12A70394663685046019E80
:105F1000B047D8F8003021681A1DC8F8002011F0E9
:105F2000200F1B680FD01860E3680133E360002086
:105F30002369ED1B5D442B44236107B0BDE8F08F5E
:105F40004FF0000BCAE7CA074CBF18801860EBE798
:105F50000120F2E714770508D5610508B562050848
:105F6000AE79050870B50B7804465E2B0BBF4B78F5
:105F70004A1C8A1C002108BF0121013804F1FF05D9
:105F800000F8011FA842FBD10BB9501E70BD81F073
:105F900001011046E154024612F8015B2D2D05D097
:105FA0005D2D16D0002DF1D02B46F2E746785D2E00
:105FB000FAD0B342F8DC1A46023001329642A154BC
:105FC000FBDCF21A013AB342A8BF00225D1CAB18F9
:105FD000E1E71046DAE72DE9F0410C46496B04F1A0
:105FE000440399421BD14FF48061FFF715FC18B9A7
:105FF0004FF0FF30BDE8F0814FF48063A36394F865
:106000004630606380F8FF3394F8453000F2FD308D
:10601000437094F84430037020600020EAE7A66BD8
:1060200077003A4600F02EF805460028E0D000EB55
:106030000608014632464046FFF776FBC4E90D5795
:10604000C4F80080E9E7000038B50023054D044698
:1060500008462B60F4F776FD431C02D12B6803B190
:10606000236038BDC0680020034610B5C9B20244A1
:106070009342184601D1002003E0047801338C429A
:10608000F6D110BD2DE9F041074614460D4621B961
:106090001146BDE8F041FFF7BFBB2AB9FFF752FB3D
:1060A00025462846BDE8F08100F006F98442064600
:1060B00002D8B4EB500FF4D821463846FFF7ACFBBA
:1060C000804608B94546ECE7B4422246294628BF37
:1060D0003246FFF729FB29463846FFF733FBF1E745
:1060E000242B2DE9F0478646904601D8012B06D196
:1060F000FFF7EEFA162303600020BDE8F0870D4697
:1061000033482A4615F8014B065D16F00806F8D10B
:106110002D2C10D101262C78951C33F0100215D1AE
:10612000302C0DD12A7802F0DF02582A08D16C7881
:10613000023510230AE02B2C04BF2C78951CECE7C9
:10614000002BF6D1302C14BF0A230823002206F1BD
:10615000004C0CF1FF3CBCFBF3F9104603FB19CAE1
:10616000A4F13007092F0FD83C46A3421BDD571C72
:1061700007D0814514D301D1A24511DB012200FBD8
:10618000034015F8014BEBE7A4F14107192F01D8A3
:10619000373CEAE7A4F16107192F04D8573CE4E73C
:1061A0004FF0FF32EDE7531C08D122236046CEF8B2
:1061B0000030B8F1000FA0D0691E06E006B14042E1
:1061C000B8F1000F99D0002AF6D1C8F8001094E772
:1061D000BA790508FFF784BF2DE9F04386460D46DE
:1061E000334E284615F8014B375D17F00807F8D1F4
:1061F0002D2C10D101272C78851C33F0100015D1DF
:10620000302C0DD1287800F0DF00582808D16C78A8
:10621000023510230AE02B2C04BF2C78851CECE7F8
:10622000002BF6D1302C14BF0A2308234FF0FF387F
:10623000B8FBF3F8002603FB08F930466FEA0909BA
:10624000A4F1300CBCF1090F10D86446A3421EDD46
:10625000B6F1FF3F07D0804516D301D1A14513DB2E
:10626000012600FB034015F8014BE9E7A4F1410CBE
:10627000BCF1190F01D8373CE8E7A4F1610CBCF17F
:10628000190F04D8573CE1E74FF0FF36EBE7731CDA
:1062900006D122233046CEF8003032B9BDE8F08373
:1062A00007B14042002AF9D006B1691E1160F5E736
:1062B000BA790508FFF790BF51F8043C181F002B6E
:1062C000BCBF0B58C01870472DE9F84314461D4653
:1062D0008046894600F018F9224606460F462B46AE
:1062E00020462946EAF702FCC8BB002200234046AC
:1062F0004946EAF7C9FBB8B10022002320462946E7
:10630000EAF7C2FB002841D12046294600F060F898
:1063100028B30022002320462946EAF7BFFBF0B14C
:10632000FFF7D6F9222319E03046394600F050F83D
:10633000C8B94046494600F04BF8A0B1204629466E
:1063400000F046F878B132463B4630463946EAF727
:10635000CDFB0028E4D0FFF7BBF9212303603046D2
:106360003946BDE8F8830022002330463946EAF773
:106370008BFB0028F3D04046494600F029F800285E
:10638000EDD02046294600F023F8C8E70026014F4B
:10639000E5E700BF0000F03F00F0E4BD38B505467A
:1063A00000F01CF8294604462846EAF701FF68B9C0
:1063B00000212846EAF7D4FE40B1FFF789F92123EE
:1063C000002103600846EAF7E1FD0446204638BD97
:1063D00041F0004000F58010C00F704720F00042EF
:1063E000B2F1FF4F2DE9F041034604460AD30146BE
:1063F000EAF718FD01462046EAF70CFC0446204661
:10640000BDE8F081002AFAD0002806DA0146EAF752
:10641000FFFB0146EAF7BAFDF0E710F0FF413CD080
:10642000C2150024192026464FF08071C3F31603CD
:10643000A2F17F0543F40003D20758BF5B006D1043
:106440005B0072189A42CFBF1A46561864189A1AFF
:1064500001384FEA42034FEA5101F2D1BAB1154E69
:10646000154F30683968EAF7D3FBD6F8008001464B
:106470004046EAF77FFE50B130683968EAF7CAFB58
:10648000366801463046EAF76BFE70B1023464109C
:1064900004F17C5404EBC554B1E75B0018020A46D2
:1064A00001F10101F9D55242BBE7013424F00104A6
:1064B000EDE700BFC07A0508BC7A0508C0F3C753F2
:1064C0007F3B162B014610B514DC002B07DA013395
:1064D00000F0004101D141F07E51084610BD084A4C
:1064E0001A410242F9D04FF480011941014421EAD6
:1064F0000201F2E7802BF0D1EAF78CFB0146ECE7D2
:10650000FFFF7F00000000002DE9F04F91B0CDE9C2
:1065100000238B46DDE9001828F00047824657EA41
:10652000010012D153468BF40022DB1852419842ED
:10653000934B934180F0CD84DDE9002350465946CA
:10654000E9F784FE11B0BDE8F08F8E4B2BF00045CB
:106550009D425E46D1460BD805D1BAF1000FEBD172
:10656000AF42E9D801E09F4202D89F420FD171B1FA
:1065700006F1404606F5801656EA0906DCD1DDE94B
:106580000032DB1882F4002252419E42D0E7002EF6
:106590002B4642DA7C4A974256D8A2F1547297426F
:1065A00040F2A6843A15A2F2FF32142A18DDC2F195
:1065B000340221FA02F404FA02F28A4240F098848A
:1065C00004F00104C4F10204002959D1B8F1804F4C
:1065D00049D152465B4650465946E9F7EDFFB1E7CF
:1065E00000294CD1C2F1140247FA02F404FA02F273
:1065F000BA4240F07A8404F00104C4F10204634A10
:106600009742E3D1B8F1000F80F26B8452465B46AB
:1066100000205E49EAF7FAF894E7002481BB594A62
:106620009742ECD105F1404303F5801353EA090387
:1066300000F04F84564B9D4208D9B8F1000F80F20C
:106640004C84002000217DE70224E7E7B8F1000F29
:106650004FF000004FF00001BFF674AFDDE900031A
:1066600003F100416EE74B4A904509D1002E07DB4C
:106670005046594611B0BDE8F04F00F0A7BE0024C7
:1066800050465946029300F069FC029BB9F1000F95
:1066900027D13E4A26F0404C944500D00DBBB8F1BE
:1066A000000F05DA02460B4600203849EAF7AEF83B
:1066B000002EBFF647AF05F1404505F5801525438F
:1066C00008D102460B4610461946E9F7BDFD0246C1
:1066D0000B469FE7012C7FF435AF01F100431946CB
:1066E00030E7F20F013A52EA040C02D152465B46FF
:1066F000E9E74FF00009013C144314BFDFF88CA018
:10670000DFF894A0B7F1844FCDE9029A40F20481FA
:10671000224B9F421E4B13D99D4208D8B8F1000F5F
:1067200008DA002011B0BDE8F04F00F049BEB8F122
:10673000000FF6DC002011B0BDE8F04F00F03BBECA
:106740009D420CD2DDE9020100220023EAF7A6F9FE
:10675000003818BF0120B8F1000FECDAE2E70B4B6C
:1067600000229D421CD9DDE902010023EAF796F9D7
:10677000003818BF0120B8F1000FD3DCDBE700BF01
:106780000000F0FF0000F07FFFFF3F430000F03FFC
:10679000FFFFEF3F0000E03F0000F0BF0000F043CC
:1067A000594BE9F751FD50A3D3E9002304460D46A8
:1067B000E9F702FF4EA3D3E9002306460F46204621
:1067C0002946E9F7F9FE002282468B4620462946F3
:1067D0004E4BE9F7F1FE02460B4647A1D1E9000115
:1067E000E9F732FD22462B46E9F7E6FE02460B4664
:1067F00000204749E9F728FD2246804689462B4676
:1068000020462946E9F7D8FE02460B46404649464F
:10681000E9F7D2FE3AA3D3E90023E9F7CDFE024619
:106820000B4650465946E9F70FFD002402460B4639
:106830008046894630463946E9F708FD32463B46F0
:1068400020460D46E9F700FD02460B464046494604
:10685000E9F7FAFCDDE90023CDE9042300230493E2
:10686000DDE904AB06460F46DDE900015B46524612
:10687000E9F7EAFC22462B46E9F79EFEDDE9002314
:106880008046894630463946E9F796FE02460B4671
:1068900040464946E9F7DAFC5B4606460F46524653
:1068A00020462946E9F788FE0B460246804689467F
:1068B00030463946E9F7CAFC164B044699420D4664
:1068C0008B4640F3FD8101F13F4303F5E0030343B1
:1068D00000F0DC81DDE9020100220023EAF7DEF8A6
:1068E000003818BF01201DE7000000604715F73F82
:1068F00044DF5DF80BAE543E555555555555D53FC3
:10690000FE822B654715F73F0000F03F0000D03FA7
:106910000000E03FFFFF8F40D34A3240002A40F0A2
:106920007A81D24B0022E9F747FE6FF034040B4620
:106930001A15A2F2FF3222440A92CD4AC3F313037E
:1069400043F07F55934245F4401508DDC94A934210
:1069500040F363810A9BA5F5801501330A93002655
:10696000F3000B93C44B294603EBC603D3E9003471
:106970001A46CDE9083423468246E9F765FC5246BB
:106980002B46CDE90C01DDE90801E9F75FFC024681
:106990000B460020B949E9F739FF02460B46CDE91D
:1069A0000E01DDE90C01E9F707FECDE90601DDE99D
:1069B0000634CDE9043400230022AB466D1045F0C7
:1069C0000055049305F50025DDE9048905EB8643B0
:1069D0004046494614461D46E9F7EEFD02460B4681
:1069E000DDE90C01E9F730FCDDE9082306460F4636
:1069F00020462946E9F728FC02460B4650465946F0
:106A0000E9F722FC42464B46E9F7D6FD02460B4623
:106A100030463946E9F718FCDDE90E23E9F7CCFDED
:106A2000DDE90623CDE9080110461946E9F7C4FD62
:106A30007BA3D3E9002304460D46E9F7BDFD7AA305
:106A4000D3E90023E9F702FC22462B46E9F7B4FD1F
:106A500077A3D3E90023E9F7F9FB22462B46E9F7B0
:106A6000ABFD75A3D3E90023E9F7F0FB22462B46E3
:106A7000E9F7A2FD72A3D3E90023E9F7E7FB224679
:106A80002B46E9F799FD70A3D3E90023E9F7DEFB74
:106A9000224606460F462B4620462946E9F78CFD3E
:106AA00002460B4630463946E9F786FD04460D4658
:106AB000DDE9060142464B46E9F7C8FBDDE908235C
:106AC000E9F77AFD22462B46E9F7C0FB42468246AB
:106AD0008B464B4640464946E9F76EFD0022684B1F
:106AE00006460F46E9F7B2FB52465B46E9F7AEFBB6
:106AF00000240D4622460B4640464946E9F75CFD18
:106B0000002280468946204629465D4BE9F79CFBDA
:106B100032463B46E9F798FB02460B46504659463B
:106B2000E9F792FBDDE90623E9F746FD2246064632
:106B30000F46DDE908012B46E9F73EFD02460B460C
:106B400030463946E9F782FB002406460F460246E6
:106B50000B4640464946E9F779FB3DA3D3E90023BC
:106B600020460D46E9F728FD42464B46CDE9060191
:106B700020462946E9F768FB02460B46304639466F
:106B8000E9F762FB34A3D3E90023E9F715FD34A349
:106B9000D3E9002306460F4620462946E9F70CFDB7
:106BA00002460B4630463946E9F750FB0B9A354B07
:106BB00000241344D3E90023E9F748FB82460A98EE
:106BC0008B46E9F78FFC06460F460B9A2E4B134473
:106BD000D3E900895246DDE906015B46E9F736FB59
:106BE00042464B46E9F732FB32463B46E9F72EFB7D
:106BF00032463B4620460D46E9F726FB42464B46C9
:106C0000E9F722FBDDE90623E9F71EFB02460B4606
:106C1000504659461CE600248AE60126A0E600BF3D
:106C2000EF4E454A287ECA3F65DBC9934A86CD3F71
:106C300001411DA96074D13F4D268F515555D53F57
:106C4000FFAB6FDBB66DDB3F033333333333E33FEF
:106C5000000000E009C7EE3FFD033ADC09C7EE3F44
:106C6000F5015B14E02F3EBE0000F07F00004043C2
:106C70008E98030079B60B00E87A05080000F03F13
:106C800000000840C87A0508D87A05089AA3D3E915
:106C9000002330463946E9F7D9FA4246CDE90001EA
:106CA0004B4620462946E9F7CFFA02460B46DDE976
:106CB0000001E9F711FF00287FF40CAEA04B22E0A1
:106CC000A04C21F00043A34219D99F4B0B4403432E
:106CD00009D0DDE9020100220023E9F7DFFE0038D8
:106CE00018BF012027E542464B46E9F7ADFA324688
:106CF0003B46E9F7E7FE0028EBD1944B03E0944ACA
:106D0000934240F2E1804FF4801A1B15A3F2FE3348
:106D10004AFA03FADA44CAF30A518E48A1F2FF3163
:106D2000084100EA0A03CAF3130AC1F114014AF444
:106D3000801A40464AFA01FABBF1000F49464FF06B
:106D40000002B8BFCAF1000AE9F77EFA8046894618
:106D5000002432463B4640464946E9F777FA68A3A5
:106D6000D3E9002320460D46E9F726FC42464B4670
:106D7000CDE9000120462946E9F766FA02460B46AE
:106D800030463946E9F760FA5FA3D3E90023E9F713
:106D900013FC5FA3D3E90023804689462046294699
:106DA000E9F70AFC02460B4640464946E9F74EFA27
:106DB00004460D4602460B46DDE90001E9F746FAB6
:106DC000DDE9002380468946E9F73EFA02460B4694
:106DD00020462946E9F738FA424606460F464B4612
:106DE00040464946E9F7E8FB4BA3D3E900230446B4
:106DF0000D46E9F7E1FB4AA3D3E90023E9F724FABA
:106E000022462B46E9F7D8FB47A3D3E90023E9F74D
:106E10001DFA22462B46E9F7CFFB45A3D3E9002311
:106E2000E9F712FA22462B46E9F7C6FB42A3D3E95B
:106E30000023E9F70BFA22462B46E9F7BDFB024691
:106E40000B4640464946E9F7FFF904460D4602461F
:106E50000B4640464946E9F7AFFB0022CDE9000169
:106E60004FF0804320462946E9F7EEF902460B46EB
:106E7000DDE90001E9F7CAFC324604460D463B460F
:106E800040464946E9F798FB32463B46E9F7DEF9CA
:106E900002460B4620462946E9F7D6F942464B46BC
:106EA000E9F7D2F902460B4600202B49E9F7CCF965
:106EB00001EB0A54B4F5801F09DA524600F0ECF9F0
:106EC000DDE90223FFF789BBDDF810A040E721468A
:106ED000F6E700202049FFF735BBDDE90001FFF7A9
:106EE00031BB50465946FFF72DBB0C46FFF787BB19
:106EF0000024FFF769BB00BFFE822B654715973C56
:106F000000000000432EE63FEF39FAFE422EE63F36
:106F1000396CA80C615C20BED0A4BE726937663E95
:106F2000F16BD2C541BDBB3E2CDE25AF6A56113F89
:106F300093BDBE166CC1663F3E5555555555C53F70
:106F400000009040FFCB904000346F3F00CC904059
:106F50000000E03F0000F0FF0000F03F21F00043A0
:106F600019467047F8B521F00046B6F1FF4F0346C9
:106F700005D820F00042B2F1FF4F074604D9184669
:106F8000E9F748FE034610E0B1F17E5F03D1BDE8AA
:106F9000F84000F06FB88C1704F0020444EAD07493
:106FA0002AB9022C4BD0032C4BD01846F8BD1EB981
:106FB000002F4CDB274BF8E7B6F1FF4F0ED1B2F1B3
:106FC000FF4F04F1FF3405D1022C3CD8224B53F87B
:106FD0002430EAE7022C38D8204BF8E7B2F1FF4F13
:106FE000E6D0921BB2F1F45F4FEAE25017DA0029C3
:106FF00001DA3C3015DB1846E9F7C8FF00F046F926
:1070000000F038F80346012C0DD0022C0ED0002CD5
:10701000CBD013491846E9F7FDFD12490CE00D4BA2
:10702000F1E70023EFE703F10043BEE70C49184600
:10703000E9F7F0FD01460B48E9F7EAFDA2E7094B45
:10704000B3E7094BB1E7094BAFE70023ADE7084BC6
:10705000ABE700BFDB0FC93F047B0508F87A0508E2
:107060002EBDBB33DB0F4940DB0F49C0DB0F493F6F
:10707000DB0FC9BF2DE9F04120F00045B5F1A14F6C
:10708000044680460ED3B5F1FF4F04D90146E9F717
:10709000C1FD044603E0002840F3CE80674C204643
:1070A000BDE8F081664B9D420ED8B5F1445F08D231
:1070B0006449E9F7AFFD4FF07E51EAF76FF8002819
:1070C000EDD14FF0FF361CE000F0E0F85E4B0446D7
:1070D0009D427CD8A3F5D0039D4267D80146E9F7CD
:1070E00099FD4FF07E51E9F793FD4FF08041054641
:1070F0002046E9F78FFD01462846E9F747FF0026BD
:10710000044621462046E9F78DFE01460746E9F789
:1071100089FE05464D49E9F785FE4D49E9F77AFDB7
:107120002946E9F77FFE4B49E9F774FD2946E9F75F
:1071300079FE4949E9F76EFD2946E9F773FE4749AB
:10714000E9F768FD2946E9F76DFE4549E9F762FD73
:107150003946E9F767FE434907462846E9F762FEE4
:107160004149E9F755FD2946E9F75CFE3F49E9F752
:107170004FFD2946E9F756FE3D49E9F749FD294605
:10718000E9F750FE3B49E9F743FD2946E9F74AFE96
:1071900001463846E9F73EFD2146E9F743FE731CF8
:1071A000014633D12046E9F733FD72E74FF07E51B7
:1071B000E9F72EFD4FF07E5105462046E9F72AFDFE
:1071C00001462846E9F7E2FE0126044699E72A4BE4
:1071D0009D4214D84FF07F51E9F71AFD4FF07F51CF
:1071E00005462046E9F71EFE4FF07E51E9F712FDF5
:1071F00001462846E9F7CAFE0226044681E7014611
:107200001E48E9F7C3FE032604467AE71C4B53F8F1
:107210002610E9F7FDFC2146E9F7FAFC194B014677
:1072200053F82600E9F7F4FCB8F1000F0446BFF666
:1072300036AF00F1004432E7134C30E7DB0FC93FB3
:10724000FFFFDF3ECAF24971FFFF973FD769853CD8
:1072500059DA4B3D356B883D6E2EBA3D2549123EBD
:10726000ABAAAA3E21A215BD6BF16E3D95879D3D4F
:10727000388EE33DCDCC4C3EFFFF1B40000080BF6D
:10728000107B0508207B0508DB0FC9BF20F00040FC
:1072900070470000000000002DE9F0481646C1F3D9
:1072A0000A5283468C460B4682B921F000430343C1
:1072B00035D02D4B0022E9F77FF92C4B83469E42B7
:1072C0008C460DDA24A3D3E9002319E040F2FF77BE
:1072D000BA4209D10246E8F7B9FF83468C461EE060
:1072E0000B46C1F30A52363A4CF250318E420ADD57
:1072F0001BA3D3E90023654663F31E0529461C48FA
:10730000E9F75AF9E9E740F2FE7132448A42EFDCCC
:10731000002A08DD6FF31E5343EA0255AC46584677
:107320006146BDE8F08812F1350F09DA0CF0004330
:1073300043F0D27141F4B7310E4841F01F01C1E76B
:1073400036326FF31E5343EA02555846294600224F
:10735000094BD5E7AFF3008059F3F8C21F6EA501C2
:107360009C7500883CE4377E00005043B03CFFFF32
:107370009C75008859F3F8C20000903C70B5044633
:107380000D461646FEF7A4F929460660204670BD54
:1073900013B50446194610460CB103F10043CDE97C
:1073A0000023DDE90023E9F707F9222202B0BDE856
:1073B0001040FFF7E3BF00224FF08053FFF7E8BF14
:1073C00000224FF0E043FFF7E3BF0000654A2DE9DC
:1073D000F84F8A4306460F460B4604460ED1024636
:1073E000E9F7EAF802460B4630463946E8F72EFF41
:1073F00006460F4630463946BDE8F88F00290CDCBA
:1074000021F000420243F5D089B10246E8F71CFFA3
:1074100002460B46E9F7FAF9EAE70A1515D1002109
:1074200009E0E30A153A6405002BFAD0F7E70A46AB
:10743000FAE75B000131D802FBD5481E121AC1F1F0
:10744000200024FA00F003438C400027A2F2FF380A
:107450001621D2074FF400103A46C3F3130343F446
:1074600080135CBF5B0003EBD4734FEA430358BF48
:10747000640003EBD4734FEA6808640015189D425A
:10748000DEBF2A185B1B3F18E50F013905EB4303EC
:107490004FEA44044FEA5000F0D10D4620264FF049
:1074A0000040934200EB010C02DC13D1A44511D83B
:1074B000BCF1000F0CEB00013EDA00293CDB02F1CD
:1074C000010E9B1A7246A44588BF03F1FF33A4EB5B
:1074D0000C0405444FEAD47C013E0CEB43034FEA15
:1074E00044044FEA5000DCD11C431AD01E4CDFF894
:1074F0007C90D4E90001D9E90023E8F7A5FED4E99E
:1075000000AB02460B4650465946E9F7D1FA40B166
:10751000D4E90001D9E90023B5F1FF3F0ED135468A
:1075200001377B1003F17F5303F5001303EB085180
:107530006B0843EAC7705BE79646C2E7E8F786FE4A
:10754000D4E900AB02460B4650465946E9F7A6FA85
:1075500020B1AB1C08BF01370235E2E76B1C23F0FA
:107560000105DEE70000F07F387B0508307B050869
:10757000F8B500BFF8BC08BC9E467047F8B500BF20
:08758000F8BC08BC9E467047F0
:10758800494D555F526561645461736B000000009A
:10759800253032582E253032582E253032580000EA
:1075A80030312E30312E30300000000068656174B3
:1075B8005461736B000000006865617451756575EE
:1075C800650000006C656451756575650000000014
:1075D8004C45445461736B00000C014000100303D8
:1075E80000000000000C0140002003030000000020
:1075F80064656661756C745461736B0057445461BB
:10760800736B000050435F5253545461736B000016
:10761800627574746F6E5461736B00006275747474
:107628006F6E53656D000000666C61736854696D18
:107638006572000073656E735461736B000000001F
:1076480073656E7353656D00636F6E73756D54610A
:10765800736B0000536D616C6C5F456467655F56C2
:10766800325F4672656552544F5300004D6F746F18
:10767800725461736B0000004D6F746F72517565C1
:10768800756500004D6F746F7253656D446F6E655C
:107698000000000049444C4500000000546D722071
:1076A80053766300546D7251000000005175657582
:1076B800654D6F6462757354656C656772616D00C2
:1076C8005461736B4D6F64627573536C61766500BA
:1076D8005461736B4D6F646275734D617374657239
:1076E800000000004D6F64427573537068720000AB
:1076F8007854696D657254696D656F757400000022
:1077080054696D657254333500000000B07905087E
:10771800B3790508B67905088875050800000000E2
:10772800000000000000000000000000000400004D
:10773800180000000000000000000000B4750508F3
:107748000000000000000000000000000000000031
:107758000002000018000000000000000000000007
:10776800C0750508000000000000000000000000CF
:107778000000000000000000F87505080000000087
:1077880000000000000000000000000000080000E9
:107798001800000000000000000000000476050842
:1077A80000000000000000000000000000000000D1
:1077B800000200003100000000000000000000008E
:1077C8000C76050800000000000000000000000022
:1077D80000000000000200001A0000000000000085
:1077E80000000000187605080000000000000000F6
:1077F8000000000000000000000200001800000067
:1078080000000000000000002476050800000000C9
:1078180000000000000000003C76050800000000A1
:10782800000000000000000000000000000300004D
:10783800180000000000000000000000487605085D
:10784800000000000000000000000000507605085D
:107858000000000000000000000000000000000020
:1078680000020000180000000000000000000000F6
:107878007476050800000000000000000000000009
:1078880000000000000200001800000000000000D6
:1078980000000000807605080000000000000000DD
:1078A8000000000000000000000000008C760508C1
:1078B80000000000000000000000000001010001BD
:1078C80000000100010101000000000101010100A8
:1078D800000000010101000100000100000000009B
:1078E8000000000001020304060708090000000068
:1078F8000102030402030405060708090A0B0C0D1C
:107908000E0F101001020000020304050607080903
:107918000A0B0C0D0E0F101001020000B4760508BA
:10792800000000000000000000000000000000004F
:1079380000000000C87605080000000000000000F4
:107948000000000000000000000400001A00000011
:107958000000000000000000D876050800000000C4
:10796800000000000000000000000000000200000D
:107978001A0000000000000000000000EC76050876
:1079880000000000000000000000000001020304E5
:107998000506686C4C00412D46612D66383930313A
:1079A8003233343536375D002B2D003030007858AF
:1079B80000002020202020202020202828282828D7
:1079C80020202020202020202020202020202020AF
:1079D8002020881010101010101010101010101007
:1079E8001010040404040404040404041010101007
:1079F80010101041414141414101010101010101C2
:107A08000101010101010101010101010110101031
:107A18001010104242424242420202020202020294
:107A28000202020202020202020202020210101004
:107A3800102000000000000000000000000000000E
:107A4800000000000000000000000000000000002E
:107A5800000000000000000000000000000000001E
:107A6800000000000000000000000000000000000E
:107A780000000000000000000000000000000000FE
:107A880000000000000000000000000000000000EE
:107A980000000000000000000000000000000000DE
:107AA80000000000000000000000000000000000CE
:107AB800000000006042A20D0000803F00000000AE
:107AC800000000000000000006D0CF43EBFD4C3E54
:107AD80000000000000000000000004003B8E23F82
:107AE800000000000000F03F000000000000F83F28
:107AF80000000080DB0F4940DB0F49C0DB0F49BFA6
:107B0800E4CB1640E4CB16C06937AC316821223388
:107B1800B40F14336821A2333863ED3EDA0F493FBE
:107B28005E987B3FDA0FC93F59F3F8C21F6EA50173
:087B3800000000000000F03F16
:087B4000F086FE7F0100000049
:047B48001502040816
:047B4C00F101040837
:107B500000E8070800004600FBFF55000A0002008D
:107B6000983A04293200204E05000500000001006B
:107B7000282301000000000000004600FBFF550024
:107B80000A000200983A04293200204E0500050040
:107B90000000010028230100000000000024F40080
:107BA0001000000001000000AAAAAAAA600000209C
:107BB0000000000088670020F0670020586800205F
:107BC00000000000000000000000000000000000B5
:107BD00000000000000000000000000000000000A5
:107BE0000000000000000000000000000000000095
:0C7BF00000000000000000000000000089
:040000050804AC61DE
:00000001FF
