:020000040800F2
:10C0000000000120CD7201082D7001083570010873
:10C010003D700108457001084D70010800000000E6
:10C0200000000000000000000000000041000208C5
:10C030005570010800000000210202086902020890
:10C0400015730108157301081573010815730108AC
:10C05000157301081573010815730108157301089C
:10C06000157301081573010815730108157301088C
:10C07000157301081573010815730108157301087C
:10C08000157301081573010815730108157301086C
:10C09000157301081573010815730108157301085C
:10C0A000157301081573010815730108157301084C
:10C0B00061700108C9700108157301081573010842
:10C0C000157301081573010815730108157301082C
:10C0D00015730108DD70010815730108F17001087E
:10C0E000157301081573010815730108157301080C
:10C0F000057101081573010815730108157301080E
:10C1000015730108157301081171010815730108F1
:10C110001573010815730108157301087971010879
:10C1200015730108157301081573010815730108CB
:10C1300000000000000000000000000000000000FF
:10C1400000000000000000000000000000000000EF
:10C1500000000000000000000000000000000000DF
:10C1600000000000000000000000000000000000CF
:10C1700000000000000000000000000000000000BF
:10C1800000000000000000000000000000000000AF
:10C19000000000000000000000000000000000009F
:10C1A000000000000000000000000000000000008F
:10C1B000000000000000000000000000000000007F
:10C1C000000000000000000000000000000000006F
:10C1D000000000000000000000000000000000005F
:04C1E0005FF8E0F133
:10C1F00010B5054C237833B9044B13B10448AFF3A1
:10C2000000800123237010BDB0000020000000005A
:10C21000103C020808B5034B1BB103490348AFF3B8
:10C22000008008BD00000000B4000020103C02089F
:10C23000034613F8012B002AFBD1181A0138704766
:10C2400081F0004102E000BF83F0004330B54FEAC7
:10C2500041044FEA430594EA050F08BF90EA020F34
:10C260001FBF54EA000C55EA020C7FEA645C7FEAC7
:10C27000655C00F0E2804FEA5454D4EB5555B8BFEA
:10C280006D420CDD2C4480EA020281EA030382EA5B
:10C29000000083EA010180EA020281EA0303362DED
:10C2A00088BF30BD11F0004F4FEA01314FF4801CC0
:10C2B0004CEA113102D0404261EB410113F0004FD2
:10C2C0004FEA03334CEA133302D0524263EB430389
:10C2D00094EA050F00F0A780A4F10104D5F1200E27
:10C2E0000DDB02FA0EFC22FA05F2801841F1000182
:10C2F00003FA0EF2801843FA05F359410EE0A5F156
:10C3000020050EF1200E012A03FA0EFC28BF4CF086
:10C31000020C43FA05F3C01851EBE37101F000453C
:10C3200007D54FF0000EDCF1000C7EEB00006EEB49
:10C330000101B1F5801F1BD3B1F5001F0CD34908D3
:10C340005FEA30004FEA3C0C04F101044FEA44522A
:10C3500012F5800F80F09A80BCF1004F08BF5FEAB1
:10C36000500C50F1000041EB045141EA050130BD91
:10C370005FEA4C0C404141EB0101013C28BFB1F5A3
:10C38000801FE9D291F0000F04BF01460020B1FAEE
:10C3900081F308BF2033A3F10B03B3F120020CDAC1
:10C3A0000C3208DD02F1140CC2F10C0201FA0CF09F
:10C3B00021FA02F10CE002F11402D8BFC2F1200C04
:10C3C00001FA02F120FA0CFCDCBF41EA0C019040BA
:10C3D000E41AA2BF01EB0451294330BD6FEA040403
:10C3E0001F3C1CDA0C340EDC04F11404C4F12002EE
:10C3F00020FA04F001FA02F340EA030021FA04F300
:10C4000045EA030130BDC4F10C04C4F1200220FA56
:10C4100002F001FA04F340EA0300294630BD21FA94
:10C4200004F0294630BD94F0000F83F4801306BF5A
:10C4300081F480110134013D4EE77FEA645C18BF4E
:10C440007FEA655C29D094EA050F08BF90EA020FE5
:10C4500005D054EA000C04BF1946104630BD91EADD
:10C46000030F1EBF0021002030BD5FEA545C05D1E0
:10C470004000494128BF41F0004130BD14F580041F
:10C480003CBF01F5801130BD01F0004545F0FE4193
:10C4900041F470014FF0000030BD7FEA645C1ABFC8
:10C4A000194610467FEA655C1CBF0B46024650EAFF
:10C4B000013406BF52EA033591EA030F41F400212B
:10C4C00030BD00BF90F0000F04BF0021704730B5B1
:10C4D0004FF4806404F132044FF000054FF0000186
:10C4E00050E700BF90F0000F04BF0021704730B547
:10C4F0004FF4806404F1320410F0004548BF40421C
:10C500004FF000013EE700BF42004FEAE2014FEA70
:10C5100031014FEA02701FBF12F07F4393F07F4F4B
:10C5200081F06051704732F07F4208BF704793F04E
:10C530007F4F04BF41F40021704730B54FF4607461
:10C5400001F0004521F000411CE700BF50EA010264
:10C5500008BF704730B54FF000050AE050EA01020D
:10C5600008BF704730B511F0004502D5404261EB7D
:10C5700041014FF4806404F132045FEA915C3FF4BE
:10C58000D8AE4FF003025FEADC0C18BF03325FEA5B
:10C59000DC0C18BF033202EBDC02C2F1200300FA0C
:10C5A00003FC20FA02F001FA03FE40EA0E0021FA31
:10C5B00002F11444BDE600BF70B54FF0FF0C4CF41F
:10C5C000E06C1CEA11541DBF1CEA135594EA0C0FD1
:10C5D00095EA0C0F00F0DEF82C4481EA030621EA0C
:10C5E0004C5123EA4C5350EA013518BF52EA033547
:10C5F00041F4801143F4801338D0A0FB02CE4FF0F9
:10C600000005E1FB02E506F00042E0FB03E54FF028
:10C610000006E1FB03569CF0000F18BF4EF0010E20
:10C62000A4F1FF04B6F5007F64F5407404D25FEA1C
:10C630004E0E6D4146EB060642EAC62141EA5551CF
:10C640004FEAC52040EA5E504FEACE2EB4F1FD0C11
:10C6500088BFBCF5E06F1ED8BEF1004F08BF5FEA8F
:10C66000500E50F1000041EB045170BD06F0004641
:10C6700046EA010140EA020081EA0301B4EB5C04EE
:10C68000C2BFD4EB0C0541EA045170BD41F48011E6
:10C690004FF0000E013C00F3AB8014F1360FDEBF0B
:10C6A000002001F0004170BDC4F10004203C35DAE7
:10C6B0000C341BDC04F11404C4F1200500FA05F36A
:10C6C00020FA04F001FA05F240EA020001F000420B
:10C6D00021F0004110EBD37021FA04F642EB060181
:10C6E0005EEA430E08BF20EAD37070BDC4F10C04AB
:10C6F000C4F1200500FA04F320FA05F001FA04F26F
:10C7000040EA020001F0004110EBD37041F100015A
:10C710005EEA430E08BF20EAD37070BDC4F1200565
:10C7200000FA05F24EEA020E20FA04F301FA05F2CD
:10C7300043EA020321FA04F001F0004121FA04F275
:10C7400020EA020000EBD3705EEA430E08BF20EA45
:10C75000D37070BD94F0000F0FD101F0004640007F
:10C7600041EB010111F4801F08BF013CF7D041EA01
:10C77000060195F0000F18BF704703F00046520005
:10C7800043EB030313F4801F08BF013DF7D043EAD6
:10C790000603704794EA0C0F0CEA135518BF95EA8C
:10C7A0000C0F0CD050EA410618BF52EA4306D1D113
:10C7B00081EA030101F000414FF0000070BD50EA32
:10C7C000410606BF1046194652EA430619D094EABC
:10C7D0000C0F02D150EA013613D195EA0C0F05D1A6
:10C7E00052EA03361CBF104619460AD181EA0301FA
:10C7F00001F0004141F0FE4141F470014FF00000B2
:10C8000070BD41F0FE4141F4780170BD70B54FF04C
:10C81000FF0C4CF4E06C1CEA11541DBF1CEA1355CC
:10C8200094EA0C0F95EA0C0F00F0A7F8A4EB0504AE
:10C8300081EA030E52EA03354FEA013100F08880A5
:10C840004FEA03334FF0805545EA131343EA12636E
:10C850004FEA022245EA111545EA10654FEA002623
:10C860000EF000419D4208BF964244F1FD0404F5DC
:10C87000407402D25B084FEA3202B61A65EB030538
:10C880005B084FEA32024FF480104FF4002CB6EBF5
:10C89000020E75EB030E22BFB61A754640EA0C0075
:10C8A0005B084FEA3202B6EB020E75EB030E22BFB5
:10C8B000B61A754640EA5C005B084FEA3202B6EBF6
:10C8C000020E75EB030E22BFB61A754640EA9C00B5
:10C8D0005B084FEA3202B6EB020E75EB030E22BF85
:10C8E000B61A754640EADC0055EA060E18D04FEA43
:10C8F000051545EA16754FEA06164FEAC30343EAE3
:10C9000052734FEAC2025FEA1C1CC0D111F4801FAF
:10C910000BD141EA00014FF000004FF0004CB6E7A8
:10C9200011F4801F04BF01430020B4F1FD0C88BF47
:10C93000BCF5E06F3FF6AFAEB5EB030C04BFB6EB52
:10C94000020C5FEA500C50F1000041EB045170BD45
:10C950000EF0004E4EEA113114EB5C04C2BFD4EB72
:10C960000C0541EA045170BD41F480114FF0000EF6
:10C97000013C90E645EA060E8DE60CEA135594EA72
:10C980000C0F08BF95EA0C0F3FF43BAF94EA0C0F75
:10C990000AD150EA01347FF434AF95EA0C0F7FF4EA
:10C9A00025AF104619462CE795EA0C0F06D152EA3E
:10C9B00003353FF4FDAE1046194622E750EA410622
:10C9C00018BF52EA43067FF4C5AE50EA41047FF433
:10C9D0000DAF52EA43057FF4EBAE12E74FF0FF3C98
:10C9E00006E000BF4FF0010C02E000BF4FF0010C69
:10C9F0004DF804CD4FEA410C7FEA6C5C4FEA430CE2
:10CA000018BF7FEA6C5C1BD001B050EA410C0CBF30
:10CA100052EA430C91EA030F02BF90EA020F002092
:10CA2000704710F1000F91EA030F58BF994208BFF9
:10CA300090422CBFD8176FEAE37040F001007047B6
:10CA40004FEA410C7FEA6C5C02D150EA013C07D10D
:10CA50004FEA430C7FEA6C5CD6D152EA033CD3D058
:10CA60005DF8040B704700BF8446104662468C4652
:10CA70001946634600E000BF01B5FFF7B7FF002885
:10CA800048BF10F1000F01BD4DF808EDFFF7F4FFAE
:10CA90000CBF012000205DF808FB00BF4DF808ED39
:10CAA000FFF7EAFF34BF012000205DF808FB00BF5C
:10CAB0004DF808EDFFF7E0FF94BF012000205DF87E
:10CAC00008FB00BF4DF808EDFFF7CEFF94BF012033
:10CAD00000205DF808FB00BF4DF808EDFFF7C4FF2C
:10CAE00034BF012000205DF808FB00BF4FEA410C75
:10CAF0007FEA6C5C02D150EA013C0AD14FEA430C58
:10CB00007FEA6C5C02D152EA033C02D14FF0000094
:10CB100070474FF0010070474FEA410212F50012D2
:10CB200015D211D56FF47873B3EB625212D94FEA74
:10CB3000C12343F0004343EA505311F0004F23FA5E
:10CB400002F018BF404270474FF00000704750EAB3
:10CB5000013005D111F0004008BF6FF00040704770
:10CB60004FF00000704700BF4FEA4102B2F1E043CE
:10CB700024BFB3F5001CDCF1FE5C0DD901F0004CC4
:10CB80004FEAC0024CEA5070B2F1004F40EB830014
:10CB900008BF20F00100704711F0804F21D113F140
:10CBA0003872BCBF01F00040704741F480114FEA79
:10CBB0005252C2F11802C2F1200C10FA0CF320FA02
:10CBC00002F018BF40F001004FEAC1234FEAD3231F
:10CBD00003FA0CFC40EA0C0023FA02F34FEA430389
:10CBE000CCE77FEA625307D150EA01331EBF4FF012
:10CBF000FE4040F44000704701F0004040F0FE402D
:10CC000040F40000704700BF80F0004002E000BF29
:10CC100081F0004142001FBF5FEA410392EA030F27
:10CC20007FEA226C7FEA236C6AD04FEA1262D2EB71
:10CC30001363C1BFD218414048404140B8BF5B4276
:10CC4000192B88BF704710F0004F40F4000020F00F
:10CC50007F4018BF404211F0004F41F4000121F025
:10CC60007F4118BF494292EA030F3FD0A2F101026F
:10CC700041FA03FC10EB0C00C3F1200301FA03F1AD
:10CC800000F0004302D5494260EB4000B0F5000FD0
:10CC900013D3B0F1807F06D340084FEA310102F18F
:10CCA0000102FE2A51D2B1F1004F40EBC25008BF41
:10CCB00020F0010040EA03007047490040EB00000B
:10CCC000013A28BFB0F5000FEDD2B0FA80FCACF10C
:10CCD000080CB2EB0C0200FA0CF0AABF00EBC25039
:10CCE00052421843BCBFD0401843704792F0000F27
:10CCF00081F4000106BF80F400000132013BB5E77A
:10CD00004FEA41037FEA226C18BF7FEA236C21D0EF
:10CD100092EA030F04D092F0000F08BF0846704754
:10CD200090EA010F1CBF0020704712F07F4F04D122
:10CD3000400028BF40F00040704712F100723CBF35
:10CD400000F50000704700F0004343F0FE4040F45F
:10CD5000000070477FEA226216BF08467FEA23631D
:10CD60000146420206BF5FEA412390EA010F40F408
:10CD7000800070474FF0000304E000BF10F0004354
:10CD800048BF40425FEA000C08BF704743F096433B
:10CD900001464FF000001CE050EA010208BF704756
:10CDA0004FF000030AE000BF50EA010208BF7047DD
:10CDB00011F0004302D5404261EB41015FEA010CF2
:10CDC00002BF84460146002043F0B64308BFA3F1EA
:10CDD0008053A3F50003BCFA8CF2083AA3EBC253CC
:10CDE00010DB01FA02FC634400FA02FCC2F12002EB
:10CDF000BCF1004F20FA02F243EB020008BF20F022
:10CE00000100704702F1200201FA02FCC2F1200287
:10CE100050EA4C0021FA02F243EB020008BF20EA7C
:10CE2000DC7070474FF0FF0C1CEAD0521EBF1CEAAA
:10CE3000D15392EA0C0F93EA0C0F6FD01A4480EA98
:10CE4000010C400218BF5FEA41211ED04FF0006381
:10CE500043EA501043EA5111A0FB01310CF00040AD
:10CE6000B1F5000F3EBF490041EAD3715B0040EAD3
:10CE7000010062F17F02FD2A1DD8B3F1004F40EBA3
:10CE8000C25008BF20F00100704790F0000F0CF076
:10CE9000004C08BF49024CEA502040EA51207F3A3A
:10CEA000C2BFD2F1FF0340EAC250704740F4000015
:10CEB0004FF00003013A5DDC12F1190FDCBF00F006
:10CEC00000407047C2F10002410021FA02F1C2F1B4
:10CED000200200FA02FC5FEA310040F1000053EA50
:10CEE0004C0308BF20EADC70704792F0000F00F09E
:10CEF000004C02BF400010F4000F013AF9D040EAA4
:10CF00000C0093F0000F01F0004C02BF490011F437
:10CF1000000F013BF9D041EA0C018FE70CEAD15335
:10CF200092EA0C0F18BF93EA0C0F0AD030F0004CB5
:10CF300018BF31F0004CD8D180EA010000F0004069
:10CF4000704790F0000F17BF90F0004F084691F027
:10CF5000000F91F0004F14D092EA0C0F01D1420261
:10CF60000FD193EA0C0F03D14B0218BF084608D12A
:10CF700080EA010000F0004040F0FE4040F4000074
:10CF8000704740F0FE4040F4400070474FF0FF0C07
:10CF90001CEAD0521EBF1CEAD15392EA0C0F93EA4E
:10CFA0000C0F69D0A2EB030280EA010C49024FEAA0
:10CFB000402037D04FF0805343EA111143EA101359
:10CFC0000CF000408B4238BF5B0042F17D024FF411
:10CFD000000C8B4224BF5B1A40EA0C00B3EB510FEC
:10CFE00024BFA3EB510340EA5C00B3EB910F24BFD5
:10CFF000A3EB910340EA9C00B3EBD10F24BFA3EB5A
:10D00000D10340EADC001B0118BF5FEA1C1CE0D121
:10D01000FD2A3FF650AF8B4240EBC25008BF20F0D4
:10D02000010070470CF0004C4CEA50207F32C2BF28
:10D03000D2F1FF0340EAC250704740F400004FF0C5
:10D040000003013A37E792F0000F00F0004C02BFF6
:10D05000400010F4000F013AF9D040EA0C0093F0C0
:10D06000000F01F0004C02BF490011F4000F013B1A
:10D07000F9D041EA0C0195E70CEAD15392EA0C0F82
:10D0800008D142027FF47DAF93EA0C0F7FF470AFBA
:10D09000084676E793EA0C0F04D14B023FF44CAFFD
:10D0A00008466EE730F0004C18BF31F0004CCAD192
:10D0B00030F000427FF45CAF31F000437FF43CAFCE
:10D0C0005FE700BF4FF0FF3C06E000BF4FF0010CF0
:10D0D00002E000BF4FF0010C4DF804CD4FEA4002D2
:10D0E0004FEA41037FEA226C18BF7FEA236C11D01C
:10D0F00001B052EA530C18BF90EA010F58BFB2EBCF
:10D10000030088BFC81738BF6FEAE17018BF40F04E
:10D11000010070477FEA226C02D15FEA402C05D102
:10D120007FEA236CE4D15FEA412CE1D05DF8040B87
:10D13000704700BF844608466146FFE70FB5FFF71A
:10D14000C9FF002848BF10F1000F0FBD4DF808EDD2
:10D15000FFF7F4FF0CBF012000205DF808FB00BFC3
:10D160004DF808EDFFF7EAFF34BF012000205DF81D
:10D1700008FB00BF4DF808EDFFF7E0FF94BF01206A
:10D1800000205DF808FB00BF4DF808EDFFF7D2FF67
:10D1900094BF012000205DF808FB00BF4DF808EDAA
:10D1A000FFF7C8FF34BF012000205DF808FB00BF77
:10D1B0004FEA40024FEA41037FEA226C02D15FEA64
:10D1C000402C08D17FEA236C02D15FEA412C02D1C6
:10D1D0004FF0000070474FF0010070474FEA4002E7
:10D1E000B2F1FE4F0FD34FF09E03B3EB12620DD995
:10D1F0004FEA002343F0004310F0004F23FA02F0FF
:10D2000018BF404270474FF00000704712F1610FA5
:10D2100001D1420205D110F0004008BF6FF000407C
:10D2200070474FF00000704742000ED2B2F1FE4F3F
:10D230000BD34FF09E03B3EB126209D44FEA0023E5
:10D2400043F0004323FA02F070474FF000007047AC
:10D2500012F1610F01D1420202D14FF0FF3070474D
:10D260004FF00000704700BF80B588B004AF786011
:10D270000B46FB70FB78302B05D0302B06DC102BD7
:10D2800001D0202B02D1FB78FB7301E00023FB735C
:10D29000282302930123019307F10F030093012335
:10D2A0007F22D02178680BF039FB034618461037EF
:10D2B000BD4680BD80B590B004AF78603960002372
:10D2C000FB73002387F82E3005E000BF97F82E305F
:10D2D000013387F82E3097F82E30312BF5D9002105
:10D2E0007868FFF7C1FF034687F82F3097F82F3093
:10D2F000002B04D0B64B02221A7000F055BC00235C
:10D3000087F82D3005E000BF97F82D30013387F8FE
:10D310002D3097F82D30312BF5D928230293012396
:10D32000019307F10F03009301230022D0217868B5
:10D330000BF0EEFB034687F82F3097F82F30002BC9
:10D3400002D1FB7BEA2B04D0A14B03221A7000F020
:10D350002BBC0023FB73002387F82C3005E000BFB3
:10D3600097F82C30013387F82C3097F82C30312B7C
:10D37000F5D9282302930123019307F10F030093AA
:10D3800001230622D02178680BF0C2FB034687F800
:10D390002F30FB7B63F07F03DBB2FB7397F82F30FA
:10D3A000002B1ED1002387F82B3005E000BF97F833
:10D3B0002B30013387F82B3097F82B30312BF5D9F0
:10D3C000282302930123019307F10F030093012304
:10D3D0000622D02178680BF0A1FA034687F82F3097
:10D3E00046E00023FB73002387F82A3005E000BFE6
:10D3F00097F82A30013387F82A3097F82A30312BF2
:10D40000F5D9282302930123019307F10F03009319
:10D4100001230622D02178680BF07AFB034687F8B7
:10D420002F30FB7B63F07F03DBB2FB7397F82F3069
:10D43000002B1DD1002387F8293005E000BF97F8A5
:10D440002930013387F8293097F82930312BF5D965
:10D45000282302930123019307F10F030093012373
:10D460000622D02178680BF059FA034687F82F304E
:10D4700097F82F30002B03D0554B04221A7093E3FA
:10D48000642009F07BFF0023FB7328230293012310
:10D49000019307F10F03009301230622D02178683E
:10D4A0000BF036FB034687F82F30FB7B23F0070396
:10D4B000DBB2FB73FB7B43F00103DBB2FB73FB7B53
:10D4C00023F00803DBB2FB7397F82F30002B1DD13C
:10D4D000002387F8283005E000BF97F82830013393
:10D4E00087F8283097F82830312BF5D92823029374
:10D4F0000123019307F10F03009301230622D0219A
:10D5000078680BF00BFA034687F82F3097F82F3026
:10D51000002B03D02E4B05221A7045E30023FB732A
:10D52000002387F8273005E000BF97F82730013344
:10D5300087F8273097F82730312BF5D92823029325
:10D540000123019307F10F03009301230622D02149
:10D5500078680BF0DDFA034687F82F30FB7B03F089
:10D560004003002B26D0FB7B23F04003DBB2FB7390
:10D5700097F82F30002B1DD1002387F8263005E0C7
:10D5800000BF97F82630013387F8263097F8263009
:10D59000312BF5D9282302930123019307F10F03BF
:10D5A000009301230622D02178680BF0B7F90346D7
:10D5B00087F82F3097F82F30002B03D0044B06222A
:10D5C0001A70F1E20023FB73002387F8253007E08F
:10D5D000D000002000BF97F82530013387F82530B0
:10D5E00097F82530312BF5D9282302930123019395
:10D5F00007F10F03009301230322D02178680BF079
:10D6000087FA034687F82F30FB7B03F01003002BCB
:10D6100026D0FB7B23F01003DBB2FB7397F82F308F
:10D62000002B1DD1002387F8243005E000BF97F8B8
:10D630002430013387F8243097F82430312BF5D982
:10D64000282302930123019307F10F030093012381
:10D650000322D02178680BF061F9034687F82F3058
:10D6600097F82F30002B03D0A54B07221A709BE2AE
:10D67000002387F8233005E000BF97F823300133FB
:10D6800087F8233097F82330312BF5D9202178689B
:10D69000FFF7EAFD034687F82F3097F82F30002B6D
:10D6A00014D0002387F8223005E000BF97F822301D
:10D6B000013387F8223097F82230312BF5D9202119
:10D6C0007868FFF7D1FD034687F82F3097F82F30A1
:10D6D000002B03D08A4B08221A7065E20023FB73EB
:10D6E000002387F8213005E000BF97F8213001338F
:10D6F00087F8213097F82130312BF5D92823029370
:10D700000123019307F10F03009301230022D0218D
:10D7100078680BF0FDF9034687F82F30FB7BFF2B71
:10D7200023D0FF23FB7397F82F30002B1DD100234C
:10D7300087F8203005E000BF97F82030013387F8E4
:10D74000203097F82030312BF5D92823029301237C
:10D75000019307F10F03009301230022D021786881
:10D760000BF0DCF8034687F82F3097F82F30002BAA
:10D7700003D0634B09221A7016E20023FB7328239F
:10D7800002930123019307F10F0300930123012268
:10D79000D02178680BF0BCF9034687F82F300023BE
:10D7A000FB7703E000BFFB7F0133FB77FB7F312B6F
:10D7B000F8D9FB7B03F00103002B09D0FB7B03F0BE
:10D7C0000603042B04D1FB7B03F03803202B27D066
:10D7D000FB7B23F03F03DBB2FB73FB7B43F02503B2
:10D7E000DBB2FB7397F82F30002B19D1282302935B
:10D7F0000123019307F10F03009301230122D0219C
:10D8000078680BF08BF8034687F82F300023BB773E
:10D8100003E000BFBB7F0133BB77BB7F312BF8D95F
:10D8200097F82F30002B03D0354B0A221A70BBE13A
:10D830000023FB73282302930123019307F10F03B5
:10D84000009301230222D02178680BF061F903468E
:10D8500087F82F3000237B7703E000BF7B7F013305
:10D860007B777B7F312BF8D9FB7B03F00703072BFA
:10D8700027D0FB7B23F00703DBB2FB73FB7B43F07A
:10D880000703DBB2FB7397F82F30002B19D1282345
:10D8900002930123019307F10F0300930123022256
:10D8A000D02178680BF03AF8034687F82F30002330
:10D8B0003B7703E000BF3B7F01333B773B7F312B5E
:10D8C000F8D997F82F30002B03D00D4B0B221A708C
:10D8D0006AE10023BB8100233B82322302930223AF
:10D8E000019307F10C03009301231022D0217868E3
:10D8F0000BF00EF9034687F82F300023FB7605E086
:10D90000D000002000BFFB7E0133FB76FB7E312B75
:10D91000F8D93B7B1BB21B021AB27B7B1BB21343B1
:10D920001BB23B823B8AC3F30B03FF2B28D03B7B0C
:10D9300023F00F03DBB23B7300237B733B7B3B7312
:10D94000FF237B7397F82F30002B19D132230293DA
:10D950000223019307F10C03009301231022D0212D
:10D9600078680AF0DBFF034687F82F300023BB7688
:10D9700003E000BFBB7E0133BB76BB7E312BF8D901
:10D980000023FB73282302930123019307F10F0364
:10D99000009301231422D02178680BF0B9F80346D4
:10D9A00087F82F3000237B7603E000BF7B7E0133B6
:10D9B0007B767B7E312BF8D9FB7B03F00103002BB8
:10D9C00009D0FB7B03F00603042B04D1FB7B03F09F
:10D9D0003803202B27D0FB7B23F03F03DBB2FB7304
:10D9E000FB7B43F02503DBB2FB7397F82F30002B52
:10D9F00019D1282302930123019307F10F03009308
:10DA000001231422D02178680AF088FF034687F8A2
:10DA10002F3000233B7603E000BF3B7E01333B7693
:10DA20003B7E312BF8D997F82F30002B03D0604B79
:10DA30000D221A70B8E00023FB7328230293012300
:10DA4000019307F10F03009301231522D021786879
:10DA50000BF05EF8034687F82F300023FB7503E0D8
:10DA600000BFFB7D0133FB75FB7D312BF8D9FB7BC0
:10DA700003F00303032B27D0FB7B23F00303DBB26C
:10DA8000FB73FB7B43F00303DBB2FB7397F82F3090
:10DA9000002B19D1282302930123019307F10F03CF
:10DAA000009301231522D02178680AF037FF03463E
:10DAB00087F82F300023BB7503E000BFBB7D013327
:10DAC000BB75BB7D312BF8D997F82F30002B03D0D5
:10DAD000374B0E221A7067E000217868FFF7C4FB0D
:10DAE000034687F82F3000237B7503E000BF7B7D62
:10DAF00001337B757B7D312BF8D997F82F30002BC4
:10DB000003D02B4B0F221A704EE00023FB73282307
:10DB100002930123019307F10F03009301230722CE
:10DB2000D02178680AF0F4FF034687F82F300023ED
:10DB30003B7503E000BF3B7D01333B753B7D312BE3
:10DB4000F8D9FB7B002B1FD00023FB7397F82F30F5
:10DB5000002B19D1282302930123019307F10F030E
:10DB6000009301230722D02178680AF0D7FE0346EC
:10DB700087F82F300023FB7403E000BFFB7C0133E8
:10DB8000FB74FB7C312BF8D997F82F30002B03D096
:10DB9000074B10221A7007E0054B01221A70102261
:10DBA0000021044814F07EF83037BD4680BD00BF28
:10DBB000D0000020D4000020F0B58FB004AF786012
:10DBC0007B683B62FA23FB83FB8B4FF47A7202FB88
:10DBD00003F3A84AA2FB03239B09BB61012387F837
:10DBE0002730B8690FF01AF8A34B1B78012B40F0CF
:10DBF0003D8107F108030C220021184614F052F869
:10DC00000021386AFFF730FB034687F8273097F882
:10DC10002730002B0FD1642302930C23019307F1CB
:10DC20000803009301232D22D021386A0AF070FFE7
:10DC3000034687F8273097F82730002B40F01881EB
:10DC40008E4B1B781B018E4A13447B613B7A1BB2BF
:10DC50001B021AB27B7A1BB213431AB27B691A8079
:10DC6000BB7A1BB21B021AB2FB7A1BB213431AB265
:10DC70007B695A803B7B1BB21B021AB27B7B1BB2B7
:10DC800013431AB27B699A80BB7B1BB21B021AB288
:10DC9000FB7B1BB213431AB27B69DA803B7C1BB25D
:10DCA0001B021AB27B7C1BB213431AB27B691A8126
:10DCB000BB7C1BB21B021AB2FB7C1BB213431AB211
:10DCC0007B695A817B69B3F900301A46642302FBF1
:10DCD00003F3002B01DA03F6FF731B131AB27B69FF
:10DCE0001A807B69B3F902301A46642302FB03F3FE
:10DCF000002B01DA03F6FF731B131AB27B695A80FB
:10DD00007B69B3F904301A46642302FB03F3002B4A
:10DD100001DA03F6FF731B131AB27B699A807B69E1
:10DD2000B3F906301A4613469B0013445B00554A6C
:10DD300082FB0312D211DB17D31A1AB27B69DA8085
:10DD40007B69B3F908301A4613469B0013445B0005
:10DD50004C4A82FB0312D211DB17D31A1AB27B6929
:10DD60001A817B69B3F90A301A4613469B001344A3
:10DD70005B00444A82FB0312D211DB17D31A1AB29A
:10DD80007B695A817B69B3F900301846FEF7F6FFCC
:10DD9000034683F000447B69B3F902301846FEF76E
:10DDA000EDFF05467B69B3F902301846FEF7E6FF42
:10DDB000034619462846FFF735F803461E467B6999
:10DDC000B3F904301846FEF7D9FF05467B69B3F96D
:10DDD00004301846FEF7D2FF034619462846FFF7DF
:10DDE00021F8034619463046FEF714FF034618464D
:10DDF00014F024FE03461946204614F01DFE034687
:10DE000021491846FFF70EF8034620491846FFF748
:10DE1000BDF803461846FFF7E1F903461AB27B69DD
:10DE2000DA817B69B3F902301846FEF7A7FF044692
:10DE30007B69B3F904301846FEF7A0FF0346194684
:10DE4000204614F0F9FD03460F491846FEF7EAFF95
:10DE500003460E491846FFF799F803461846FFF7A0
:10DE6000BDF903461AB27B699A81BAE600BFB8E6EB
:10DE700000BFB6E6D34D6210D0000020D1000020D4
:10DE8000D40000203F06E76300003443DB0F494025
:10DE900080B58CB000AF7860844BDB69834A43F077
:10DEA0008053D361814BDB6903F080533B623B6A53
:10DEB0007E4BDB697D4A43F00063D3617B4BDB69BA
:10DEC00003F00063FB61FB690BF0BCFE774B1B6A40
:10DED00003F00203002B1AD109F046FAF862734BE3
:10DEE0001B6A724A43F0010313620AE009F03CFA2C
:10DEF0000246FB6AD31AB3F5487F02D30BF0AEFE9D
:10DF0000D0E06A4B1B6A03F00203002BEED0674B94
:10DF10001B6ABB62BB6A03F44073B3F5807F0AD00F
:10DF2000BB6A23F44073BB62BB6A43F48073BB6279
:10DF30005E4ABB6A1362BB6A03F40043002B05D13F
:10DF40005A4B1B6A594A43F400431362584B1B6BEC
:10DF5000574A23F001031363554B5B6B544A23F07C
:10DF6000040353637B68534A1A607B684FF0FF32A7
:10DF70005A607B6800229A60786808F0F3F90346DB
:10DF8000002B02D00BF06AFE8CE00A21786808F0C2
:10DF9000B3FF03464AF2A552934240D007F118035B
:10DFA00000210A461A800A469A7000237B610023EA
:10DFB0003B7600237B760023BB7607F11803002213
:10DFC0001946786808F063FA0346002B02D00BF07C
:10DFD00045FE67E001237B750123BB750023FB75BC
:10DFE00007F1140300221946786808F0BFFB0346C6
:10DFF000002B02D00BF032FE54E0786900F05CF8A0
:10E000000346BB84BB8C1A460921786808F05AFF86
:10E010004AF2A5520A21786808F054FF40E007F15F
:10E02000100300210A461A800A469A700023FB60FA
:10E0300007F1100300221946786808F0BFFA03467A
:10E04000002B2DD107F10C0300221946786808F047
:10E0500043FC0346002B23D17B7B012B20D1BB7BD0
:10E06000012B1DD1FB7B002B1AD10023FB8409213E
:10E07000786808F041FF0346FB84FB8C002B0FD02F
:10E080000023BB6007F10802FB8C1146184600F024
:10E0900031F807F1080300221946786808F066FB9A
:10E0A0000BF0DCFD3037BD4680BD00BF00100240E4
:10E0B000006C00400028004080B483B000AF78605E
:10E0C000FB791BB25B021AB27B791BB25B011BB2FC
:10E0D00003F4F0731BB213431AB2BB791BB203F003
:10E0E0001F031BB213431BB29BB218460C37BD462D
:10E0F00080BC704780B483B000AF03463960FB80BA
:10E10000FB885B0A9BB2DBB203F07F03DAB23B68A9
:10E11000DA70FB885B099BB2DBB203F00F03DAB263
:10E120003B685A70FB88DBB203F01F03DAB23B682E
:10E130009A7000BF0C37BD4680BC704780B586B072
:10E1400000AF0023FB75434B434A1A6000233B6139
:10E1500030E0404B1B68BB60BB681B884FF6FF720A
:10E1600093421FD1BB6802331B884FF6FF72934264
:10E1700018D1BB6804331B884FF6FF72934211D14C
:10E18000BB6806331B884FF6FF7293420AD1314BAE
:10E190001B68314A934211D10123FB752D4B2F4A45
:10E1A0001A600BE02B4B1B6880332A4A13603B69D3
:10E1B00001333B613B690F2BCBD900E000BF274BFC
:10E1C0007B60244B1B687A689A423FD10023FB6036
:10E1D00037E0204B1B683B603B681B884FF6FF72A3
:10E1E000934226D13B6802331B884FF6FF7293425D
:10E1F0001FD13B6804331B884FF6FF72934218D13E
:10E200003B6806331B884FF6FF72934211D1114BC6
:10E210001B687A689A4218D1FB7D002B15D00D4BF4
:10E220000D4A1A6010210E4809F0B1FE00F06EF997
:10E230000BE0084B1B688033064A1360FB68013310
:10E24000FB60FB680F2BC4D900E000BF00BF18378C
:10E25000BD4680BD0000002000E8070800F0070868
:10E2600000080140F0B400AF2B4A2C4B104603F1DC
:10E27000200402461946D1F800C04E688D68C9686E
:10E28000C2F800C056609560D16010331030A342D0
:10E29000EFD102461B681360204B00221A801F4BEF
:10E2A00046225A801D4B4FF6FB729A801B4B55221B
:10E2B000DA801A4B0A221A81184B02225A81174B14
:10E2C00043F698229A81154B42F60412DA81134BD9
:10E2D00032221A82114B44F620625A820F4B0522D9
:10E2E0009A820E4B0522DA820C4B00221A830B4BCA
:10E2F00001225A83094B42F228329A83074B0122AA
:10E30000DA83064B00221A84044B01225A8400BF90
:10E31000BD46F0BC704700BF28000020040000206C
:10E3200080B48BB000AF00237B62744B1B68744ACF
:10E33000934202D1734B7B6203E0704B1B68803BBE
:10E340007B627B6A1B887B84B7F92230B3F1FF3F85
:10E3500002D06D4A7B8C13807B6A02331B883B841E
:10E36000B7F92030B3F1FF3F02D0674A3B8C5380AE
:10E370007B6A04331B88FB83B7F91E30B3F1FF3F80
:10E3800002D0614AFB8B93807B6A06331B88BB8378
:10E39000B7F91C30B3F1FF3F02D05B4ABB8BD3808F
:10E3A0007B6A08331B887B83B7F91A30B3F1FF3FD0
:10E3B00002D0554A7B8B13817B6A0A331B883B83CF
:10E3C000B7F91830B3F1FF3F02D04F4A3B8B53816E
:10E3D0007B6A0C331B88FB82B7F91630B3F1FF3F21
:10E3E00002D0494AFB8A93817B6A0E331B88BB8229
:10E3F000B7F91430B3F1FF3F02D0434ABB8AD3814F
:10E400007B6A10331B887B827B8A4FF6FF729342B4
:10E4100002D03D4A7B8A13827B6A12331B883B827F
:10E420003B8A4FF6FF72934202D0374A3B8A5382AF
:10E430007B6A14331B88FB81B7F90E30B3F1FF3FC1
:10E4400002D0314AFB8993827B6A16331B88BB81D9
:10E45000B7F90C30B3F1FF3F02D02B4ABB89D3820E
:10E460007B6A18331B887B817B894FF6FF7293424E
:10E4700002D0254A7B8913837B6A1A331B883B8130
:10E480003B894FF6FF72934202D01F4A3B89538368
:10E490007B6A1C331B88FB80B7F90630B3F1FF3F62
:10E4A00002D0194AFB8893837B6A1E331B88BB808A
:10E4B000BB884FF6FF72934202D0134ABB88D383C6
:10E4C0007B6A20331B887B807B884FF6FF729342E8
:10E4D00002D00D4A7B8813847B6A22331B883B80E1
:10E4E0003B884FF6FF72934202D0074A3B88538421
:10E4F00000BF2C37BD4680BC704700BF0000002025
:10E5000000E8070880F70708040000202DE9B04F55
:10E51000A6B000AF002387F897300023C7F88C30EF
:10E520000023FB67AD4BC7F884300123C7F8883060
:10E5300011F01CFE72B600BF09F0D6F9034687F849
:10E54000973097F89730002B40F03A8107F18C0212
:10E5500007F17C031146184609F0AEFA034687F826
:10E560009730D7F88C30B3F1FF3F02D0012387F802
:10E57000973097F89730002B40F02281974BC7F8DF
:10E580009030D7F890301946954B1B881BB21BB2C0
:10E59000DA171C46154622462B46012009F034F9AD
:10E5A000D7F89030023319468D4B5B881BB21BB2F3
:10E5B000DA179846914642464B46012009F024F965
:10E5C000D7F8903004331946854B9B881BB21BB299
:10E5D000DA179A46934652465B46012009F014F931
:10E5E000D7F89030063319467D4BDB881BB21BB23F
:10E5F000DA173B677A67D7E91C23012009F004F991
:10E60000D7F8903008331946754B1B891BB21BB2E3
:10E61000DA17BB66FA66D7E91A23012009F0F4F885
:10E62000D7F890300A3319466D4B5B891BB21BB289
:10E63000DA173B667A66D7E91823012009F0E4F877
:10E64000D7F890300C331946654B9B891BB21BB22F
:10E65000DA17BB65FA65D7E91623012009F0D4F86B
:10E66000D7F890300E3319465D4BDB891BB21BB2D5
:10E67000DA173B657A65D7E91423012009F0C4F85D
:10E68000D7F8903010331946554B1B8A9BB29BB27A
:10E690000022BB64FA64D7E91223012009F0B4F820
:10E6A000D7F89030123319464D4B5B8A9BB29BB220
:10E6B00000223B647A64D7E91023012009F0A4F812
:10E6C000D7F8903014331946454B9B8A1BB21BB2C6
:10E6D000DA17BB63FA63D7E90E23012009F094F837
:10E6E000D7F89030163319463D4BDB8A1BB21BB26C
:10E6F000DA173B637A63D7E90C23012009F084F829
:10E70000D7F8903018331946354B1B8B9BB29BB210
:10E710000022BB62FA62D7E90A23012009F074F8EB
:10E72000D7F890301A3319462D4B5B8B9BB29BB2B6
:10E7300000223B627A62D7E90823012009F064F8DD
:10E74000D7F890301C331946254B9B8B1BB21BB25C
:10E75000DA17BB61FA61D7E90623012009F054F802
:10E76000D7F890301E3319461D4BDB8B9BB29BB202
:10E7700000223B617A61D7E90423012009F044F8C3
:10E78000D7F8903020331946154B1B8C9BB29BB2A7
:10E790000022BB60FA60D7E90223012009F034F8B7
:10E7A000D7F89030223319460D4B5B8C9BB29BB24D
:10E7B00000223B607A60D7E90023012009F024F8A9
:10E7C00009F0B8F862B600BF11F000FD97F8973075
:10E7D00018469837BD46BDE8B08F00BF00E807086F
:10E7E000040000202DE9B04390B000AF7860002312
:10E7F00087F83F300023FB610023FB600123BB61EE
:10E8000011F0B4FC72B600BF09F06EF8034687F849
:10E810003F3097F83F30002B06D062B600BF11F0B2
:10E82000D5FC97F83F3017E17B687B628D4B1B6806
:10E830008D4A934205D28B4B1B6812338A4A93420E
:10E8400002D3884B894A1A600023BB631CE0BB6B70
:10E850005A00844B1B68D118BB6B5B007A6A134467
:10E860001B889BB200229846914642464B460120A7
:10E8700008F0CAFF034687F83F3097F83F30002B77
:10E8800006D1BB6B0133BB63BB6B112BDFD900E03F
:10E8900000BF97F83F30002B5BD0724B1B6823F40E
:10E8A000FF6323F007033B623B6A7B616D4A3B6A6F
:10E8B000136007F11C0207F10C031146184609F01A
:10E8C000FBF8034687F83F30FB69B3F1FF3F17D0F1
:10E8D000002387F837300FE007F11C0207F10C0323
:10E8E0001146184609F0E8F8034687F83F3097F8D4
:10E8F0003730013387F8373097F83730022BEBD9B0
:10E9000097F83F30002B24D100233B631CE03B6B86
:10E910005A00544B1B68D1183B6B5B007A6A134456
:10E920001B889BB200221C46154622462B4601201E
:10E9300008F06AFF034687F83F3097F83F30002B16
:10E9400006D13B6B01333B633B6B112BDFD900E0FE
:10E9500000BF97F83F30002B76D1424B1B68424AEC
:10E96000934202D33F4B414A1A600023FB623D4B66
:10E970001B683E4A934204D13D4B7B613C4BFB629A
:10E9800008E0384B1B683A4A934203D1374B7B610E
:10E99000364BFB62FB6A002B51D0FB6A1B884FF69B
:10E9A000FF7293424BD0FB6A02331B884FF6FF7213
:10E9B000934244D0FB6A04331B884FF6FF729342A4
:10E9C0003DD0FB6A06331B884FF6FF72934236D068
:10E9D00007F11C0207F10C031146184609F06CF808
:10E9E000034687F83F30FB69B3F1FF3F17D00023A0
:10E9F00087F82B300FE007F11C0207F10C031146DA
:10EA0000184609F059F8034687F83F3097F82B303D
:10EA1000013387F82B3097F82B30022BEBD997F87E
:10EA20003F30002B03D1FB69B3F1FF3F07D008F063
:10EA300081FF62B600BF11F0C9FB01230CE0094B56
:10EA40001B688033074A136008F074FF62B600BF8A
:10EA500011F0BCFB97F83F3018464037BD46BDE883
:10EA6000B08300BF0000002000F8070800E8070896
:10EA700000F0070880B500AFFFF7F4FB0248FFF78E
:10EA8000B1FE0346184680BD040000202DE9F04F7A
:10EA900091B002AF6B461E46402387F82F308F4B54
:10EAA0001B7887F82E30FF2387F83730FF2387F84D
:10EAB0003630FF2387F835304FF0FF33FB614FF0DE
:10EAC000FF33BB614FF0FF337B6197F82E30002B93
:10EAD0000CD1834B1B7887F83730824B1B7887F833
:10EAE0003630814B1B7887F8353012E097F82E309E
:10EAF000012B0CD17D4B1B7887F837307C4B1B7872
:10EB000087F836307B4B1B7887F8353001E00223DD
:10EB1000DEE007F1180107F11C0207F1140300936E
:10EB20000B467549754813F08FF80346032B01D047
:10EB30000323CDE0FB69DBB297F837209A420DD171
:10EB4000BB69DBB297F836209A4207D17B69DBB20A
:10EB500097F835209A4201D10123B9E097F82F3078
:10EB6000013BBB6297F82F300022984691464FF048
:10EB700000024FF000034FEAC90343EA58734FEA1B
:10EB8000C80297F82F3000221C4615464FF00002AD
:10EB90004FF00003EB0043EA5473E20097F82F3084
:10EBA0000733DB08DB00ADEB030D02AB00337B6208
:10EBB00097F82F301A464949786A13F005F997F803
:10EBC0002E30002B0CD1FB69DAB27B6ADA71BB699B
:10EBD000DAB27B6A1A727B69DAB27B6A5A720FE028
:10EBE00097F82E30012B0BD1FB69DAB27B6A5A738E
:10EBF000BB69DAB27B6A9A737B69DAB27B6ADA73D1
:10EC0000012387F8343072B600BF08F06DFE03466A
:10EC1000002B52D13B1D00221A605A609A60DA60C4
:10EC20002E4BFB6001233B613A463B1D11461846C3
:10EC300008F042FF034687F8343097F83430002B51
:10EC40003BD1012387F8343000233B632EE03B6B3C
:10EC500003337A6AD35C1A063B6B0233796ACB5C66
:10EC60001B041A433B6B0133796ACB5C1B021343D1
:10EC7000796A3A6B0A44127813433B623B6B03F1A7
:10EC8000006101F5FF213B6A00229A4693465246F5
:10EC90005B46022008F0B8FD034687F8343097F849
:10ECA0003430002B08D13B6B04333B6397F82F3093
:10ECB0003A6B9A42CBD300E000BF08F03BFE62B64D
:10ECC00000BF97F83430012B01D1052300E0042365
:10ECD000B54618463C37BD46BDE8F08F00F807083A
:10ECE00007F8070808F8070809F807080DF80708E3
:10ECF0000EF807080FF80708383C0208483C0208DD
:10ED000080B584B000AF786039604FF0500383F372
:10ED10001188BFF36F8FBFF34F8FFB6000BF2021BF
:10ED2000104809F005F90346012B04D001222021E7
:10ED30000C4809F014F901224FF480510A4809F0F7
:10ED40000EF901224FF40051074809F008F94FF479
:10ED5000FA6008F013FB06F061F800BF1037BD46FB
:10ED600080BD00BF00080140000C014080B582B0AA
:10ED700000AF4FF0500383F31188BFF36F8FBFF3E1
:10ED80004F8F7B6000BF2021104809F0D1F8034667
:10ED9000012B04D0012220210C4809F0E0F80122C7
:10EDA0004FF480510A4809F0DAF801224FF400517B
:10EDB000074809F0D4F84FF4FA6008F0DFFA06F0DB
:10EDC0002DF800BF0837BD4680BD00BF00080140D8
:10EDD000000C014080B58AB000AF78600A23FB8444
:10EDE00000233B625F4B1B685B6BFB615D4B1B68E9
:10EDF0009B6BBB615C4B186807F108014FF0FF3358
:10EE000000220EF08DF90346002BF3D1BB68002BD6
:10EE100001D1FB6900E0BB693B623B7C002B32D136
:10EE2000524B9A68FB681340002B2CD0BB681946E4
:10EE30004C480BF0F1FDBB68002B04D1494B1B681B
:10EE40003A6A5A6313E0BB68042B04D1454B1A6835
:10EE50003B6A93630BE0BB68082B04D1414B1A68F3
:10EE60003B6AD36303E03F4B1A683B6A136411F0BB
:10EE70007DF93E4B9A68FB68DB4313403B4A936045
:10EE800011F0A4F96DE03B7CFF2BB3D1374B9A68AE
:10EE9000FB681340002BADD17B7C1A46FB8C02FB38
:10EEA00003F31A463B6A13447B612E4BDB687A6995
:10EEB0009A429FD87B7C002B24D1BB68002B06D1C3
:10EEC000284BDA68274B1B6801325A6336E0BB686F
:10EED000042B06D1234BDB68224A1268013393636B
:10EEE0002CE0BB68082B06D11E4BDB681D4A12685C
:10EEF0000133D36322E01B4BDB681A4A12680133EB
:10EF000013641BE0BB68002B04D1164B1B687A69A5
:10EF10005A6313E0BB68042B04D1124B1A687B6957
:10EF200093630BE0BB68082B04D10E4B1A687B6916
:10EF3000D36303E00B4B1A687B691364BB68194603
:10EF400008480BF0AFFC0346002B7FF453AF11F0E1
:10EF50000DF9064B9A68FB681343044A936011F05D
:10EF600035F947E7A8010020000100202008002013
:10EF700080B586B000AF78600B46FB707B681B885D
:10EF8000FB82FB8A072B02D8FB8ADBB200E003235B
:10EF90007B75FB78FF2B40F0EB807B7D072B00F22D
:10EFA000488101A252F823F0C9EF00080FF00008D1
:10EFB00055F000089BF00008E1F0000805F100089A
:10EFC00029F100084DF100080023BB600423FB6019
:10EFD000FF233B7400237B74984B186807F10801EA
:10EFE0004FF0FF3300220EF027F80423BB60082304
:10EFF000FB60FF233B7400237B74904B186807F180
:10F0000008014FF0FF3300220EF016F811E1002343
:10F01000BB600423FB60FF233B7412237B74874B8C
:10F02000186807F108014FF0FF3300220EF004F8D2
:10F030000423BB600823FB60FF233B7400237B7425
:10F040007E4B186807F108014FF0FF3300220DF0E6
:10F05000F3FFEEE00023BB600423FB60FF233B745F
:10F0600000237B74754B186807F108014FF0FF33DC
:10F0700000220DF0E1FF0423BB600823FB60FF23A7
:10F080003B7412237B746D4B186807F108014FF035
:10F09000FF3300220DF0D0FFCBE00023BB60042340
:10F0A000FB60FF233B7412237B74644B186807F1E9
:10F0B00008014FF0FF3300220DF0BEFF0423BB60B8
:10F0C0000823FB60FF233B7412237B745B4B18689F
:10F0D00007F108014FF0FF3300220DF0ADFFA8E06B
:10F0E0000023BB600423FB60FF233B7400237B747D
:10F0F000524B186807F108014FF0FF3300220DF062
:10F100009BFF96E00423BB600823FB60FF233B7456
:10F1100000237B74494B186807F108014FF0FF3357
:10F1200000220DF089FF84E00023BB600423FB6014
:10F13000FF233B7412237B74404B186807F10801CE
:10F140004FF0FF3300220DF077FF72E00423BB6025
:10F150000823FB60FF233B7412237B74374B186832
:10F1600007F108014FF0FF3300220DF065FF60E06A
:10F17000FB78002B5DD17B7D072B5AD801A252F87A
:10F1800023F000BFA5F10008A5F10008A5F10008D3
:10F19000A5F10008EBF100080FF20008EBF1000800
:10F1A0000FF200080023BB600423FB6000233B74C4
:10F1B00000237B74214B186807F108014FF0FF33DF
:10F1C00000220DF039FF0423BB600823FB600023FD
:10F1D0003B7400237B74194B186807F108014FF04A
:10F1E000FF3300220DF028FF23E00023BB6004233F
:10F1F000FB6000233B7400237B74104B186807F1FD
:10F2000008014FF0FF3300220DF016FF11E0042338
:10F21000BB600823FB6000233B7400237B74074B17
:10F22000186807F108014FF0FF3300220DF004FFCA
:10F2300000BF00BF1837BD4680BD00BF00010020E1
:10F2400080B592B000AF07F1280300221A605A601F
:10F250009A60DA601A615A61224BBB6207F1280397
:10F260001A460C2104200DF061FE03461E4A13606D
:10F270001D4B1B68002B0BD14FF0500383F31188FB
:10F28000BFF36F8FBFF34F8F7B6400BF00BFFDE7FD
:10F290003B1D24220021184612F004FD134B7B6015
:10F2A0004FF40073BB611823FB613B1D1A4600211C
:10F2B0000F480DF009FC03460E4A13600D4B1B6806
:10F2C000002B0BD14FF0500383F31188BFF36F8FE6
:10F2D000BFF34F8F3B6400BF00BFFDE700BF48375F
:10F2E000BD4680BD6C3C020804010020783C020849
:10F2F000B9F300080801002080B586B000AF78603F
:10F300000B46FB700023FB6000233B82FB78BB7441
:10F310000323FB7400233B7500237B757B68B3F5E7
:10F32000802F04D07B68B3F5002F06D03DE0204B42
:10F33000FB604FF480533B8205E01D4BFB604FF4B4
:10F3400000533B8200BFBB7C052B2BD801A252F897
:10F3500023F000BF85F300086DF3000873F3000885
:10F3600085F3000879F300087FF3000801237B751B
:10F3700009E000237B7506E004233B7503E00823C6
:10F380003B7500E000BFFB68002B0DD03B8A002BD3
:10F390000AD0084B186807F10C01002300220DF079
:10F3A0004BFE02E000BF00E000BF1837BD4680BD45
:10F3B000000C014004010020B0B58EB000AF7860B1
:10F3C000FA233B63C84B07F10C041D460FCD0FC455
:10F3D00095E8030084E80300002387F837301CE039
:10F3E00097F8372013465B0013449B0038333B44A7
:10F3F0002C3B186897F8372013465B0013449B009A
:10F4000038333B44283B1B880022194608F0A7FDEF
:10F4100097F83730013387F8373097F83730012BBA
:10F42000DED921E1002387F8363018E197F836203D
:10F4300013465B0013449B0038333B442C3B1B6852
:10F44000002B00F0008197F8362013465B00134430
:10F450009B0038333B44283B1B88002B00F0F38093
:10F4600097F8362013465B0013449B0038333B4427
:10F470002C3B1A687B6A9A4240F0EC8097F8362061
:10F4800013465B0013449B0038333B44283B1A88E7
:10F490003B8D9A4240F0DE8097F8361097F8362080
:10F4A0000B465B000B449B0038333B44263B1978EA
:10F4B00013465B0013449B0038333B44253B0A460C
:10F4C0001A7097F8362097F82A1013465B001344F9
:10F4D0009B0038333B44263B0A461A7097F8362087
:10F4E00097F82C1013465B0013449B0038333B44C1
:10F4F000243B0A461A7097F8362097F82D101346C9
:10F500005B0013449B0038333B44233B0A461A708C
:10F5100097F8362013465B0013449B0038333B4476
:10F52000263B1B78052B00F2908001A252F823F0B5
:10F530007BF5000849F5000849F50008E1F50008E9
:10F5400049F5000849F5000897F8362013465B0096
:10F5500013449B0038333B442C3B186897F8362003
:10F5600013465B0013449B0038333B44283B1B8805
:10F570000022194608F0F3FC6CE097F83620134699
:10F580005B0013449B0038333B442C3B186897F8CE
:10F59000362013465B0013449B0038333B44283B22
:10F5A0001B88194608F0C4FC0346012B4FD097F87E
:10F5B000362013465B0013449B0038333B442C3BFE
:10F5C000186897F8362013465B0013449B003833C5
:10F5D0003B44283B1B880122194608F0C0FC36E05A
:10F5E00097F8362013465B0013449B0038333B44A6
:10F5F0002C3B186897F8362013465B0013449B0099
:10F6000038333B44283B1B88194608F091FC0346DD
:10F61000002B1ED097F8362013465B0013449B0046
:10F6200038333B442C3B186897F8362013465B0070
:10F6300013449B0038333B44283B1B880022194667
:10F6400008F08DFC05E000BF04E000BF02E000BF51
:10F6500000E000BF97F83630013387F8363097F86E
:10F660003630012B7FF6E2AE204B186807F12401FB
:10F67000002300220DF054FD0346002B3FF4D2AED0
:10F68000002387F8353061E197F8352013465B0099
:10F6900013449B0038333B442C3B1B68002B00F089
:10F6A0004B8197F8352013465B0013449B00383399
:10F6B0003B44283B1B88002B00F03E8197F8352007
:10F6C00013465B0013449B0038333B44263B1B78B6
:10F6D000052B00F33381042B0ADA012B00F0D980CB
:10F6E000022B00F0118129E1803C02080401002076
:10F6F00097F8352013465B0013449B0038333B4496
:10F70000243B1B78002B40F0978097F83520134658
:10F710005B0013449B0038333B44253B1B78002B94
:10F720003ED197F8352013465B0013449B003833D5
:10F730003B44263B00221A7097F8352013465B00A5
:10F7400013449B0038333B442C3B186897F8352012
:10F7500013465B0013449B0038333B44283B1B8813
:10F76000194608F0E5FB0346012B00F0E98097F805
:10F77000352013465B0013449B0038333B442C3B3D
:10F78000186897F8352013465B0013449B00383304
:10F790003B44283B1B880122194608F0E0FBCFE0E0
:10F7A00097F8352013465B0013449B0038333B44E5
:10F7B000253B1B78032B40F0C38097F83520134678
:10F7C0005B0013449B0038333B44263B03221A70F2
:10F7D00097F8352013465B0013449B0038333B44B5
:10F7E0002C3B186897F8352013465B0013449B00A8
:10F7F00038333B44283B1B88194608F099FB0346E5
:10F80000002B00F09D8097F8352013465B001344D1
:10F810009B0038333B442C3B186897F8352013463F
:10F820005B0013449B0038333B44283B1B88002279
:10F83000194608F094FB83E097F8352013465B00E7
:10F8400013449B0038333B442C3B186897F8352011
:10F8500013465B0013449B0038333B44283B1B8812
:10F86000194608F094FB97F8352013465B001344C3
:10F870009B0038333B44243B1B78013BD9B21346F1
:10F880005B0013449B0038333B44243B0A461A7008
:10F8900057E097F8352013465B0013449B0038333C
:10F8A0003B44233B1B78002B22D097F8352013468E
:10F8B0005B0013449B0038333B442C3B186897F89B
:10F8C000352013465B0013449B0038333B44283BF0
:10F8D0001B88194608F05BFB97F8352013465B0040
:10F8E00013449B0038333B44233B00221A7028E02A
:10F8F00097F8352013465B0013449B0038333B4494
:10F90000233B01221A701CE097F8352013465B0058
:10F9100013449B0038333B442C3B186897F8352040
:10F9200013465B0013449B0038333B44283B1B8841
:10F93000194608F02CFB04E000BF02E000BF00E025
:10F9400000BF97F83530013387F8353097F83530F8
:10F95000012B7FF699AE386B0DF060F984E600BF9D
:10F9600080B483B000AF0346FB7197F90730002BDA
:10F970000CDBFB7903F01F02074997F907305B099D
:10F98000012000FA02F2603341F8232000BF0C3757
:10F99000BD4680BC704700BF00E100E080B400AF0E
:10F9A000BFF34F8F00BF064BDB6803F4E0620449EE
:10F9B000044B1343CB60BFF34F8F00BF00BFFDE785
:10F9C00000ED00E00400FA0580B584B000AFA64B5E
:10F9D00000229A6007F0A0FC00F042FA00F044FD1B
:10F9E00000F0E6FC00F096FB00F07EFA00F012FD5D
:10F9F00000F02CFB00F0A6FA00F012FC00F046FC30
:10FA000010219A4808F0C3FA642007F0B7FC0122DD
:10FA10002021974808F0A3FA1021944808F0B7FA7B
:10FA200000224FF40041924808F099FA0A2007F0AA
:10FA3000A5FC01224FF400418D4808F090FA8A4B52
:10FA40009B6843F01003884A93601021874808F0B0
:10FA50009EFA03F071FA874B1B6819468648FDF73A
:10FA600029FC1021814808F092FA03F065FA8248D7
:10FA700005F008FE10217D4808F089FA03F05CFAD1
:10FA80007D4805F03DFD03461A46774B5A83102109
:10FA9000764808F07CFA03F04FFA882277497648D6
:10FAA00005F01EFF034676491846FDF7BBF90346ED
:10FAB0001846FDF793FB03461AB26B4B1A801021D0
:10FAC0006A4808F064FA03F037FA89226B496A48F9
:10FAD00005F006FF03466A491846FDF7A3F90346F9
:10FAE0001846FDF7A1FB03469AB25F4B5A801021DE
:10FAF0005E4808F04CFA03F01FFA002200215E482D
:10FB000005F08EFC03461A46574BDA801021574801
:10FB100008F03DFA03F010FA574805F017FD386079
:10FB20003B6804331B68184613F018F80346184660
:10FB3000FDF77AFB03469AB24B4B5A8310214B4890
:10FB400008F025FA03F0F8F94E4B03221A704D4BDA
:10FB50004D4A5A604B4B30221A724A4B40F6B8322B
:10FB6000A3F82221474B0022DA60464B474AC3F8EC
:10FB70001821444B0422A3F82421424B012283F88C
:10FB80004422404810F0A6FE3E4810F04DFF404B86
:10FB900003221A703E4B3F4A5A603D4B30221A7284
:10FBA0003B4B40F6B832A3F82221394B304ADA6099
:10FBB000374B4FF480621A82354B374AC3F818210D
:10FBC000334B0422A3F82421314B012283F8442231
:10FBD0002F4810F07FFE2E4810F026FF10212348FA
:10FBE00008F0D5F9FFF72CFB1021204808F0CFF9D9
:10FBF0000023FB600023BB6013E020211B4808F0BA
:10FC000097F90346002B02D0BB680133BB60BB6889
:10FC1000052B03DD144B01221A7605E0FB68013346
:10FC2000FB60FB68092BE8DD1021104808F0AFF9F4
:10FC3000FEF784FA10210D4808F0A9F9FEF770FBD1
:10FC400010210A4808F0A3F9FEF720FF03461A46E0
:10FC5000124B1A701021054808F099F91048FEF768
:10FC600017F90023FB8021E0200800200008014054
:10FC7000000C0140080800200C010020D4080020DE
:10FC800000007A445C030020C8020020A405002084
:10FC9000A805002010030020F0070020F800002035
:10FCA000E400002000BFFB880133FB80FB88632B4E
:10FCB000F8D9424B4FF461725A821021404808F043
:10FCC00066F905F0B1F83F480AF03CFD03F07AFA16
:10FCD0000CF094FE3C4A002101200CF0CDFF0346BD
:10FCE0003A4A13603A4A012101200CF0C5FF03464D
:10FCF000384A1360384A002101200CF0BDFF03464A
:10FD0000364A1360364A0C2101200DF00FF90346E4
:10FD1000344A1360344A062108200DF007F90346DF
:10FD2000324A1360324A002132480CF0CDFE0346BD
:10FD3000314A1360314A002131480CF0C5FE0346B8
:10FD4000304A1360304A002130480CF0BDFE0346B3
:10FD50002F4A13602F4A00212F480CF0B5FE0346AE
:10FD60002E4A13602E4A00212E480CF0ADFE0346A9
:10FD70002D4A13602D4A00212D480CF0A5FE0346A4
:10FD80002C4A13602C4A00212C480CF09DFE03469F
:10FD90002B4A13602B4A2C492C480CF095FE034645
:10FDA0002B4A13602B4A00212B480CF08DFE034692
:10FDB0002A4A13600CF054FE00BFFDE72008002023
:10FDC0000008014038020020B03E02080008002070
:10FDD000E43E020808080020543F0208C40800203E
:10FDE000083E0208000100203C3F0208C008002035
:10FDF000203E0208A14B010858030020443E02089F
:10FE0000A1310108F4070020683E0208654A010894
:10FE1000F8070020E43D0208D5ED0008FC000020B2
:10FE20008C3E0208C14A0108FC070020C03E0208BF
:10FE3000692C010804080020F43E0208353101084D
:10FE40000C080020C03D02080C010020B9DB0008AE
:10FE5000CC000020183F02085D4F0108BC080020BC
:10FE600080B590B000AF07F1180328220021184692
:10FE700011F018FF3B1D00221A605A609A60DA6088
:10FE80001A610123BB614FF48033FB6100233B62A5
:10FE90000123BB6202237B634FF48033BB634FF4C7
:10FEA0008023FB6307F11803184609F0E3FE0346BD
:10FEB000002B01D004F0B2FF0F237B600223BB6054
:10FEC0000023FB6000233B6100237B613B1D00217D
:10FED00018460AF051F90346002B01D004F09EFFAA
:10FEE00000BF4037BD4680BD80B500AF124B134AFE
:10FEF0001A60114B124A5A600F4B00229A600E4B47
:10FF00000022DA600C4B4FF480421A610A4B002247
:10FF10005A61094B00229A61074B0022DA61064BB5
:10FF200000221A62044808F04BF80346002B01D067
:10FF300004F074FF00BF80BD0C010020005400409D
:10FF4000A086010080B58EB000AF07F1300300221B
:10FF50001A605A6007F1200300221A605A609A6002
:10FF6000DA603B1D00221A605A609A60DA601A61FA
:10FF70005A619A61344B4FF080421A60324B17221B
:10FF80005A60314B00229A602F4B40F6B732DA604C
:10FF90002D4B00221A612C4B80229A612A480AF0CC
:10FFA000ABFD0346002B01D004F038FF26480AF0D1
:10FFB00029FC0346002B01D004F030FF0821224821
:10FFC0000AF004FF0346002B01D004F027FF202392
:10FFD0003B6300237B6307F1300319461A480BF09B
:10FFE0003DFD0346002B01D004F018FF00233B62C7
:10FFF00001237B620023BB620423FB6207F1200321
:020000040801F1
:100000000422194610480BF042F80346002B01D099
:1000100004F004FF60237B600023BB600023FB60CF
:1000200004237B613B1D0C22194607480BF0CCF8DA
:100030000346002B01D004F0F1FE034806F00EF851
:1000400000BF3837BD4680BD6001002080B58AB052
:1000500000AF07F1200300221A605A603B1D002206
:100060001A605A609A60DA601A615A619A61274B85
:10007000274A1A60254B17225A60244B00229A60A7
:10008000224B40F2E732DA60204B00221A611F4B0C
:1000900080229A611D480AF0B5FB0346002B01D06F
:1000A00004F0BCFE00233B6200237B6207F12003C7
:1000B000194616480BF0D2FC0346002B01D004F081
:1000C000ADFE60237B606423BB600023FB600023E4
:1000D0007B613B1D002219460C480BF075F8034666
:1000E000002B01D004F09AFE3B1D0422194607485C
:1000F0000BF06AF80346002B01D004F08FFE034892
:1001000005F0ACFF00BF2837BD4680BDA801002028
:100110000008004080B58EB000AF07F13003002228
:100120001A605A6007F1200300221A605A609A6030
:10013000DA603B1D00221A605A609A60DA601A6128
:100140005A619A61344B354A1A60334B17225A6010
:10015000314B00229A60304B40F6B732DA602E4BBA
:1001600000221A612C4B80229A612B480AF0C4FCB1
:100170000346002B01D004F051FE27480AF042FB51
:100180000346002B01D004F049FE082122480AF062
:100190001DFE0346002B01D004F040FE20233B63EC
:1001A00000237B6307F1300319461B480BF056FC14
:1001B0000346002B01D004F031FE00233B620123F3
:1001C0007B620023BB620423FB6207F12003002251
:1001D000194611480AF05BFF0346002B01D004F0DA
:1001E0001DFE60237B600023BB600023FB600423B3
:1001F0007B613B1D0422194607480AF0E5FF0346D0
:10020000002B01D004F00AFE034805F027FF00BFD1
:100210003837BD4680BD00BFF0010020000C004013
:1002200080B582B000AF3B4600221A605A60154B81
:10023000154A1A60134B17225A60124B00229A601B
:10024000104B4FF6FF72DA600E4B80229A610D4818
:100250000AF028FA0346002B01D004F0DFFD20232A
:100260003B6000237B603B46194606480BF0F6FBDB
:100270000346002B01D004F0D1FD00BF0837BD4676
:1002800080BD00BF380200200014004080B592B04D
:1002900000AF07F1400300221A605A6007F12403FF
:1002A00000221A605A609A60DA601A615A619A6193
:1002B0003B1D20220021184611F0F4FC3A4B3B4A2A
:1002C0001A60394B17225A60374B00229A60364B1E
:1002D00040F2E732DA60344B00221A61324B0022DE
:1002E0005A61314B80229A612F480AF08BFA0346FB
:1002F000002B01D004F092FD20233B6400237B649B
:1003000007F14003194628480BF0A8FB0346002BD1
:1003100001D004F083FD60237B620023BB620023D5
:10032000FB6208233B6300237B630023BB63002342
:10033000FB6307F12403002219461B480AF044FF1F
:100340000346002B01D004F069FD07F124030422C9
:10035000194615480AF038FF0346002B01D004F077
:100360005DFD4FF400637B604FF48063BB6000234E
:10037000FB6000233B6100237B614FF40053BB61B2
:1003800000233B623B1D194607480BF0D3FB034695
:10039000002B01D004F042FD034805F05FFE00BFD2
:1003A0004837BD4680BD00BF8002002000340140B8
:1003B00080B500AF154B164A1A60144B4FF49642A5
:1003C0005A60124B00229A60104B0022DA600F4BE9
:1003D00000221A610D4B0C225A610C4B00229A61CB
:1003E0000A4B0022DA6109480BF007FC0346002B98
:1003F00001D004F013FD054B1B685A69034B1B68C1
:1004000042F001025A6100BF80BD00BFC802002057
:100410000038014080B500AF114B124A1A60104BF2
:100420004FF496425A600E4B00229A600C4B002209
:10043000DA600B4B00221A61094B0C225A61084BFF
:1004400000229A61064B0022DA6105480BF0D5FBC9
:100450000346002B01D004F0E1FC00BF80BD00BFCB
:10046000100300200048004080B588B000AF07F1BD
:10047000100300221A605A609A60DA60774B9B6919
:10048000764A43F010039361744B9B6903F01003A9
:10049000FB60FB68714B9B69704A43F020039361DA
:1004A0006E4B9B6903F02003BB60BB686B4B9B6981
:1004B0006A4A43F004039361684B9B6903F00403A9
:1004C0007B607B68654B9B69644A43F008039361DA
:1004D000624B9B6903F008033B603B68002242F2D9
:1004E0000F215F4807F03BFD002241F210115D48EB
:1004F00007F035FD012220215A4807F030FD002287
:1005000043F22241584807F02AFD01224CF2100123
:10051000554807F024FD01224FF48051504807F060
:100520001EFD01220421514807F019FD4FF4085324
:100530003B6101237B610023BB610223FB6107F167
:1005400010031946464807F05FFB41F20F033B6179
:1005500011237B610023BB610223FB6107F11003C0
:1005600019463F4807F050FB48F644033B6100231F
:100570007B610023BB6107F110031946394807F07E
:1005800043FB41F210133B6101237B610023BB61FC
:100590000223FB6107F110031946324807F034FBD0
:1005A00020233B6111237B610023BB610223FB619C
:1005B00007F1100319462B4807F026FB4FF49873F8
:1005C0003B6100237B610023BB6107F110031946E7
:1005D000234807F019FB43F202433B6101237B618F
:1005E0000023BB610223FB6107F1100319461E487B
:1005F00007F00AFB40F604033B6100237B61002304
:10060000BB6107F110031946174807F0FDFA4CF2D9
:1006100030033B6111237B610023BB610223FB613B
:1006200007F110031946104807F0EEFA04233B6166
:1006300011237B610023BB610223FB6107F11003DF
:1006400019460A4807F0E0FA094B9B6843F48063B7
:10065000074A936000BF2037BD4680BD00100240AE
:100660000010014000080140000C0140001401404E
:100670002008002080B483B000AF03460A46FB8008
:100680001346BB80FB880F2B0FDC002B11DB1A46B7
:100690004CF28703D34003F00103002B14BF012366
:1006A0000023DBB2002B06D103E0A3F54053042B5B
:1006B00001D9022309E000BFBB88002B02D0BB8810
:1006C0007D2B01D9032300E0002318460C37BD46DB
:1006D00080BC704780B483B000AF03460A46FB80FD
:1006E0001346BB80FB88022B02DC002B05DA02E0FC
:1006F000043B012B01D9022309E000BFBB88002B7A
:1007000002D0BB887D2B01D9032300E000231846CB
:100710000C37BD4680BC704780B483B000AF034641
:100720000A46FB801346BB80FB885C2B1BDC502BEE
:100730002ADA3D2B17DC242B04DA052B10DC002BE6
:1007400022DA10E0243B234A22FA03F303F00103E8
:10075000002B14BF01230023DBB2002B14D102E0D5
:10076000143B072B10D9FB885F2B02D9FB886B2B1E
:100770000CD9FB88B3F55A4F04D3FB884DF62022E1
:10078000934205D9022320E000BF02E000BF00E051
:1007900000BFFB88B3F55A4F0ED3FB884DF62022DD
:1007A000934209D8BB88002B02D0BB88152B01D9F6
:1007B00003230AE0002308E0BB88002B02D0BB889B
:1007C0007D2B01D9032300E0002318460C37BD46DA
:1007D00080BC704777FFFF0380B483B000AF03464F
:1007E0000A46FB801346BB80FB884FF6FF7293429C
:1007F00031D0FB881B0A9BB2DBB2902B2BD0FB883D
:100800001B0A9BB2DBB2802B25D0FB881B0A9BB254
:10081000DBB2822B1FD0FB881B0A9BB2DBB28A2B78
:1008200019D0FB881B0A9BB2DBB2EC2B13D0FB88E0
:100830001B0A9BB2DBB2442B0DD0FB881B0A9BB278
:10084000DBB2D02B07D0FB881B0A9BB2DBB2292B73
:1008500001D002234EE0FB884FF6FF72934204D191
:10086000BB88012B45D0032344E0FB881B0A9BB2C5
:10087000DBB2902B05D1FB88DBB2002B39D00323F0
:1008800038E0FB881B0A9BB2DBB2802B0BD0FB88C5
:100890001B0A9BB2DBB2822B05D0FB881B0A9BB2E2
:1008A000DBB28A2B25D1FB88DBB2882B21D0FB88D9
:1008B000DBB2572B1DD0FB88DBB2582B19D0FB883D
:1008C000DBB2D12B15D0FB88DBB2892B11D0FB8892
:1008D000DBB28C2B0DD0FB88DBB24A2B09D0FB8816
:1008E000DBB2972B05D0FB88DBB26B2B01D0032347
:1008F00000E0002318460C37BD4680BC704780B42A
:1009000083B000AF03460A46FB801346BB80FB88DA
:1009100043F20402934209DCB3F5405F08DA002B8E
:1009200006D0002B02DB053B022B01D9022323E07A
:1009300000BFFB8843F20302934204D0FB8843F2DA
:10094000040293420DD1BB881B0A9BB2DBB2FF2B82
:1009500010D0BB881B0A9BB2DBB2002B0AD003234A
:100960000AE0BB88B3F57F4F05D0BB88002B02D0CF
:10097000032301E000BF002318460C37BD4680BCAE
:100980007047000080B485B000AF03460A46FB8084
:100990001346BB80FB8843F20202934200F3C580FA
:1009A000B3F5405F80F2C38042F24202934200F30B
:1009B000BC80B3F5005F0CDC5C2B00F3B6805A2BD7
:1009C00080F2B5801B2B00F3AC80002B80F29C8062
:1009D000ABE0A3F50053013B412B00F2A68001A23E
:1009E00052F823F02F0B01082F0B01082B0B0108E5
:1009F0002B0B01082B0B01082B0B01082B0B0108FB
:100A00002B0B01082B0B01082B0B01082B0B0108EA
:100A10002B0B01082B0B01082B0B01082B0B0108DA
:100A20002B0B01082F0B01082F0B01082B0B0108C2
:100A30002B0B01082B0B01082B0B01082B0B0108BA
:100A40002B0B01082B0B01082B0B01082B0B0108AA
:100A50002B0B01082B0B01082B0B01082B0B01089A
:100A60002B0B01082F0B01082F0B01082B0B010882
:100A70002B0B01082B0B01082B0B01082B0B01087A
:100A80002B0B01082B0B01082B0B01082B0B01086A
:100A90002B0B01082B0B01082B0B01082B0B01085A
:100AA0002B0B01082F0B01082F0B01082B0B010842
:100AB0002B0B01082B0B01082B0B01082B0B01083A
:100AC0002B0B01082B0B01082B0B01082B0B01082A
:100AD0002B0B01082B0B01082B0B01082B0B01081A
:100AE0002B0B01082F0B01082F0B0108243BD84AC0
:100AF00022FA03F303F00103002B14BF01230023A8
:100B0000DBB2002B13D110E01A46D24BD34003F0D6
:100B10000103002B14BF01230023DBB2002B06D1FD
:100B200003E03A2B01DC242BE0DA02238EE200BF43
:100B3000FB8843F20202934200F38782B3F5405FE1
:100B400080F242815C2B00F32D81132B80F28E808A
:100B50007BE2A3F50053013B412B00F2768201A218
:100B600052F823F0DF0D0108DF0D01084B100108DA
:100B70004B1001084B1001084B1001084B100108E5
:100B80004B1001084B1001084B1001084B100108D5
:100B90004B1001084B1001084B1001084B100108C5
:100BA0004B100108EB0D0108EB0D01084B1001087B
:100BB0004B1001084B1001084B1001084B100108A5
:100BC0004B1001084B1001084B1001084B10010895
:100BD0004B1001084B1001084B1001084B10010885
:100BE0004B100108EB0D0108EB0D01084B1001083B
:100BF0004B1001084B1001084B1001084B10010865
:100C00004B1001084B1001084B1001084B10010854
:100C10004B1001084B1001084B1001084B10010844
:100C20004B100108EB0D0108EB0D01084B100108FA
:100C30004B1001084B1001084B1001084B10010824
:100C40004B1001084B1001084B1001084B10010814
:100C50004B1001084B1001084B1001084B10010804
:100C60004B100108EB0D0108EB0D0108133B492B5C
:100C700000F2EB8101A252F823F000BFB90D010888
:100C80001D0E01081D0E01081D0E01081D0E010894
:100C90004B1001081D0E0108070F0108310F010854
:100CA0004B1001084B1001084B1001084B100108B4
:100CB0004B1001084B1001084B1001084B100108A4
:100CC000570F01086B0F01084B1001084B1001086A
:100CD0001D0E01081D0E01084B1001084B100108E4
:100CE0004B1001084B1001084B1001084B10010874
:100CF0004B1001084B1001084B1001084B10010864
:100D00004B1001087F0F01084B1001084B10010820
:100D10004B100108F30F01087F0F01084B10010869
:100D20004B1001084B1001084B1001084B10010833
:100D30004B1001084B1001084B1001084B10010823
:100D40004B1001084B1001084B1001084B10010813
:100D50004B1001084B1001084B1001084B10010803
:100D60004B1001084B1001084B1001084B100108F3
:100D70004B1001084B1001084B1001084B100108E3
:100D80004B1001084B1001084B1001084B100108D3
:100D90004B1001084B1001088F0F0108B50F010817
:100DA000DB0F010842F24202934200F34E81B3F599
:100DB000005F3FF7CEAE48E1BB8840F21F2293426E
:100DC00000F01C81032341E1BB88B3F57F4F00F0A5
:100DD0001781BB88002B00F01381032336E1BB8809
:100DE000052B40F20F81032330E1BB881B0A9BB225
:100DF000FB73BB88BB73BB7B002B01D1032325E1B5
:100E000097F90F30002B80F2FF80BB7B072B03D9B3
:100E1000BB7B0F2B40F2F880032317E1BB883B819B
:100E2000B7F908307D2B06DDB7F9083013F1370F1D
:100E300001DA03230AE1FB88142B0FD1064B5B88F0
:100E40001BB2B7F908209A42C0F2E0800323FDE00C
:100E5000FB0062000100F80E04000020FB88152B47
:100E600009D17D4B1B881BB2B7F908209A4200F3C9
:100E7000CF800323EAE0FB88162B09D1764BDB8871
:100E80001BB2B7F908209A42C0F2C4800323DDE008
:100E9000FB88172B09D1704B9B881BB2B7F9082030
:100EA0009A4200F3B9800323D0E0FB88282B02D0BC
:100EB000FB88292B18D1B7F90830674A528912B23A
:100EC0001344654AD28812B293420BDCB7F908305A
:100ED000614A528912B29B1A5F4A928812B29342B7
:100EE00080F29C800323B1E0FB88192B40F09880AE
:100EF000B7F90830072B04DCB7F90830002B00F3F2
:100F000091800323A2E0BB8841F65732934200F25E
:100F10008B80BB8844F25062934240F28580BA884D
:100F20004D4BDB891BB202339A427DDC03238DE0FB
:100F3000BB8841F65732934278D8BB8844F250625E
:100F4000934273D9444B9B891BB25A1EBB889A4269
:100F50006CDD03237AE0404B5B8A9BB2A3F1630212
:100F6000BB889A4264DC032370E03B4B1B8A9BB234
:100F700003F16302BB889A425CDB032366E0BB8813
:100F8000002B02D0BB880A2B56D903235EE0BB8816
:100F90001B0A9BB2FB72BB88BB72FB7A632B01D925
:100FA000032353E0BB7A002B02D0BB7A0C2B45D92C
:100FB00003234BE0BB881B0A9BB27B73BB883B734C
:100FC0007B7B002B02D07B7B1F2B01D903233DE0D1
:100FD0003B7B172B34D9032338E0BB881B0A9BB219
:100FE000DBB23B2B03DCBB88DBB23B2B2ADD0323CC
:100FF0002CE0BB88072B27D9032327E000BF24E080
:1010000000BF22E000BF20E000BF1EE000BF1CE0E8
:1010100000BF1AE000BF18E000BF16E000BF14E0F8
:1010200000BF12E000BF10E000BF0EE000BF0CE008
:1010300000BF0AE000BF08E000BF06E000BF04E018
:1010400000BF02E000BF00E000BF002318461437D5
:10105000BD4680BC704700BF0400002080B584B04E
:1010600000AF786039600023FB730223BB73002359
:101070007B737B68042283F813213B689B88DB0821
:101080009BB2DAB23B689B8803F007039BB2002B4C
:1010900014BF01230023DBB21846BB7B591CB97374
:1010A00019461318DAB27B680B44DA743B685B8824
:1010B0007B813EE07B7B082B14D1BB7B5A1CBA732F
:1010C0001A467B681344FA7BDA747B6893F8133111
:1010D0000133DAB27B6883F813210023FB7300230A
:1010E0007B7302E0FB7B5B08FB733B681B78012B87
:1010F0000AD17B89184600F0E7FA0346002B14BF9B
:1011000001230023DBB209E07B89184600F0ACFB29
:101110000346002B14BF01230023DBB2002B02D0B7
:10112000FB7B803BFB737B7B01337B737B890133D0
:101130007B817A893B685B8819463B689B880B44B6
:101140009A42B7DB7B7B002B0BD0FA7B7B7BC3F116
:10115000080342FA03F3FB73BB7B7A681344FA7B00
:10116000DA747B6893F813310233DBB27B7297F940
:10117000093018461037BD4680BD80B584B000AF39
:10118000786039600223FB737B68032283F81321A4
:101190003B689B88DAB2FB7B591CF97319465300F4
:1011A000DAB27B680B44DA743B685B88BB8125E06C
:1011B000BB89184600F0A6FB03463B81B7F908300F
:1011C0001B121AB2FB7B591CF9731946D2B27B6809
:1011D0000B44DA74FB7B5A1CFA7319463B89DAB26A
:1011E0007B680B44DA747B6893F813310233DAB20C
:1011F0007B6883F81321BB890133BB81BA893B68C3
:101200005B8819463B689B880B449A42D0DB7B681D
:1012100093F813310233DBB2FB7297F90B301846A7
:101220001037BD4680BD000080B58CB004AF78603B
:1012300039600023FB773B685B884FF6FF7293426F
:1012400011D13B689B88012B0DD17B6802225A7516
:101250007B6820229A757B680022DA757B680522FC
:1012600083F81321E9E13B685B881B0A9BB2DBB280
:10127000EC2B00F0D581EC2B00F3DF81D02B00F0BC
:10128000FD80D02B00F3D981902B00F3D681802BE9
:1012900006DA292B00F0C681442B00F08381CCE1D3
:1012A000803B102B00F2C98101A252F823F000BF4D
:1012B0004F1301083B160108CD1301083B16010826
:1012C0003B1601083B1601083B1601083B160108B6
:1012D0003B1601083B160108251401083B160108BE
:1012E0003B1601083B1601083B1601083B16010896
:1012F000F51201083B685B887B777B680022DA7512
:101300007B6800221A76A04B1B68052118460BF05B
:101310004FFD0346002B40F087813B689A887B7F16
:1013200019469A4804F07CF803467B83964B1B6869
:1013300018460BF0A3FDB7F91A301B121BB2DAB234
:101340007B68DA757B8BDAB27B681A766CE17B6836
:101350000022DA757B6800221A763B685B88DBB274
:10136000862B0DD17B681733894A12691A607B6816
:1013700093F813310233DAB27B6883F8132155E115
:10138000814B1B68052118460BF012FD0346002B0C
:1013900040F04C813B685B88DBB21A467D497B4854
:1013A00004F09EFA0346FB60774B1B6818460BF06F
:1013B00065FD7B681733FA681A607B6893F8133110
:1013C0000233DAB27B6883F813212FE17B680022B5
:1013D000DA757B6800221A766B4B1B68052118466C
:1013E0000BF0E6FC0346002B40F022813B685B8853
:1013F000DBB21A466849654804F072FA0346FB609E
:10140000614B1B6818460BF039FD7B681733FA688F
:101410001A607B6893F813310233DAB27B6883F881
:10142000132105E17B680022DA757B6800221A76B9
:10143000554B1B68052118460BF0BAFC0346002BE0
:1014400040F0F8803B685B88DBB21A4653494F484E
:1014500004F046FA0346FB604B4B1B6818460BF042
:101460000DFD7B681733FA681A607B6893F81331B7
:101470000233DAB27B6883F81321DBE00023FB72CE
:101480007B68042283F81321FB7F0133FB77FB7F0A
:101490000233434A11787A6813440A46DA743A4BA5
:1014A0001B68052118460BF083FC0346002B66D110
:1014B00000213648FBF7D8FE0346BB77BB7F002BE5
:1014C00021D0FB7F0133FB77FB7F02337A68134423
:1014D000FF22DA747B6893F813310133DAB27B6848
:1014E00083F81321FB7F0133FB77FB7F02337A689C
:1014F0001344B022DA747B6893F813310133DAB203
:101500007B6883F813210023FB7264230293012379
:10151000019307F10B03009301230622D0211B48FE
:1015200007F0F6FA0346BB77174B1B6818460BF01B
:10153000A5FCBB7F002B22D0FB7F0133FB77FB7F19
:1015400002337A6813440622DA747B6893F8133105
:101550000133DAB27B6883F81321FB7F0133FB7719
:10156000FB7F0233F97A7A6813440A46DA747B689F
:1015700093F813310133DAB27B6883F813217B6867
:10158000FA7F5A7559E000BF080800200C010020BE
:101590001C090020D4080020EC08002004090020C9
:1015A000D00000202B4B5B8B9BB2012B44D07B687F
:1015B0000022DA757B6800221A76274B1B6805210A
:1015C00018460BF0F5FB0346002B35D1234803F0FA
:1015D000BDFF7861204B1B6818460BF04FFC7B6801
:1015E00017337A6912681A607B6893F813310233F3
:1015F000DAB27B6883F813217B6893F813311033D8
:101600007A68134403337A69043212681A607B687B
:1016100093F813310433DAB27B6883F813210BE0BB
:1016200000BF0AE000BF08E000BF06E000BF04E022
:1016300000BF02E000BF00E000BF7B6893F81331F9
:101640000233DBB2FB7497F9133018462037BD46DE
:1016500080BD00BF20080020080800200C010020E9
:1016600080B584B000AF786039603B685A883B68C9
:101670009B881946104600F0B1FD7B6893F8133142
:101680000233DBB2FB7397F90F3018461037BD46B3
:1016900080BD80B584B000AF786039603B685A88FF
:1016A0003B689B881BB21946104600F073FE7B68AE
:1016B00093F813310233DBB2FB7397F90F301846FE
:1016C0001037BD4680BD000080B582B000AF034634
:1016D000FB80FB880F2B3BDC002B13DAB8E0A3F573
:1016E0004053042B00F2B48001A252F823F000BF53
:1016F000E5170108FD170108151801082918010848
:101700003D1801080F2B00F2A38001A252F823F02C
:101710006117010875170108891701085118010898
:10172000511801089D170108C7170108B5170108CE
:1017300051180108511801085118010851180108E1
:101740005118010851180108DD170108E1170108B7
:1017500043F2040293427BDCB3F5405FBFDA77E0EB
:101760003E4B9B6803F01003002B14BF01230023A2
:10177000DBB26EE0394B9B6803F00403002B14BF0F
:1017800001230023DBB264E0344B9B6803F00803C1
:10179000002B14BF01230023DBB25AE04FF4007189
:1017A0002F4806F0C5FB0346002B14BF012300237E
:1017B000DBB24EE0294B1B7DDBB2002B14BF0123B3
:1017C0000023DBB245E02021264806F0B1FB0346AA
:1017D000002B14BF01230023DBB23AE0002338E0E2
:1017E000002336E04FF400511D4806F0A1FB0346EC
:1017F000002B14BF01230023DBB22AE04FF48051F9
:10180000184806F095FB0346002B14BF0123002364
:10181000DBB21EE0114B9B6803F48063002B14BF06
:1018200001230023DBB214E00C4B9B6803F004039C
:10183000002B14BF01230023DBB20AE0074B9B6897
:1018400003F00803002B14BF01230023DBB200E0E8
:10185000002318460837BD4680BD00BF2008002081
:10186000001001400008014080B582B000AF03467F
:10187000FB80FB88072B3BD801A252F823F000BF66
:10188000A1180108A5180108B7180108CF18010808
:10189000D3180108D7180108E9180108ED18010844
:1018A000012326E0154BDB7DDBB2002B14BF0123A7
:1018B0000023DBB21DE04FF48071114806F038FBC5
:1018C0000346002B14BF01230023DBB211E00023E9
:1018D0000FE000230DE0094B5B7DDBB2002B14BF52
:1018E00001230023DBB204E0002302E0002300E038
:1018F000002318460837BD4680BD00BF20080020E1
:101900000010014080B58AB000AF0346FB80FB8821
:101910006B2B00F30181002B20DA00F024BCA3F52F
:101920005A430A2B00F21F8401A252F823F000BF91
:10193000E31E0108FF1E01081B1F0108371F0108D5
:10194000531F01086F1F01088B1F0108A71F010803
:10195000C31F0108DF1F0108352001086B2B00F2AF
:10196000028401A252F823F02D1B0108371B010845
:101970007F1B0108C71B0108CF1B0108DF1B0108E3
:101980006721010867210108672101086721010813
:101990006721010867210108672101086721010803
:1019A00067210108672101086721010867210108F3
:1019B0006721010867210108F31B0108FB1B0108CF
:1019C000031C01080B1C0108131C01081B1C010847
:1019D000231C01082B1C010867210108672101084D
:1019E00067210108672101086721010867210108B3
:1019F0006721010867210108331C01083D1C01080B
:101A0000471C0108672101084D1C0108551C0108ED
:101A10005D1C010867210108671C0108711C010891
:101A20007B1C0108851C01088F1C0108991C0108FA
:101A3000A31C0108AD1C0108B51C0108B91C010854
:101A4000C31C0108CF1C0108D91C0108E11C0108B6
:101A5000EB1C0108F51C0108011D01080B1D010804
:101A60006721010867210108672101086721010832
:101A70006721010867210108672101086721010822
:101A80006721010867210108672101086721010812
:101A90006721010867210108672101086721010802
:101AA0006721010867210108131D01081B1D01089A
:101AB000251D01082F1D0108891D0108B11D010800
:101AC000D71D0108FF1D0108091E0108111E01088C
:101AD0001B1E01084F1E0108A51E010867210108F1
:101AE00067210108672101084F20010857200108DC
:101AF000632001086D200108772001089920010862
:101B0000B5200108D1200108ED20010809210108B4
:101B100025210108412101084DF60A22934200F3D4
:101B20002283B3F55A4FBFF6FAAE1CE3894B5B8AAA
:101B30009BB21BB248E30023FB84002387F82530C7
:101B400016E097F825309BB21846FFF78DFE034646
:101B5000002B08D097F82530012202FA03F39AB23D
:101B6000FB8C1344FB8497F82530013387F825302C
:101B700097F825300F2BE4D9B7F9263024E300235A
:101B8000FB84002387F8243016E097F824309BB2BA
:101B90001846FFF799FD0346002B08D097F824302C
:101BA000012202FA03F39AB2FB8C1344FB8497F8E8
:101BB0002430013387F8243097F824300F2BE4D9F0
:101BC000B7F9263000E3634B1B881BB2FCE2614B84
:101BD000DB881BB29BB25B009BB21BB2F4E25D4B95
:101BE0005B889BB25C4AA2FB0323DB089BB21BB25F
:101BF000EAE25A4B1B881BB2E6E2584B5B881BB2E9
:101C0000E2E2564B9B881BB2DEE2544BDB881BB2F0
:101C1000DAE2524B1B891BB2D6E2504B5B891BB2F6
:101C2000D2E24E4B9B891BB2CEE24C4BDB891BB2FE
:101C3000CAE24A4B1B8A9BB21BB2C5E2474B5B8A86
:101C40009BB21BB2C0E240F6BB33BDE2434B9B8A62
:101C50001BB2B9E2414BDB8A1BB2B5E23F4B1B8B97
:101C60009BB21BB2B0E23E4B1B889BB21BB2ABE2F5
:101C70003C4B1B889BB21BB2A6E23B4B1B889BB222
:101C80001BB2A1E2394B1B889BB21BB29CE2384BC2
:101C90001B889BB21BB297E2364B1B889BB21BB2D0
:101CA00092E22E4B5B8B9BB21BB28DE22B4B9B8B3C
:101CB0001BB289E2002387E2284BDB8B9BB21BB26D
:101CC00082E22D4B93F83830DBB21BB27CE22A4B18
:101CD0005B78DBB21BB277E2274B1B781BB273E257
:101CE0001E4B1B8C9BB21BB26EE21C4B5B8C9BB2DF
:101CF0001BB269E2214B93F83830DBB21BB263E2CE
:101D00001E4B5B78DBB21BB25EE21C4B1B781BB236
:101D10005AE2104BDB681BB256E20E4BDB681B0C21
:101D20001BB251E20B4B1B8A9BB21BB24CE2144B11
:101D30001B6914491846FBF775F803464FF07C51B0
:101D40001846FAF767FF03461846FBF76DFA034695
:101D50001BB239E220080020CDCCCCCC04000020FE
:101D6000E8F7FF1FEAF7FF1FECF7FF1FEEF7FF1F73
:101D7000F0F7FF1FF2F7FF1F400800207C0800204B
:101D80001C09002000007A449B4B1B699B491846A4
:101D9000FBF748F803464FF07C511846FAF73AFF34
:101DA00003461846FBF740FA03461B0C1BB20BE236
:101DB000914BDB6891491846FBF734F803464FF026
:101DC0007C511846FAF726FF03461846FBF72CFA13
:101DD00003461BB2F8E1884BDB6888491846FBF7DD
:101DE00021F803464FF07C511846FAF713FF0346DB
:101DF0001846FBF719FA03461B0C1BB2E4E1804BB3
:101E00005B8B9BB21BB2DFE17D4BDB691BB2DBE17D
:101E10007B4BDB691B141BB2D6E10023FB84002340
:101E20007B6107F1140300221946764804F054FD43
:101E30000346002B08D1FB7D1BB21B021AB27B7D2F
:101E40001BB213431BB2FB84B7F92630BCE100235D
:101E5000FB8400233B6107F10C0300210A461A8032
:101E60000A469A7007F10C0300221946654804F0EF
:101E7000A5FB0346002B12D107F1100300221946DF
:101E8000604804F029FD0346002B08D1BB7C1BB23F
:101E90001B021AB23B7B1BB213431BB2FB84B7F984
:101EA000263091E10023FB8407F1080300210A4654
:101EB0001A800A469A7007F1080300221946514811
:101EC00004F07CFB0346002B08D17B7A1BB21B027B
:101ED0001AB2BB7A1BB213431BB2FB84B7F926308C
:101EE00072E1494B1B88FB84FB8C1B0A9BB21AB224
:101EF000B7F926301B021BB213431BB264E1434BFC
:101F00001B88FB84FB8C1B0A9BB21AB2B7F92630E4
:101F10001B021BB213431BB256E13D4B1B88FB84D3
:101F2000FB8C1B0A9BB21AB2B7F926301B021BB2FC
:101F300013431BB248E1374B1B88FB84FB8C1B0A05
:101F40009BB21AB2B7F926301B021BB213431BB265
:101F50003AE1314B1B88FB84FB8C1B0A9BB21AB203
:101F6000B7F926301B021BB213431BB22CE12B4BDB
:101F70001B88FB84FB8C1B0A9BB21AB2B7F9263074
:101F80001B021BB213431BB21EE1254B1B88FB84B3
:101F9000FB8C1B0A9BB21AB2B7F926301B021BB28C
:101FA00013431BB210E11F4B1B88FB84FB8C1B0AE5
:101FB0009BB21AB2B7F926301B021BB213431BB2F5
:101FC00002E1194B1B88FB84FB8C1B0A9BB21AB2E3
:101FD000B7F926301B021BB213431BB2F4E0134BBC
:101FE0001B88FB84B7F926301B021AB2104B1B78F2
:101FF0001BB213431BB2E7E01C09002000007A4427
:1020000020080020E400002000F8070802F8070874
:1020100004F8070806F8070808F807080AF8070888
:102020000CF807080EF8070810F8070812F8070858
:10203000F800002016237B847B8C5B089AB27B8C93
:1020400003F001039BB213449BB21BB2BCE0604B94
:102050001B781BB2B8E042F24F63FB84B7F926301D
:10206000B2E06423FB84B7F92630ADE00123FB84A2
:10207000B7F92630A8E0564B1B78012B03D0544B00
:102080001B78112B06D1524B11221A70514BB3F908
:10209000003099E0002397E04D4B1B78012B03D0D3
:1020A0004B4B1B78112B03D14A4BB3F902308BE019
:1020B000002389E0464B1B78012B03D0444B1B784F
:1020C000112B03D1434BB3F904307DE000237BE0B7
:1020D0003F4B1B78012B03D03D4B1B78112B03D1B9
:1020E0003C4BB3F906306FE000236DE0384B1B78B2
:1020F000012B03D0364B1B78112B03D1354BB3F991
:10210000083061E000235FE0314B1B78012B03D0E6
:102110002F4B1B78112B03D12E4BB3F90A3053E010
:10212000002351E02A4B1B78012B03D0284B1B784E
:10213000112B03D1274BB3F90C3045E0002343E0CA
:10214000234B1B78012B03D0214B1B78112B08D17B
:10215000204BDB893B841E4B01221A70B7F92030DB
:1021600032E0002330E0FB884DF60A2293422AD960
:10217000FB884DF62022934225D8FB8803F51753A0
:102180003533FB83FB8BDBB25B007B777B7F162BCE
:1021900003D87B7F104AD35C00E000233B777B7F32
:1021A0000133162B04D87B7F01330B4AD35C00E04C
:1021B0000023FB763B7F1BB21B021AB2FB7E1BB2D5
:1021C00013431BB200E0002318462837BD4680BDEC
:1021D000D0000020D4000020FC3C020880B58CB068
:1021E00002AF03460A46FB801346BB80FB88072BE1
:1021F0002ADC002B12DABEE0A3F54053042B00F2D8
:10220000BA8001A252F823F0E9220108F92201085C
:10221000092301081923010849230108072B00F2AB
:10222000AA8001A252F823F05B220108772301085B
:102230007723010877230108772301087122010819
:1022400081220108B122010843F20402934200F303
:102250009280B3F5405FCFDA8DE0B8881023009309
:102260004FF480434FF40042454900F09BFC82E06C
:10227000B88880234FF40072424900F013FC7AE0E2
:10228000414B1B7EDBB2002B74D0BB88B3F57F4F74
:1022900005D1012220213D4805F061FE6AE0BB889E
:1022A000002B67D100222021384805F058FE61E05C
:1022B000002387F82730BB88B3F57F4F03D1012374
:1022C00087F8273005E0BB88002B02D1002387F870
:1022D00027302D4A97F8273013752B4B01225A755A
:1022E000294B01229A7546E0B88801234FF4005229
:1022F000244900F0D7FB3EE0B88802234FF4805217
:10230000224900F0CFFB36E0B8884FF48063022208
:102310001B4900F0C7FB2EE00023BB610423FB61D7
:10232000BB881B0A9BB2DBB287F82030BB88DBB2CC
:1023300087F82130164B186807F118014FF0FF336A
:1023400000220AF079FE16E00423FB6008233B61BB
:10235000BB881B0A9BB2DBB23B75BB88DBB27B75CB
:102360000B4B186807F10C014FF0FF3300220AF005
:1023700063FE00E000BF00BF2837BD4680BD00BF40
:10238000000C01400010014020080020000801401E
:1023900000010020B0B590B000AF03460A46FB80B4
:1023A0001346BB80FB8843F20202934200F08A810D
:1023B00043F20202934200F36A8343F20102934222
:1023C00000F0788143F20102934200F36083B3F599
:1023D000405F00F06781B3F5405F00F358835C2BEA
:1023E00000F35281002B80F28F8050E3A3F500535D
:1023F000013B412B00F24B8301A252F823F000BFB6
:10240000D5260108E52601088F2A01088F2A010830
:102410008F2A01088F2A01088F2A01088F2A0108B4
:102420008F2A01088F2A01088F2A01088F2A0108A4
:102430008F2A01088F2A01088F2A01088F2A010894
:102440000D270108F52601088F2A01088F2A0108A7
:102450008F2A01088F2A01088F2A01088F2A010874
:102460008F2A01088F2A01088F2A01088F2A010864
:102470008F2A01088F2A01088F2A01088F2A010854
:1024800001270108192701088F2A01088F2A01084E
:102490008F2A01088F2A01088F2A01088F2A010834
:1024A0008F2A01088F2A01088F2A01088F2A010824
:1024B0008F2A01088F2A01088F2A01088F2A010814
:1024C0000D270108F52601088F2A01088F2A010827
:1024D0008F2A01088F2A01088F2A01088F2A0108F4
:1024E0008F2A01088F2A01088F2A01088F2A0108E4
:1024F0008F2A01088F2A01088F2A01088F2A0108D4
:1025000001270108192701085C2B00F2C08201A2F3
:1025100052F823F09D2601088F2A01088F2A01080E
:102520008F2A01088F2A01088F2A01088F2A0108A3
:102530008F2A01088F2A01088F2A01088F2A010893
:102540008F2A01088F2A01088F2A01088F2A010883
:102550008F2A01088F2A01088F2A01088F2A010873
:102560008F2A0108252701082D2701083527010892
:102570003D2701088F2A0108552701085D2701081A
:10258000652701088F2A01088F2A01088F2A010870
:102590008F2A01088F2A01088F2A01088F2A010833
:1025A0008F2A01086D270108752701088F2A010865
:1025B0007D270108452701084D270108D327010879
:1025C000AD2701088F2A01088F2A01088F2A0108E8
:1025D0008F2A01088F2A01088F2A01088F2A0108F3
:1025E0008F2A01088F2A0108EF2701088F2A010886
:1025F0008F2A01088F2A0108792A0108F727010884
:102600008F2A01088F2A01088F2A01088F2A0108C2
:102610008F2A01088F2A01088F2A01088F2A0108B2
:102620008F2A01088F2A01088F2A01088F2A0108A2
:102630008F2A01088F2A01088F2A01088F2A010892
:102640008F2A01088F2A01088F2A01088F2A010882
:102650008F2A01088F2A01088F2A01088F2A010872
:102660008F2A01088F2A01088F2A01088F2A010862
:102670008F2A01088F2A01088F2A0108FF270108E5
:10268000D9280108F929010842F24202934200F3D5
:10269000FE81B3F5005F3FF7A9AEF8E1864B7822E3
:1026A0005A82F4E1B88801234FF40052834900F0C4
:1026B000F9F9ECE1B88802234FF48052804900F028
:1026C000F1F9E4E1B8884FF4806302227D4900F01B
:1026D000E9F9DCE1BB88DBB219464FF48020FCF756
:1026E0000BFED4E1BB88DBB219464FF40020FCF7A7
:1026F00003FECCE1BB881946012002F0EBFBC6E1EA
:10270000BB881946022002F0E5FBC0E1BB881946F0
:10271000032002F0DFFBBAE1BB881946042002F077
:10272000D9FBB4E1684ABB881380B0E1664ABB8834
:102730005380ACE1644ABB889380A8E1624ABB88BD
:10274000D380A4E1604ABB889382A0E15E4ABB8843
:10275000D3829CE15C4ABB88538198E15A4ABB888A
:10276000938194E1584ABB88D38190E1BA88564B53
:102770001A828CE1BA88544B5A8288E1FCF77AF9C4
:10278000034687F83B3097F83B30002B00F0788108
:102790004D4A4E4B14461D460FCD0FC40FCD0FC4EE
:1027A0002B6823604848FCF71DF869E180234FF44B
:1027B000007242494FF47F4000F074F964200AF03F
:1027C0002DFA80234FF400723C49002000F06AF992
:1027D0005DE13E4A3C4B14461D460FCD0FC40FCD64
:1027E0000FC42B6823603848FBF7FCFF4FE1BA8821
:1027F000354BDA834BE1BA88334B5A8447E10023E7
:102800007B6307F1340300221946314804F064F871
:102810000346002B40F03681B7F904301B121BB27F
:10282000DBB287F83730BB88DBB287F83530294B0D
:10283000DB69284A43F08053D361264BDB6903F000
:1028400080537B627B6A234BDB69224A43F000633F
:10285000D361204BDB6903F000633B623B6A07F006
:10286000F1F907F1340300221946194803F07EFFFD
:102870000023BB8797F837301BB25B021AB297F878
:1028800035301BB25B011BB203F4F0731BB2134370
:102890001AB297F836301BB203F01F031BB2134372
:1028A0001BB2BB87BB8F1A460921094804F00AFBFB
:1028B00007F0D4F9E6E000BF200800200010014036
:1028C00000080140000C0140040000202800002006
:1028D000E40000200010024000233B6307F12C03BA
:1028E00000210A461A800A469A7007F12C0300223A
:1028F0001946694803F062FE0346002B26D1BB88C7
:10290000DBB287F82C30654BDB69644A43F08053B7
:10291000D361624BDB6903F08053FB61FB695F4B62
:10292000DB695E4A43F00063D3615C4BDB6903F013
:102930000063BB61BB6907F085F907F12C03002236
:102940001946554803F0A3FD07F088F907F1300355
:1029500000221946504803F0BFFF0346002B40F009
:102960009380B7F904301B121BB2DBB287F8323008
:102970004A4BDB69494A43F08053D361474BDB69DB
:1029800003F080537B617B69444BDB69434A43F02E
:102990000063D361414BDB6903F000633B613B693A
:1029A00007F050F907F13003002219463A4803F0C6
:1029B000DDFE0023FB8797F833301BB25B021AB2AF
:1029C00097F831301BB25B011BB203F4F0731BB2FA
:1029D00013431AB297F832301BB203F01F031BB235
:1029E00013431BB2FB87FB8F1A4609212A4804F0C8
:1029F00069FA07F033F947E007F1280300210A4696
:102A00001A800A469A7007F12803002219462248C4
:102A100003F0D4FD0346002B38D1B7F904301B1264
:102A20001BB2DBB287F82930BB88DBB287F82A30CB
:102A30001A4BDB69194A43F08053D361174BDB69AA
:102A400003F08053FB60FB68144BDB69134A43F0CF
:102A50000063D361114BDB6903F00063BB60BB68AB
:102A600007F0F0F807F12803002219460A4803F09E
:102A70000EFD07F0F3F809E0BA88094B1A8406E066
:102A800000BF04E000BF02E000BF00E000BF00BFE5
:102A90004037BD46B0BD00BFE4000020001002403A
:102AA0000400002080B584B000AFB9607B600346AD
:102AB000FB811346BB817B68B3F5806F35D1FB8901
:102AC000B3F57F4F16D1364B9A687B681340002BC5
:102AD00010D1BB8900221946B86805F040FA0DF004
:102AE00045FB2F4B9A687B6813432D4A93600DF08A
:102AF0006DFB50E0FB89002B4DD1294B9A687B6818
:102B00001340002B47D0BB8901221946B86805F055
:102B100026FA0DF02BFB224B9A687B68DB431340AF
:102B20001F4A93600DF052FB35E0FB89B3F57F4FF0
:102B300016D11B4B9A687B681340002B10D1BB89C0
:102B400001221946B86805F00AFA0DF00FFB144B84
:102B50009A687B681343124A93600DF037FB1AE0C2
:102B6000FB89002B17D10E4B9A687B681340002B12
:102B700011D0BB8900221946B86805F0F0F90DF0B4
:102B8000F5FA074B9A687B68DB431340044A93606D
:102B90000DF01CFBFFE700BF1037BD4680BD00BF36
:102BA0002008002080B586B000AFB96011461A46F3
:102BB0000346FB810B46BB811346FB800323FB7559
:102BC0000DF0D4FAFB89B3F57F4F0ED1254B9A68EF
:102BD0003B6A1340002B08D1224B9A683B6A13438F
:102BE000204A93600123FB7511E0FB89002B0ED175
:102BF0001C4B9A683B6A1340002B08D0194B9A680B
:102C00003B6ADB431340174A93600023FB750DF0CA
:102C1000DDFAFB7D012B0FD1BB8900221946B86874
:102C200005F09DF90A2009F0F9FFBB890122194638
:102C3000B86805F094F911E0FB7D002B0ED1FB88FC
:102C400000221946B86805F08AF90A2009F0E6FF63
:102C5000FB8801221946B86805F081F900BF1837D2
:102C6000BD4680BD2008002080B586B000AF7860EA
:102C70004FF4FA737B6114233B610023FB72394BE1
:102C80001B68396918460AF093F80346002B30D1C7
:102C900007F10B03184600F06FF80346002B23D012
:102CA00088223149314802F01BFE0346304918465C
:102CB000FAF7B8F803461846FAF790FA03461AB23C
:102CC0002C4B1A8089222849284802F009FE034625
:102CD00027491846FAF7A6F803461846FAF7A4FA61
:102CE00003469AB2234B5A801E4B1B6818460AF0C3
:102CF000C5F8786909F092FF1A4B1B6839691846C4
:102D00000AF056F80346002B27D107F10B031846AB
:102D100000F032F80346002B1AD00022002113489D
:102D200002F07EFB03461A46124BDA800F4802F08F
:102D30000DFCF860FB6804331B6818460FF00EFFAB
:102D400003461846FAF770FA03469AB2094B5A83BB
:102D5000044B1B6818460AF091F8786909F05EFF89
:102D60008DE700BF08080020D40800200C010020D7
:102D700000007A442008002080B588B000AF786059
:102D80004FF48071694805F0D3F80346BB774FF4E0
:102D90000071664805F0CCF803467B77BB7F012BBA
:102DA00007D17B7F012B04D17B6800221A7001239D
:102DB000B7E07B681B78FF2B05D07B681B7801335D
:102DC000DAB27B681A707B681B78032B01D800236A
:102DD000A7E07B6800221A70554B1B681A68544B99
:102DE0001B6822F001021A6007F10C0300221A602E
:102DF0005A609A60DA6011233B6100237B610323F0
:102E0000BB614FF48073FB6007F10C031946474820
:102E100004F0FAFE4FF40073FB6007F10C0319464F
:102E2000424804F0F1FE01224FF480713F4805F062
:102E300096F801224FF400713C4805F090F83C20D0
:102E400009F0ECFE4FF40071384805F071F80346C4
:102E5000002B24D10023FB771CE000224FF480716B
:102E6000324805F07CF83C2009F0D8FE01224FF4EE
:102E700080712E4805F073F83C2009F0CFFE4FF426
:102E800000712A4805F054F80346012B06D0FB7F59
:102E90000133FB77FB7F082BDFD900E000BF002266
:102EA0004FF40071214805F05AF83C2009F0B6FEB5
:102EB00001224FF480711D4805F051F83C2009F0C3
:102EC000ADFE01224FF40071184805F048F83C208F
:102ED00009F0A4FE12233B614FF48073FB6007F1FD
:102EE0000C031946114804F08FFE4FF40073FB6089
:102EF00007F10C0319460D4804F086FE0D4B1B69C3
:102F00000C4A43F4001313613C2009F087FE094B7F
:102F10001B69084A23F400131361054805F050F8B3
:102F2000012318462037BD4680BD00BF000C01407C
:102F30000C0100200010024080B588B000AF0023D3
:102F4000FB7703E000BFFB7F0133FB77FB7F632B45
:102F5000F8D94FF48071744804F0EAFF0346BB755A
:102F60004FF40071704804F0E3FF03467B75BB7DAE
:102F7000012B03D17B7D012B00F0D1806B4B1B68B3
:102F80001A686A4B1B6822F001021A603B1D00227E
:102F90001A605A609A60DA601123BB600023FB60FC
:102FA00003233B614FF480737B603B1D19465E48F1
:102FB00004F02AFE4FF400737B603B1D19465A480B
:102FC00004F022FE01224FF48071574804F0C7FF3D
:102FD00001224FF40071544804F0C1FF0023BB7775
:102FE00003E000BFBB7F0133BB77BB7F3B2BF8D92E
:102FF0004FF400714C4804F09BFF0346002B32D184
:1030000000237B772AE000224FF48071464804F0C9
:10301000A6FF00233B7703E000BF3B7F01333B77F4
:103020003B7F3B2BF8D901224FF480713E4804F0DE
:1030300096FF0023FB7603E000BFFB7E0133FB76A7
:10304000FB7E3B2BF8D94FF40071374804F070FF3A
:103050000346012B06D07B7F01337B777B7F082BD8
:10306000D1D900E000BF00224FF400712E4804F0D7
:1030700076FF0023BB7603E000BFBB7E0133BB7647
:10308000BB7E3B2BF8D901224FF48071264804F017
:1030900066FF00237B7603E000BF7B7E01337B76F7
:1030A0007B7E3B2BF8D901224FF400711E4804F0BF
:1030B00056FF00233B7603E000BF3B7E01333B76A7
:1030C0003B7E3B2BF8D91223BB604FF480737B60AF
:1030D0003B1D1946144804F097FD4FF400737B60C4
:1030E0003B1D1946104804F08FFD114B1B69104A17
:1030F00043F4001313610023FB7503E000BFFB7D65
:103100000133FB75FB7D3B2BF8D9094B1B69084A42
:1031100023F400131361054804F052FF00E000BFE0
:103120002037BD4680BD00BF000C01400C010020CF
:103130000010024080B586B000AF78604EF6602384
:103140003B611423FB600023BB6000237B61386973
:1031500009F064FD0D4B1B68F968184609F028FE5C
:103160000B4BDA687B69D31ABB60094BDB687B6168
:10317000BB68084A0849094802F080FC034B1B68F9
:10318000184609F07BFE00BFE1E700BF08080020F9
:10319000200800201C090020D40800200C01002079
:1031A00080B584B000AF7860C823FB60102104486C
:1031B00004F0EDFEF86809F031FD00BFF6E700BF4E
:1031C0000008014080B500AF2A4801F0B9FB2A4849
:1031D00001F0B6FB274B01221A70274B02221A700E
:1031E000264B1B68264A1A61244B1B68DA69234B5D
:1031F0001B6842F40062DA61204B1B681A681F4B9F
:103200001B6842F004021A6002211C4801F01EFAF9
:103210001A4B1B68DA68194B1B6842F00402DA602B
:103220000421164807F0B8FC164B1B68164A1A61B1
:10323000144B1B689A69134B1B6842F400629A6135
:10324000104B1B681A680F4B1B6842F004021A608F
:1032500001210C4801F0FAF90A4B1B68DA68094BA6
:103260001B6842F00202DA600021064807F094FC75
:1032700000BF80BD400800207C08002060010020C5
:10328000FBFBFFFFF0010020FDFDFFFF80B582B0DA
:1032900000AF174B00221A60164BDB8BFB80FB88BC
:1032A000DAB2154B83F82920FB88012B06D10C23B9
:1032B000114A2021114800F061F808E0FB88012B39
:1032C00005D90C230C4A20210C4800F051F9084B79
:1032D0001B68002B07D00A4B4FF080521A60BFF3D7
:1032E0004F8FBFF36F8F00BF0837BD4680BD00BF53
:1032F0001008002004000020400800206001002089
:1033000004ED00E080B582B000AF174B00221A60D8
:10331000164B5B8CFB80FB88DAB2154B83F82920B7
:10332000FB88012B06D10423114A0221114800F029
:1033300025F808E0FB88012B05D904230C4A02215B
:103340000C4800F015F9084B1B68002B07D00A4BFE
:103350004FF080521A60BFF34F8FBFF36F8F00BFE3
:103360000837BD4680BD00BF1408002004000020BF
:103370007C080020F001002004ED00E080B586B05C
:1033800000AFF860B9607A603B607B681B78FB75C2
:10339000FB7D012B03D0FB7D022B40F0E0807B689E
:1033A0005B78DBB2002B02D0786801F0D5F9FB68BE
:1033B0001B681A6ABB681340002B40F09C80FB68B6
:1033C0001B68DA68FB681B6822F00102DA60FB68A0
:1033D0001B6800225A62FB7D012B12D14FF0804303
:1033E0001B6A4FF0804243F4805313624FF08043D6
:1033F000DB6923F4E0434FF0804243F4A043D36100
:1034000010E0FB7D022B0DD1574B1B6A564A43F04F
:1034100010031362544B9B6923F4E043524A43F474
:10342000A0439361FB681B6801225A61FB7D002168
:10343000184601F0C1F8FB681B686FF001021A61C1
:10344000FB7D012B03D11C20FCF78AFA05E0FB7DF4
:10345000022B02D13220FCF783FAFB681B68DA6882
:10346000FB681B6842F00102DA60FB681B681A689F
:10347000FB681B6842F001021A60FB7D012B1BD127
:103480007B6893F83830DBB283F00203DAB27B68F2
:1034900083F838200821354804F04AFD0346012B03
:1034A0005ED17B6893F83830DBB283F02003DAB268
:1034B0007B6883F8382053E0FB7D022B50D17B687A
:1034C00093F83830DBB283F00103DAB27B6883F81B
:1034D00038200221254804F02BFD0346012B3FD163
:1034E0007B6893F83830DBB283F01003DAB27B6884
:1034F00083F8382034E0FB681B68DA68FB681B68D7
:1035000022F00102DA60FB681B686FF001021A61A9
:10351000FB681B6800225A62FB7D012B0AD14FF029
:103520008043DB6923F4E0434FF0804243F480435F
:10353000D3610AE0FB7D022B07D10B4B9B6923F47F
:10354000E043094A43F480439361FB681B6801220E
:103550005A61FB7D0121184601F02EF800E000BF02
:103560001837BD4680BD00BF000C00400008014078
:1035700090B587B000AFF860B9607A603B607B6857
:103580001B78FB75FB7D012B03D0FB7D022B40F0EC
:10359000F881FB681B681A6ABB681340002B40F077
:1035A000B9817B685B78DBB2062B02D17B68042291
:1035B0005A70FB7D012B09D17B6893F83830DBB260
:1035C00083F00203DAB27B6883F83820FB7D022B9C
:1035D00009D17B6893F83830DBB283F00103DAB2AB
:1035E0007B6883F838207B685B78DBB2042B09D0DA
:1035F000042B00F3C881002B00F00581022B00F0A2
:103600001781C0E17B6893F83830DBB203F0080320
:10361000002B00F0BA817B6893F82830DBB21C469F
:1036200000F0C0F901467A68A31D9B00134459605D
:10363000FB681B68DA68FB681B6822F00102DA602D
:10364000FB681B686FF001021A61FB681B681A684F
:10365000FB681B6822F002021A60FB7D012B0AD175
:103660004FF08043DB6923F4E0434FF0804243F4A2
:10367000C043D3610AE0FB7D022B07D1984B9B69C5
:1036800023F4E043964A43F4C0439361FB681B680C
:1036900017229A62FB681B687A68126BDA627B6891
:1036A0001A6BFB68DA603B68002B06D17B689B8D48
:1036B0009AB2FB681B685A631CE03B68042B07D175
:1036C0007B689B8D99B2FB681A680B46936311E087
:1036D0003B68082B07D17B689B8D99B2FB681A6801
:1036E0000B46D36306E07B689B8D99B2FB681A6832
:1036F0000B461364FB681B6800225A62FB681B6858
:1037000001225A61FB681B686FF001021A61FB7DA0
:10371000012B08D14FF080431B6A4FF0804243F4E5
:103720008053136208E0FB7D022B05D16C4B1B6AB2
:103730006B4A43F0100313627B6893F82930DBB2C5
:10374000013BDAB27B6883F82A207B6893F8383033
:10375000DBB203F03F03DAB27B6883F83820FB7DED
:103760000021184600F028FFFB681B686FF001027B
:103770001A61FB7D012B03D11C20FCF7F1F805E059
:10378000FB7D022B02D13220FCF7EAF8FB681B68B4
:10379000DA68FB681B6842F00102DA60FB681B68AC
:1037A0001A68FB681B6842F001021A60FB7D012B5E
:1037B00011D108214B4804F0BBFB0346012B1ED15D
:1037C0007B6893F83830DBB283F02003DAB27B6891
:1037D00083F8382013E0FB7D022B10D102214148F1
:1037E00004F0A6FB0346012B09D17B6893F838301F
:1037F000DBB283F01003DAB27B6883F838207B6891
:1038000005225A70C6E07B6893F82830DBB21C466C
:1038100000F0C8F801467A68A30013445960FB7DA4
:103820000021184600F0C8FE7B6801225A70B1E002
:103830007B6893F82830DBB2022B18D87B6893F8AA
:103840002830DBB21C4600F0ADF801467A68A31DB3
:103850009B00134459607B6893F82830DBB2013336
:10386000DAB27B6883F828207B6800225A707B6874
:1038700093F82830DBB2022B40F289807B6800226B
:1038800083F82820FB7D012B08D1174B1B68DA68D1
:10389000154B1B6822F00402DA600AE0FB7D022B64
:1038A00007D1124B1B68DA68104B1B6822F002022A
:1038B000DA607B6803225A70786800F059FBFB7D60
:1038C000012B17D1084B1B68094A1A61064B1B686C
:1038D000DA68054B1B6842F00402DA6059E000BF69
:1038E000000C00400008014060010020F0010020B1
:1038F000FBFBFFFFFB7D022B4BD1284B1B68284AAB
:103900001A61264B1B68DA68244B1B6842F00202DE
:10391000DA603EE07B685B78DBB2012B16D0052BCA
:1039200029D17B6893F82830DBB21C4600F03AF8C6
:1039300001467B68221D43F82210FB7D01211846B9
:1039400000F03AFE786800F0CBFC23E07B6893F847
:103950002830DBB21C4600F025F801467B68221DAA
:1039600043F82210FB7D0121184600F025FE7B68FC
:1039700002225A700EE0FB7D0121184600F01CFE69
:1039800008E000BF06E000BF04E000BF02E000BFA7
:1039900000E000BF1C37BD4690BD00BFF001002015
:1039A000FDFDFFFF80B483B000AF0D4B1B687B6053
:1039B0000C4B5B6A7B800B4B1B6903F00103002BF4
:1039C00006D07B6803F580337B60064B5B6A7B80A7
:1039D0007A887B68134418460C37BD4680BC704714
:1039E000B80800200014004080B582B000AFAE4B94
:1039F00000221A60AD4B93F82930DBB2FB80FB88C4
:103A0000012B22D1A94B5B78DBB2002B02D0A74857
:103A100000F0A2FE4FF08043DB6923F4E0434FF057
:103A2000804243F48043D3614FF0804301225A61C6
:103A30009F4B1B686FF001021A611C20FBF790FF7F
:103A40000121012000F0B8FD1DE1FB88012B40F2AF
:103A50001A814FF08043DB6923F4E0434FF080424A
:103A600043F4C043D361914B93F83830DBB203F099
:103A70000803002B15D18D4B5B78DBB2002B02D0F5
:103A80008A4800F069FE884B1B68002B00F0088113
:103A9000884B4FF080521A60BFF34F8FBFF36F8F88
:103AA000FEE0824B93F82A30DBB2012B25D97F4B05
:103AB00093F82A30DBB2013BDAB27C4B83F82A2040
:103AC0007B4B1B6800225A624FF080431B6A4FF009
:103AD000804243F480531362754B1B686FF0010200
:103AE0001A611C20FBF73CFF4FF080431B684FF02E
:103AF000804243F001031360C5E06C4B93F82A3019
:103B0000DBB2012B5BD1694B93F83830DBB203F0A9
:103B1000C003002B53D1654B93F82A30DBB2013B35
:103B2000DAB2624B83F82A204FF080431B684FF0D3
:103B3000804243F0020313605D4B1B6800225A620F
:103B40005A4B5B6B9AB25A4B1B68DA62574B5B6BF2
:103B50009BB21A46564BDA604FF080431B684FF019
:103B6000804223F0020313604FF0804301225A6128
:103B70004F4B1B6800221A644FF080431B6A4FF0C2
:103B8000804243F480531362494B1B686FF001027B
:103B90001A611C20FBF7E4FE4FF080431B684FF0D6
:103BA000804243F001031360404B93F83830DBB29E
:103BB00043F04003DAB23D4B83F8382063E03B4BDF
:103BC00093F82A30DBB2002B4ED1384B93F83830C3
:103BD000DBB203F04003002B46D0344B93F838306F
:103BE000DBB25BB2002B3FDB4FF080431B684FF032
:103BF000804243F0020313602D4B1B68EF229A6250
:103C00002B4B1B6800225A62294B1B6842F20F7231
:103C1000DA62274B42F20F72DA604FF080431B6882
:103C20004FF0804223F0020313604FF080430122E3
:103C30005A611F4B1B686FF001021A611C20FBF7D1
:103C40008FFE4FF080431B684FF0804243F001032A
:103C50001360164B93F83830DBB263F07F03DAB2AF
:103C6000124B83F838200EE0104B93F83830DBB25B
:103C700003F0C003002B03D00C4800F06DFD02E000
:103C80000A4800F069FD084B1B68002B09D0094B5E
:103C90004FF080521A60BFF34F8FBFF36F8F00E079
:103CA00000BF0837BD4680BD18080020400800202E
:103CB0006001002004ED00E080B582B000AF9A4BB7
:103CC00000221A60994B1B686FF001021A61984B31
:103CD00093F82930DBB2FB80FB88012B1FD1944B7A
:103CE0005B78DBB2002B02D0914800F035FD914BA0
:103CF0009B6923F4E0438F4A43F4804393618D4BE7
:103D000001225A61894B1B686FF001021A6132204F
:103D1000FBF726FE0121022000F04EFC11E1FB889A
:103D2000012B40F20E81834B9B6923F4E043814ACF
:103D300043F4C04393617E4B93F83830DBB203F019
:103D40000803002B15D17A4B5B78DBB2002B02D035
:103D5000774800F001FD744B1B68002B00F0FE80DB
:103D6000754B4FF080521A60BFF34F8FBFF36F8FC8
:103D7000F4E06F4B93F82A30DBB2012B21D96C4B66
:103D800093F82A30DBB2013BDAB2694B83F82A2080
:103D9000664B1B6800225A62664B1B6A654A43F0F9
:103DA00010031362614B1B686FF001021A6132202D
:103DB000FBF7D6FD5F4B1B685E4A43F001031360BF
:103DC000BFE05B4B93F82A30DBB2012B52D1584B4A
:103DD00093F83830DBB203F0C003002B4AD1544BC8
:103DE00093F82A30DBB2013BDAB2514B83F82A2038
:103DF000504B1B684F4A43F0020313604B4B1B6848
:103E000000225A624A4B5B6B9AB2484B1B68DA62DB
:103E1000474B5B6B9BB21A46444BDA60454B1B68C1
:103E2000444A23F002031360424B01225A613F4B84
:103E30001B6800229A633F4B1B6A3E4A43F0100303
:103E400013623A4B1B686FF001021A613220FBF7D4
:103E500087FD384B1B68374A43F001031360344B2E
:103E600093F83830DBB243F04003DAB2304B83F8DA
:103E7000382066E02E4B93F82A30DBB2002B47D176
:103E80002B4B93F83830DBB203F04003002B3FD0CC
:103E9000274B93F83830DBB25BB2002B38DB254B75
:103EA0001B68244A43F002031360204B1B68EF2277
:103EB0009A621E4B1B6800225A621C4B1B6842F21E
:103EC0000F72DA62194B42F20F72DA60194B1B68FB
:103ED000184A23F002031360164B01225A61134B58
:103EE0001B686FF001021A613220FBF739FD114B9C
:103EF0001B68104A43F0010313600D4B93F83830F0
:103F0000DBB263F07F03DAB2094B83F8382018E0A4
:103F1000074B93F83830DBB203F0C003002B0DD011
:103F2000034800F019FC0CE01C080020F001002000
:103F30007C080020000C004004ED00E0094800F07F
:103F40000BFC094B1B68002B09D0084B4FF080522B
:103F50001A60BFF34F8FBFF36F8F00E000BF0837C9
:103F6000BD4680BD7C0800201C08002004ED00E058
:103F700080B598B000AF78607B685B78DBB2032BCC
:103F800003D0786800F0DCFCA4E1002387F85F3000
:103F90000023BB6500237B65002387F853302EE0A8
:103FA00097F853307A689B0013445B68BB6297F8BC
:103FB00053207B68043253F822307B6297F85330E9
:103FC0007A6806339B0013445B683B6297F8533072
:103FD000796ABA6A8A1A9B0060333B4443F84C2CD6
:103FE00097F85330396ABA6A8A1A9B0060333B44A7
:103FF00043F8582C97F85330013387F8533097F82B
:104000005330022BCCD9002387F85230C9E097F8FF
:1040100052309B0060333B4453F84C3C002B00F083
:10402000BA8097F852309B0060333B4453F8583CB9
:10403000002B00F0B08097F852309B0060333B4477
:1040400053F84C2C13469B001344A44AA2FB0323B1
:104050005B09BB6497F852309B0060333B4453F8D4
:10406000582C13469B0013449C4AA2FB03235B0974
:104070007B64002387F8513087E097F8522097F847
:1040800051309A427BD097F852309B0060333B44CA
:1040900053F84C2C97F851309B0060333B4453F855
:1040A0004C3C9A420FD997F852309B0060333B4406
:1040B00053F84C2C97F851309B0060333B4453F835
:1040C0004C3CD31A0EE097F851309B0060333B44D0
:1040D00053F84C2C97F852309B0060333B4453F814
:1040E0004C3CD31A3B6497F852309B0060333B44FE
:1040F00053F8582C97F851309B0060333B4453F8E9
:10410000583C9A420FD997F852309B0060333B4499
:1041100053F8582C97F851309B0060333B4453F8C8
:10412000583CD31A0EE097F851309B0060333B4463
:1041300053F8582C97F852309B0060333B4453F8A7
:10414000583CD31AFB633A6CBB6C9A4218D8FA6B92
:104150007B6C9A4214D897F852309B0060333B44F2
:1041600053F84C3CBB6597F852309B0060333B449E
:1041700053F8583C7B65012387F85F300CE000BFA3
:1041800097F85130013387F8513097F85130022BAE
:104190007FF673AF00E000BF97F85230013387F825
:1041A000523097F85230022B04D897F85F30002B2A
:1041B0003FF42DAF97F85F30002B03D1786800F003
:1041C000BFFB87E0BB6D002B06D07B6D002B03D0BF
:1041D000BA6D7B6D9A4203D3786800F0B1FB79E049
:1041E0007B6893F82930DBB2BB63BB6B012B02D930
:1041F000BB6B0A2B03D9786800F0A2FB6AE07B6DE9
:1042000042F20F72934203D8786800F099FB61E0A4
:10421000BB6D40F6B732934202D940F6B733BB6567
:104220007A6DBB6BB2FBF3F37B637B6B5B083B6329
:104230007B6B002B04D07B6B4FF23022934203D96F
:10424000786800F07DFB45E0BA6D7B6B9A4203D342
:10425000786800F075FB3DE0BA6D3B6B9A4201D97E
:104260003B6BBB65BB6D0133BA6B02FB03F37A6D2D
:104270009A4203D8786800F063FB2BE07B6B9B08C5
:10428000FB64FB6C042B01D80523FB643A6BFB6CCD
:104290001344FB627B6B053BFA6A9A4203D378684E
:1042A00000F05AFA16E0BB6D9AB27B689A857B687B
:1042B0007A6B1A637B68FA6A5A637B6893F83830C2
:1042C000DBB243F00803DAB27B6883F838207B68FE
:1042D00004225A706037BD4680BD00BF1F85EB5178
:1042E00080B596B000AF78607B6893F83830DBB269
:1042F00003F00803002B03D1786800F02DFA58E191
:10430000002387F84B30002387F84A3000237B6472
:1043100000233B647B6893F8283087F84B3097F88C
:104320004B309A1C9A4B83FB0231D317C91A0B46A8
:104330005B000B44D11A0B4687F84A3097F84B3094
:104340007A6806339B0013445B68FB6397F84B2045
:104350007B68043253F82220FB6BD31A7B6497F8F6
:104360004A307A6806339B0013445B68FA6BD31AB1
:104370003B647B6C002B02D03B6C002B03D17B6831
:1043800004225A7015E17B6893F82830DBB25A1C7E
:104390007F4B83FB0231D317C91A0B465B000B44DA
:1043A000D11ACAB27B6883F828207B689B8D9BB2A8
:1043B000BB637B681B6B7B637B6893F82930DBB244
:1043C0003B633B6B012B02D93B6B0A2B03D978680B
:1043D00000F0C2F9EDE03A6C3B6BB2FBF3F37B65A6
:1043E00042F210723B6BB2FBF3F3FB627A6DFB6A35
:1043F0009A4203D2786800F0AFF9DAE07B6B5B0099
:10440000644AA2FB03235B09BB627A6D7B6B9A4211
:1044100003D97A6D7B6BD31A02E07A6B7B6DD31A6A
:104420007B627A6ABB6A9A422ED97B6AB3F57A7F3D
:104430000BD27B6AC72B06D87B6A092B01D90523CF
:1044400004E0012302E00A2300E064233B627A6D6A
:104450007B6B9A420CD97A6B3B6A13447B657B6D0C
:104460004FF23022934211D9786800F075F9A0E03C
:104470007A6B3B6AD31A7B657A6DFB6A9A4205D2E6
:10448000786800F069F994E07B6B7B650123A7F8FD
:1044900052307A6CBB6B9A4203D97A6CBB6BD31ADD
:1044A00002E0BA6B7B6CD31AFB61FB69C72B06D8A1
:1044B000FB69632B01D90A2302E0012300E01423E6
:1044C000BB617B6D5B087B617A6CBB6B9A4203D1ED
:1044D0007B6CA7F8523036E07A6CBB6B9A4221D9DC
:1044E000BA6BBB691344FB60FA687B699A420CD9CA
:1044F000FB6840F6B732934202D87B699BB201E079
:1045000040F6B733A7F852301DE0FB6840F6B732EB
:10451000934202D8FB689BB201E040F6B733A7F89C
:10452000523010E0BA6BBB69D31A3B613A69BB6B7E
:104530009A4202D83B699BB203E0BB6B9BB2013B42
:104540009BB2A7F85230B7F85230002B02D10123AA
:10455000A7F85230B7F852307A6D9A4203D878688B
:1045600000F0FAF825E07B6D9B08FB64FB6C042BE4
:1045700001D80523FB647A69FB6C1344BB607B6D37
:10458000053BBA689A4207D3786800F0E5F810E076
:10459000565555551F85EB517B68B7F852209A85C3
:1045A0007B687A6D1A637B68BA685A637B680422F9
:1045B0005A705837BD4680BD80B582B000AF034603
:1045C0000A46FB711346BB71BB79012B17D1FB79EE
:1045D000012B08D1194B1B68194A1A61022117488F
:1045E00000F034F825E0FB79022B22D1154B1B6833
:1045F000154A1A610121134800F028F819E0BB7927
:10460000002B16D1FB79012B08D10C4B1B680C4AEF
:104610001A610221094800F05CF80AE0FB79022BDC
:1046200007D1084B1B68084A1A610121054800F0B0
:1046300050F800BF0837BD4680BD00BF60010020B4
:10464000FBFBFFFFF0010020FDFDFFFF80B483B006
:1046500000AF78600B46FB70FB78012B02D0022B79
:1046600019D031E07B681B681A6A7B681B6822F0EE
:1046700001021A627B681B681A6A7B681B6822F059
:1046800002021A627B681B681A6A7B681B6842F028
:1046900001021A6218E07B681B681A6A7B681B6853
:1046A00022F010021A627B681B681A6A7B681B681A
:1046B00022F020021A627B681B681A6A7B681B68FA
:1046C00042F010021A6200BF00BF0C37BD4680BC2A
:1046D000704780B483B000AF78600B46FB70FB7806
:1046E000012B02D0022B19D031E07B681B681A6ABB
:1046F0007B681B6822F001021A627B681B681A6AD9
:104700007B681B6842F002021A627B681B681A6AA7
:104710007B681B6842F001021A6218E07B681B6824
:104720001A6A7B681B6822F010021A627B681B6899
:104730001A6A7B681B6842F020021A627B681B6859
:104740001A6A7B681B6842F010021A6200BF00BF41
:104750000C37BD4680BC704780B584B000AF786030
:104760007B681B78BB73BB7B012B3AD1704B1B68FA
:10477000DA686F4B1B6822F00402DA600C216C4887
:1047800006F04AF96A4B1B68DA68694B1B6822F02D
:104790000102DA60664B1B6817229A62644B1B6841
:1047A00000225A62624B1B6840F6B732DA62604BF5
:1047B00040F6B732DA605E4B1B6800221A645C4B2D
:1047C0001B6801225A615A4B1B685A4A1A61584B9E
:1047D0001B686FF001021A6102215548FFF736FF8E
:1047E0003CE0BB7B022B39D1534B1B68DA68524B40
:1047F0001B6822F00202DA6004214F4806F00CF92F
:104800004D4B1B68DA684C4B1B6822F00102DA60E2
:10481000494B1B6817229A62474B1B6800225A6259
:10482000454B1B6840F6B732DA62434B40F6B7326D
:10483000DA60414B1B6800229A633F4B1B680122E0
:104840005A613D4B1B683D4A1A613B4B1B686FF038
:1048500001021A6101213848FFF7F8FE7B68002247
:104860005A700023FB7315E0FB7B7A689B001344AE
:1048700000225A60FA7B7B680432002143F8221040
:10488000FB7B7A6806339B00134400225A60FB7B53
:104890000133FB73FB7B022BE6D900227B681146B8
:1048A00083F829107B68114683F828107B6811462D
:1048B00083F82A107B6883F838207B6800229A8569
:1048C00000237A6853637A681363BB7B012B14D18E
:1048D000174B1B68174A1A61154B1B68DA68144B93
:1048E0001B6842F00402DA60114B1B681A68104B17
:1048F0001B6842F001021A6016E0BB7B022B13D149
:104900000D4B1B680D4A1A610B4B1B68DA680A4B8A
:104910001B6842F00202DA60074B1B681A68064BFC
:104920001B6842F001021A6000BF1037BD4680BD0F
:1049300060010020FBFBFFFFF0010020FDFDFFFFF9
:1049400080B485B000AF78607B681B78BB73BB7B9D
:10495000012B08D13F4B1B68DA683E4B1B6822F0E5
:104960000402DA600AE0BB7B022B07D13A4B1B68DA
:10497000DA68394B1B6822F00202DA607B68002299
:104980005A700023FB7315E0FB7B7A689B0013448D
:1049900000225A60FA7B7B680432002143F822101F
:1049A000FB7B7A6806339B00134400225A60FB7B32
:1049B0000133FB73FB7B022BE6D900227B68114697
:1049C00083F829107B68114683F828107B6811460C
:1049D00083F82A107B6883F838207B6800229A8548
:1049E00000237A6853637A681363BB7B012B14D16D
:1049F000184B1B68194A1A61164B1B68DA68154B6D
:104A00001B6842F00402DA60124B1B681A68114BF3
:104A10001B6842F001021A6016E0BB7B022B13D127
:104A20000D4B1B680E4A1A610B4B1B68DA680A4B68
:104A30001B6842F00202DA60074B1B681A68064BDB
:104A40001B6842F001021A6000BF1437BD4680BCEB
:104A5000704700BF60010020F0010020FBFBFFFF5A
:104A6000FDFDFFFF80B586B002AF786042F21073A3
:104A7000FB604FF0FF3101200AF0F4FC102300939B
:104A80004FF480434FF400420B490020FEF78AF8B0
:104A90000A4B4FF461725A82F86808F0BFF810238D
:104AA00000934FF480434FF4004203494FF47F409A
:104AB000FEF778F800BFDCE7000C0140200800207A
:104AC00080B584B002AF7860304B1B684FF0FF3187
:104AD000184608F06DF92E4B01225A7510230093E9
:104AE0004FF480434FF400422A494FF47F40FEF7D1
:104AF00059F802234FF4805227494FF47F40FDF7C5
:104B0000D1FF01234FF4005224494FF47F40FDF7B9
:104B1000C9FF44F6206008F081F805214FF4802099
:104B2000FAF7EAFB194B1B680021184608F040F918
:104B3000164B1B684FF0FF31184608F039F9012376
:104B40004FF4005215490020FDF7ACFF02234FF44B
:104B5000805211490020FDF7A5FF0D4B4FF4617203
:104B60005A820B4B00225A7544F6206008F056F822
:104B700005214FF40020FAF7BFFB044B1B6800210E
:104B8000184608F015F900BF9EE700BF0008002096
:104B900020080020000C01400008014000100140E6
:104BA00080B586B000AF78604FF47A73FB60002365
:104BB0007B610023FB740023BB74874BDB68B3F17C
:104BC000FF3F05D0844BDB680133834AD36009E0A3
:104BD000814B0022DA60804B1B8A9BB201339AB270
:104BE0007D4B1A827C4B9B7DDBB2002B10D07A4B25
:104BF00000229A75784B1B7DDBB2002B03D1764BDC
:104C000000225A7504E04FF48071744803F090F963
:104C1000714B5B8A9BB2002B0BD06F4B5B7DDBB281
:104C2000002B06D16C4B5B8A9BB2013B9AB26A4B5C
:104C30005A82694B5B8A9BB2002B0FD1684B1B6871
:104C4000002B0BD0644B5B7DDBB2002B06D1644B99
:104C500018680023022200210AF050FC0421614858
:104C600003F066F90346002B03D0BB7C0133BB7411
:104C700001E00023BB74BB7C032B17D920215A48C9
:104C800003F056F90346012B04D001222021564897
:104C900003F065F905214FF48020FAF72DFB534B03
:104CA0001B68184608F0EAF80023BB744A4B1B88BF
:104CB0001AB24F4BDB891BB29A42B4BF01230023C7
:104CC000DBB21A46444BDA75434BDB881BB213F157
:104CD000360F7CDB404BDB881BB27C2B77DC3E4BFA
:104CE0001B881AB2424BDB891BB29A426FDB3A4BEC
:104CF0001B881AB23E4B9B891BB29A4267DCFB7C35
:104D0000002B2ED1344B9B881BB21A46384B9B8A02
:104D10001BB21946364B5B891BB20B449A420DDB22
:104D20002D4BDB881BB21A46314B9B8A1BB21946AE
:104D30002F4B5B891BB2CB1A9A4212DC09F074FE2E
:104D400002467B69D31A40F6C31293423FD8FF2133
:104D50002848FAF70DF90123FB7409F065FE786124
:104D600035E0FB7C002B32D01B4BDB881BB21A4694
:104D70001F4B9B8A1BB219461D4B5B891BB20B4410
:104D80009A4224DD09F050FE02467B69D31A40F6B0
:104D9000C31293421BD800211648FAF7E9F80E4BCC
:104DA0009B881BB21A46124B9B8A1BB21946104BAA
:104DB0005B891BB20B449A4204DA074BDB881AB2B8
:104DC000054B9A800023FB7409F02EFE7861F86889
:104DD00007F024FFF1E600BF20080020001001408A
:104DE000F8070020000C01400008014000080020E6
:104DF000040000202400002080B582B000AF78605D
:104E00007B681B68044A934201D102F09BFA00BF01
:104E10000837BD4680BD00BF0004004080B500AF2C
:104E200072B600BFFAF7BAFD80B400AF284B1B681A
:104E30001A6A274B1B6822F055021A62244B1B6822
:104E40001A6A234B1B6822F0AA021A62204B1B68C5
:104E50001A6A1F4B1B6842F055021A621C4B1B68F2
:104E60005A6C1B4B1B6822F400425A64184B1B6897
:104E70001A68174B1B6842F080021A60144B1B68BB
:104E80006FF001021A61124B1B68DA68104B1B6845
:104E900022F00102DA600E4B1B681A6A41F211130C
:104EA0001340002B0FD10A4B1B681A6A40F244438F
:104EB0001340002B07D1064B1B681A68044B1B6874
:104EC00022F001021A6000BFBD4680BC704700BFDF
:104ED0008002002080B584B000AF03460A46FB7113
:104EE0001346BB8007F1080300221A609A80FB7901
:104EF0003B72BB881B0A9BB203F00103002B01D05D
:104F0000022300E001237B723B7A032B02D141F2A2
:104F1000873301E040F277537B81BB881B0A9BB249
:104F200003F08003002B06D0BB88DBB2012202FA1B
:104F300003F39BB202E0BB88DBB29BB2BB81064BA2
:104F4000186807F108010023002208F075F800BF77
:104F50001037BD4680BD00BFC008002080B584B0BA
:104F600000AF786007F1080300221A609A800F4BA7
:104F7000186807F108014FF0FF33002208F0D0F85D
:104F80000346002BF3D13B7A002B04D007F1080332
:104F9000184600F00FF800233B72054B1B684FF0DA
:104FA000FF31184607F004FFE1E700BFC00800200A
:104FB000C408002080B584B000AF78605A4B1B68ED
:104FC0001B6803F00103002B2DD0574B1B68DA68D8
:104FD000554B1B6822F00102DA60534B1B681A6ABA
:104FE00041F211131340002B0FD14F4B1B681A6A6B
:104FF00040F244431340002B07D14B4B1B681A6807
:10500000494B1B6822F001021A60002000F0A6F94B
:10501000002000F0C9F9444B1B685A6C424B1B68D6
:1050200022F400425A64414B7A68106818609288F2
:105030009A803E4B0022DA807B689A883B4B1A812B
:105040003A4B01229A727B681B780121184600F0C6
:1050500037F90A2007F0E2FD0023FB607B681B782C
:10506000042B09D0042B5ADC022B02DC002B03DCBE
:1050700055E0032B09D052E07B685B78012B01D10E
:105080002B4B00E02B4BFB6008E07B685B78012B2F
:1050900001D1294B00E0294BFB6000BF234BDB888B
:1050A0009BB25B00FA6813441878204BDB889BB2F4
:1050B0005B00FA6813445B78194600F09DF97B6841
:1050C0005A88194B1B68DA627B685B881A46164B54
:1050D000DA60154B1B6800225A62134B1B680122D1
:1050E0005A61114B1B686FF001021A610E4B1B686D
:1050F000DA680D4B1B6842F00102DA600A4B1B684C
:105100005A6C094B1B6842F400425A64064B1B68F8
:105110001A68054B1B6842F001021A6000E000BFEC
:105120001037BD4680BD00BF80020020C8080020A7
:10513000643F02086C3F0208743F02087C3F02088B
:1051400080B582B000AF334B1B899BB2013B9BB251
:10515000304A19461181002B01D100F067F82E4B1F
:105160001B681B6903F00103012B4AD12A4B1B6802
:105170006FF001021A61274B9B7ADBB2002B42D001
:1051800000237B60234B1B78DBB2042B09D0042B5C
:105190003BDC022B02DC002B03DC36E0032B0AD0C5
:1051A00033E01C4B5B78DBB2012B01D11B4B00E0E1
:1051B0001B4B7B6009E0174B5B78DBB2012B01D105
:1051C000184B00E0184B7B6000BF124BDB889BB292
:1051D00001339BB203F003039AB20E4BDA800D4BFE
:1051E000DB889BB25B007A6813441878094BDB8834
:1051F0009BB25B007A6813445B78194600F0FCF8B8
:1052000004E000BF02E000BF00E000BF0837BD4679
:1052100080BD00BFC808002080020020643F020853
:105220006C3F0208743F02087C3F020880B500AF63
:10523000204B1B68DA681F4B1B6822F00102DA6002
:105240001C4B1B681A6A41F211131340002B0FD13B
:10525000184B1B681A6A40F244431340002B07D1D5
:10526000144B1B681A68134B1B6822F001021A606A
:10527000104B1B6801225A610E4B1B686FF0010234
:105280001A610C4B1B685A6C0A4B1B6822F40042D3
:105290005A64094B1B78DBB20021184600F010F865
:1052A000054B00229A72054B1B68184607F0E6FD75
:1052B00000BF80BD80020020C8080020C408002074
:1052C00080B582B000AF03460A46FB711346BB713E
:1052D000FB79013B032B3AD801A252F823F000BF1F
:1052E000F1520108095301082153010839530108FB
:1052F000BB79002B14BF01230023DBB21A4608211F
:10530000154802F02CFE23E0BB79002B14BF0123CB
:105310000023DBB21A4604210F4802F020FE17E0FA
:10532000BB79002B14BF01230023DBB21A460221F4
:10533000094802F014FE0BE0BB79002B14BF0123D7
:105340000023DBB21A460121034802F008FE00BF29
:105350000837BD4680BD00BF0010014080B485B055
:1053600000AF0346FB71FB79002B01D0502300E016
:105370004023FB600B4B1B689B6923F07001094BBA
:105380001B68FA680A439A61064B1B689A69054BC9
:105390001B6842F008029A6100BF1437BD4680BC0A
:1053A000704700BF8002002080B485B000AF034684
:1053B000FB71FB79002B02D04FF4A04301E04FF4C6
:1053C0008043FB600B4B1B689B6923F4E041094B56
:1053D0001B68FA680A439A61064B1B689A69054B79
:1053E0001B6842F400629A6100BF1437BD4680BC5E
:1053F000704700BF8002002080B582B000AF034636
:105400000A46FB711346BB71FB791846FFF7A6FFEE
:10541000BB791846FFF7C8FF00BF0837BD4680BDFF
:1054200080B588B004AF78600B46FB7013463B80B4
:105430000023FB81FB78002B58D13B881B0A9BB2D1
:10544000DBB23B733B88DBB27B73C823029302233E
:10545000019307F10C030093012300229021786847
:1054600003F056FB0346002B01D0002340E03B7BBA
:105470007A7B1146184601F0D7FE0346FB81FB8973
:10548000DB099BB2FB81FB8903F48073002B1BD0EB
:10549000B7F90E301846F7F725F84FF00002164B13
:1054A000F7F78AF802460B46104619464FF00002FD
:1054B000124BF6F7C9FE02460B4610461946F7F79F
:1054C0002BFB0346FB8111E0B7F90E301846F7F7C6
:1054D00009F84FF00002084BF7F76EF802460B464A
:1054E00010461946F7F718FB0346FB81B7F90E3053
:1054F00018461037BD4680BD0000E03F00007040F8
:1055000080B586B002AF78604AF23023BB8107F1E4
:105510000C02C823009302238821786802F094FECD
:105520000346002B01D001230BE00023FB8103E0A5
:1055300000BFFB890133FB81FB89B3F5FA7FF7D309
:10554000002318461037BD4680BD000080B58AB0E4
:1055500002AF7860454B4FF000021A60434B4FF0AA
:1055600000025A6041F22463BB8207F11402C8238F
:10557000009302238821786802F066FE0346FB77D9
:10558000FB7F002B03D0394B4FF07E525A6007F15E
:105590000C02C823009306238821786802F052FF8A
:1055A0000346FB77FB7F002B03D0304B4FF080424C
:1055B0005A6007F10C030221184601F04BFE034626
:1055C000BB7707F10C0303330221184601F042FEBA
:1055D00003467B77BB7BBA7F9A4203D17B7C7A7F81
:1055E0009A4202D0214B224A5A603B7B1BB21B02DB
:1055F0001AB27B7B1BB213431BB27B83FB7B1BB2B8
:105600001B021AB23B7C1BB213431BB23B837B8B46
:105610001846F7F7AFFB034616491846F7F7B6FCEE
:10562000034615491846F7F7FDFB0346134918468C
:10563000F7F7EEFA03461A460C4B1A603B8B1846F6
:10564000F7F798FB03460B491846F7F79FFC03460C
:105650000B491846F7F7E6FB03461A46034B5A6018
:10566000024B18462037BD4680BD00BF30090020E0
:105670000000404000FF7F4700002F4300003442FD
:105680000000C84280B586B002AF7860184B009326
:10569000184B80227968184800F03AF80023FB8103
:1056A00003E000BFFB890133FB81FB89B3F5FA7F7F
:1056B000F7D3124B0093124B82227968114800F005
:1056C00027F80023BB8103E000BFBB890133BB8106
:1056D000BB89B3F5FA7FF7D3054B00930A4B8A22B7
:1056E00079680A4800F014F800BF1037BD4680BD45
:1056F000000018410AD7233CD40800209A99994009
:105700000AD7A33CEC0800200AD7A33B04090020D9
:1057100080B58CB004AFF860B9603B601346FB7194
:105720000023BB8200233B83FB799AB2FB685A803B
:10573000FB683A685A60FB68BA6A9A60FB685B6803
:1057400063491846F7F70CFD0346002B08D1FB68A8
:105750009B6860491846F7F703FD0346002B03D00A
:10576000FB6800221A70AFE0FB689B684FF08E4127
:105770001846F7F70BFC03461A46FB681A61FB68EC
:105780001A69FB685B6819461046F7F74BFB03463E
:1057900019465148F7F7FAFB03461A46FB68DA60E8
:1057A000FB681B694D491846F7F73CFB03461A4650
:1057B000FB685A61FB68DB684FF07C511846F7F7CD
:1057C00029FA03461846F7F72FFD03463B833B8B28
:1057D000C3F30E033B833B8B002B04D101233B75AA
:1057E00000237B7507E03B8BDBB23B753B8B1B0AD1
:1057F0009BB2DBB27B75FB68598864230322B868CF
:1058000003F0EEFB0346002B5BD10023FB8303E098
:1058100000BFFB8B0133FB83FB8BB3F5FA7FF7D320
:10582000FB685988642302930223019307F1140350
:1058300000930123D422B86803F070F80346002BCC
:105840003FD10323FB740023BB8303E000BFBB8B6A
:105850000133BB83BB8BB3F5FA7FF7D3FB68598861
:1058600007F11302642300930123B86802F0ECFCF3
:105870000346002B03D0FB6800221A7024E0D623D5
:10588000BB7400237B8303E000BF7B8B01337B83EE
:105890007B8BB3F5FA7FF7D3FB68598807F11202C7
:1058A000642300930123B86802F0CEFC0346002B6A
:1058B00003D0FB6800221A7006E0FB6801221A7010
:1058C00002E0FB6800221A702037BD4680BD00BF91
:1058D000BD3786356F12833AACC5A73B0000C8417F
:1058E000B0B58EB004AFF860B9601346FB71012308
:1058F00087F827300023BB82BB685B887B8300234B
:105900003B834FF07E533B624FF00003FB61BB686B
:105910001B78002B10D0FB799AB2798B322302933B
:105920000223019307F1140300930123F86803F0A5
:10593000EFF8034687F8273097F82730002B02D07E
:105940004FF0000393E07B7D1BB21B021AB23B7D3C
:105950001BB213431BB23B83FB79D12B3FD0D12B1E
:1059600058DC972B56DC882B0BDA6B2B48D06B2B33
:1059700050DC4A2B3AD04A2B4CDB573B012B49D801
:1059800026E0883B0F2B45D801A252F823F000BF38
:10599000D1590108ED590108155A0108155A010895
:1059A000ED590108155A0108155A0108155A010840
:1059B000155A0108155A0108155A0108155A010807
:1059C000155A0108155A0108155A0108015A01080B
:1059D0004FF082433B624FF08043FB611AE04FF08F
:1059E00081433B624FF08043FB6113E0BB681B695E
:1059F00019464FF07E50F7F7C9FA03463B6209E0BB
:105A0000BB685B6919464FF07E50F7F7BFFA034653
:105A10003B6200BF3B8B1846F6F764FD04460D461B
:105A2000FB6983F000431846F6F76EFD02460B460D
:105A30004FF0000010490CF097FF02460B4620463D
:105A40002946F6F7B9FD02460B4614461D46386A4C
:105A5000F6F75AFD02460B4620462946F6F7D6FED3
:105A600002460B4610461946F7F77EF803461846DD
:105A70002837BD46B0BD00BF00002440B0B590B08F
:105A800004AFF860B9607A603B603B68002B00F0BF
:105A90005581FB68002B00F05381BB68002B00F0A0
:105AA0004F817B68002B00F04B81BB681B78002B7B
:105AB00000F04681BB685B69012214464FF000018B
:105AC0001846F7F76BFB0346002B01D100231C4659
:105AD000E3B283F00103DBB2002B40F03381BB68FB
:105AE0005B6923F000449F492046F7F761FB0346BA
:105AF000002B40F027819B492046F7F74FFB0346D8
:105B0000002B40F01F81012387F82F30BB685B8892
:105B1000BB8500237B854FF000037B624FF00003C1
:105B20003B6207F118030722002118460CF0BAF86F
:105B30007B6800221A607B6800221A717B68002251
:105B40009A607B684FF00002DA60B98D32230293CD
:105B50000723019307F11803009301238622F868B5
:105B600002F0D6FF034687F82F3097F82F30002B2E
:105B700040F0EA80D623FB7507F11702B98D282380
:105B800000930123F86802F05FFB034687F82F308B
:105B900097F82F30002B40F0D980FA7E7B681A717D
:105BA000BB7E1BB21B021AB27B7E1BB213431BB21D
:105BB0007B85BB7F1A047B7F1B0213433A7F134311
:105BC0001A467B689A607B689B68002B00F0C08057
:105BD0007B689B68644A934200F2BA807B681B79B9
:105BE0001A047B8D13441A467B681A607B681B6815
:105BF0005D4A934200F2AE80BB685B6923F00044CB
:105C000001231D4657492046F7F7D2FA0346002BD9
:105C100008D154492046F7F7C1FA0346002B01D1B9
:105C200000231D46EBB283F00103DBB2002B4DD005
:105C30007B681B681846F7F79DF804467B689B68ED
:105C40001846F7F797F8034619462046F7F79EF9E6
:105C500003461A467B68DA607B68DB6823F0004401
:105C600040492046F7F7A4FA0346002B74D13D497A
:105C70002046F7F793FA0346002B6DD17B68DB686B
:105C80004FF000011846F7F76BFA0346002B63D17B
:105C90007B68DA68BB685B6919461046F7F7C2F89B
:105CA00003461A467B68DA607B68DB6823F00044B1
:105CB0002C492046F7F77CFA0346002B4ED12949A0
:105CC0002046F7F76BFA0346002B47D17B68DC6868
:105CD0003868F7F74FF8034619462046F7F7A2F859
:105CE00003467B622149786AF7F750F903463B6225
:105CF0003B6A23F0004401231D461A492046F7F76A
:105D000057FA0346002B08D116492046F7F746FA02
:105D10000346002B01D100231D46EBB283F00103A3
:105D2000DBB2002B1BD07B681B69396A1846F6F77B
:105D300071FF03461A467B681A6110E000BF0EE04F
:105D400000BF0CE000BF0AE000BF08E000BF06E0B3
:105D500000BF04E000BF02E000BF00E000BF30373A
:105D6000BD46B0BDFFFF7F7FF0FFFF000000614533
:105D700080B584B000AF184B9B69174A43F001030C
:105D80009361154B9B6903F00103BB60BB68124B29
:105D9000DB69114A43F08053D3610F4BDB6903F099
:105DA00080537B607B6800220F216FF0010001F0BF
:105DB000BEFB0A4B5B68FB60FB6823F0E063FB60A3
:105DC000FB6843F00073FB60044AFB68536000BF4C
:105DD0001037BD4680BD00BF0010024000000140EA
:105DE00080B58AB000AF786007F1140300221A6012
:105DF0005A609A60DA607B681B681D4A934232D110
:105E00001C4B9B691B4A43F008039361194B9B6928
:105E100003F008033B613B694FF440737B6112233D
:105E2000BB6103233B6207F114031946124801F0DA
:105E3000EBFE124B5B687B627B6A43F0E0637B6244
:105E40007B6A43F002037B620C4A7B6A5360094B16
:105E5000DB69084A43F40013D361064BDB6903F4A2
:105E60000013FB60FB6800BF2837BD4680BD00BF44
:105E70000054004000100240000C014000000140AE
:105E800080B58CB000AF786007F11C0300221A6067
:105E90005A609A60DA607B681B68B3F1804F3ED12C
:105EA000394BDB69384A43F00103D361364BDB6978
:105EB00003F00103BB61BB69334B9B69324A43F07A
:105EC00008039361304B9B6903F008037B617B6996
:105ED0000823FB6100233B6200237B6207F11C0364
:105EE00019462A4801F090FE294B5B68FB62FB6A69
:105EF00023F44073FB62FB6A43F0E063FB62FB6ADE
:105F000043F48073FB62224AFB6A5360002205213E
:105F10001C2001F00CFB1C2001F025FB30E07B680D
:105F20001B681C4A93422BD1174BDB69164A43F07E
:105F30000803D361144BDB6903F008033B613B6941
:105F4000114B9B69104A43F0040393610E4B9B690C
:105F500003F00403FB60FB680123FB6100233B6249
:105F600000237B6207F11C0319460B4801F04CFE2D
:105F700000220521322001F0DAFA322001F0F3FA92
:105F800000BF3037BD4680BD00100240000C01400C
:105F900000000140000C00400008014080B584B0C2
:105FA00000AF78607B681B68164A93420CD1164B91
:105FB000DB69154A43F00403D361134BDB6903F03B
:105FC0000403FB60FB6818E07B681B680F4A934280
:105FD00013D10D4B9B690C4A43F4005393610A4B58
:105FE0009B6903F40053BB60BB68002205212C2091
:105FF00001F09DFA2C2001F0B6FA00BF1037BD4623
:1060000080BD00BF00080040001002400034014085
:1060100080B584B000AF78607B681B680D4A9342FE
:1060200013D10D4BDB690C4A43F02003D3610A4BBB
:10603000DB6903F02003FB60FB68002205213720A9
:1060400001F075FA372001F08EFA00BF1037BD4617
:1060500080BD00BF001400400010024080B58EB02B
:1060600000AF786007F1240300221A605A609A603A
:10607000DA607B681B68B3F1804F2AD15B4B9B6968
:106080005A4A43F004039361584B9B6903F004039D
:106090003B623B6A08237B620223BB6202233B63B1
:1060A00007F124031946524801F0AEFD514B5B68DD
:1060B0007B637B6B23F440737B637B6B43F0E06318
:1060C0007B637B6B43F480737B634A4A7B6B5360D7
:1060D00088E07B681B68484A934218D1434B9B6910
:1060E000424A43F008039361404B9B6903F0080365
:1060F000FB61FB69C0237B620223BB6202233B631B
:1061000007F1240319463D4801F07EFD6AE07B68F3
:106110001B683B4A934218D1344B9B69334A43F086
:1061200004039361314B9B6903F00403BB61BB69BA
:1061300002237B620223BB6202233B6307F1240339
:1061400019462B4801F060FD4CE07B681B682D4A26
:10615000934247D1254B9B69244A43F00403936142
:10616000224B9B6903F004037B617B691F4B9B6996
:106170001E4A43F0080393611C4B9B6903F008031C
:106180003B613B69194B9B69184A43F010039361CB
:10619000164B9B6903F01003FB60FB6880237B6256
:1061A0000223BB6202233B6307F124031946104814
:1061B00001F02AFD01237B620223BB6202233B63C1
:1061C00007F1240319460D4801F01EFDC0237B6230
:1061D0000223BB6202233B6307F1240319460A48EA
:1061E00001F012FD00BF3837BD4680BD00100240EF
:1061F000000801400000014000080040000C014080
:10620000000C0040003401400010014080B58CB00B
:1062100000AF786007F11C0300221A605A609A6090
:10622000DA607B681B68494A93423AD1484B9B69C4
:10623000474A43F480439361454B9B6903F4804391
:10624000BB61BB69424B9B69414A43F004039361C4
:106250003F4B9B6903F004037B617B694FF4007340
:10626000FB6102233B620323BB6207F11C03194657
:10627000384801F0C9FC4FF48063FB6100233B62A6
:1062800000237B6207F11C031946324801F0BCFC75
:1062900000220521252001F04AF9252001F063F9AB
:1062A00050E07B681B682C4A93424BD1284BDB693A
:1062B000274A43F48023D361254BDB6903F4802311
:1062C0003B613B69224B9B69214A43F01003936178
:1062D0001F4B9B6903F01003FB60FB684FF4806366
:1062E000FB6102233B620323BB6207F11C031946D7
:1062F0001A4801F089FC4FF40063FB6100233B6204
:1063000000237B6207F11C031946144801F07CFC52
:10631000134B5B68FB62FB6A23F03003FB62FB6A92
:1063200043F0E063FB62FB6A43F01003FB620C4A3C
:10633000FB6A536000220521272001F0F8F827208E
:1063400001F011F900BF3037BD4680BD0038014073
:1063500000100240000801400048004000100140C9
:106360000000014080B584B000AF78600023FB607E
:106370007B68002B01D101237AE07B685B7CDBB278
:10638000002B05D17B6800221A74786800F076F83B
:106390007B6802225A74786800F0F2FA0346002BF8
:1063A00004D07B6804225A74012361E0786800F00D
:1063B000ABFB0346002B04D07B6804225A740123F4
:1063C00056E07B681B685A687B681B6822F00702EE
:1063D0005A607B689B68002B05D0274B1B6B264AB5
:1063E00023F001031363244BDB6A23F460727B68A0
:1063F0009B6821491343CB627B685B68B3F1FF3F25
:1064000003D07B685B68FB600EE0012004F072F84B
:10641000F860FB68002B04D17B6804225A740123C6
:1064200026E0FB68013BFB60FB681A0C7B681B687D
:1064300002F00F029A607B681B68FA6892B2DA6019
:10644000786800F089FB0346002B04D07B680422A7
:106450005A7401230CE07B680022DA737B68012206
:106460005A737B6801229A737B6801225A74002355
:1064700018461037BD4680BD006C004080B483B024
:1064800000AF786000BF0C37BD4680BC704790B548
:1064900087B000AFF860B9607A6000237B610023A9
:1064A0003B61FB68002B02D0BB68002B01D10123AC
:1064B00080E0FB681B7C012B01D102237AE0FB68A2
:1064C00001221A74FB6802225A747B68002B13D1D4
:1064D000BB681B781A464FF4616303FB02F2BB688A
:1064E0005B7819460B461B015B1A9B001344BA6884
:1064F000927813447B611EE0BB681B78184600F05D
:1065000070FB03461A464FF4616303FB02F4BB6859
:106510005B78184600F065FB03461A4613461B01DC
:106520009B1A9B001C44BB689B78184600F059FBE3
:10653000034623447B617969F86800F07EFA0346DC
:10654000002B07D0FB6804225A74FB6800221A74DF
:1065500001232FE0FB681B685A68FB681B6822F068
:1065600005025A60F86800F08FFA38613B69B3F1B0
:10657000FF3F18D03A697B699A4214D23B6903F510
:10658000A83303F5C0733B613969F86800F095FAE8
:106590000346002B07D0FB6804225A74FB680022D4
:1065A0001A74012306E0FB6801225A74FB6800227A
:1065B0001A74002318461C37BD4690BD80B588B0BC
:1065C00000AFF860B9607A600023BB610023FB6113
:1065D00000237B6100233B61FB68002B02D0BB687A
:1065E000002B01D10123B5E0FB681B685B6803F059
:1065F0000403002B01D00123ACE0F86800F0EDF9B2
:10660000B861BB69554AA2FB0323DB0A3B61BA6947
:10661000524BA3FB0213DB0A4FF4616101FB03F34E
:10662000D31A4F4AA2FB03235B09DAB2BB685A7044
:10663000BB694A4AA2FB0312D20A4FF4616101FB13
:1066400002F29A1A464BA3FB021359090B461B018F
:106650005B1A9B00D11ACAB2BB689A703B69172BB0
:1066600055D93B693F4AA2FB03231B097B6139696A
:106670003C4BA3FB01231A0913465B001344DB00C8
:10668000CA1AD2B2BB681A70F86800F0FDF9F86156
:10669000FB69B3F1FF3F08D0FA69BB699A4204D99C
:1066A000FA69BB69D31AFB6102E04FF0FF33FB616B
:1066B0007B692D4A02FB03F3BA69D31ABB61B9693E
:1066C000F86800F0BAF90346002B01D0012341E03D
:1066D000FB69B3F1FF3F0CD0FA69BB691344FB615E
:1066E000F969F86800F0E9F90346002B0AD00123A4
:1066F00030E0F969F86800F0E0F90346002B01D0BA
:10670000012327E07969F86800F088FA03E03B6923
:10671000DAB2BB681A707B68002B1AD0BB681B7892
:10672000184600F041FA03461A46BB681A70BB6867
:106730005B78184600F038FA03461A46BB685A7070
:10674000BB689B78184600F02FFA03461A46BB68D0
:106750009A70002318462037BD4680BDC5B3A2916C
:1067600089888888ABAAAAAA8051010080B588B020
:1067700000AFF860B9607A600023FB610023BB6161
:1067800000237B61FB68002B02D0BB68002B01D18A
:10679000012397E0FB681B7C012B01D1022391E0D0
:1067A000FB6801221A74FB6802225A747B68002B72
:1067B0000CD1BB68DA78FB68DA73BB685A78FB687F
:1067C0005A73BB689A78FB689A731AE0BB68DB78E7
:1067D000184600F006FA03461A46FB68DA73BB68EF
:1067E0005B78184600F0FDF903461A46FB685A73B9
:1067F000BB689B78184600F0F4F903461A46FB681C
:106800009A73FB68DB7B1846FB68597BFB689B7BB4
:106810001A4600F0DFFA03461A46FB681A73FB6853
:106820001A7BBB681A70F86800F0D7F8F861FB694A
:10683000264AA2FB0323DB0A7B617B69182B3AD92A
:106840007B69234AA2FB03231B09224A02FB03F3B1
:10685000FA69D31AFB61F969F86800F0EEF80346AB
:10686000002B07D0FB6804225A74FB6800221A74BC
:10687000012327E0F86800F007F9B861BB69B3F1BC
:10688000FF3F18D0BA69FB699A4214D2BB6903F57D
:10689000A83303F5C073BB61B969F86800F00DF95E
:1068A0000346002B07D0FB6804225A74FB680022C1
:1068B0001A74012306E0FB6801225A74FB68002267
:1068C0001A74002318462037BD4680BDC5B3A29177
:1068D000ABAAAAAA8051010080B586B000AFF860CB
:1068E000B9607A6007F1140300210A461A800A464B
:1068F0009A70FB68002B02D0BB68002B01D10123EA
:106900003AE007F1140300221946F868FFF756FE33
:106910000346002B01D001232EE0FB681A7BBB68E5
:106920001A70FB68DA7BBB68DA70FB685A7BBB685D
:106930005A70FB689A7BBB689A707B68002B1AD0F0
:10694000BB68DB78184600F02FF903461A46BB688F
:10695000DA70BB685B78184600F026F903461A46E1
:10696000BB685A70BB689B78184600F01DF9034657
:106970001A46BB689A70002318461837BD4680BD7A
:1069800080B584B000AF78600023FB607B68002B8B
:1069900001D101231DE07B681B685A687B681B6876
:1069A00022F008025A6000F0DFFCF86009E000F015
:1069B000DBFC0246FB68D31AB3F57A7F01D90323C7
:1069C00007E07B681B685B6803F00803002BEED0D0
:1069D000002318461037BD4680BD80B487B000AF95
:1069E000786000237B8200233B820023FB8100230D
:1069F0007B617B681B689B697B827B681B68DB69AA
:106A0000FB817B681B689B693B827A8A3B8A9A423E
:106A100008D03B8A1A047B681B68DB699BB213436E
:106A20007B6104E07B8A1A04FB8913437B617B69E9
:106A300018461C37BD4680BC704780B584B000AF97
:106A4000786039600023FB73786800F05DF80346D6
:106A5000002B02D00123FB7311E07B681B683A68AE
:106A6000120C9A617B681B683A6892B2DA617868A6
:106A700000F072F80346002B01D00123FB73FB7B6F
:106A800018461037BD4680BD80B485B000AF786031
:106A90000023FB810023BB817B681B681B6AFB8191
:106AA0007B681B685B6ABB81FB891A04BB89134343
:106AB00018461437BD4680BC704780B584B000AF1F
:106AC000786039600023FB73786800F01DF8034696
:106AD000002B02D00123FB7311E07B681B683A682E
:106AE000120C1A627B681B683A6892B25A62786824
:106AF00000F032F80346002B01D00123FB73FB7B2F
:106B000018461037BD4680BD80B584B000AF7860B0
:106B10000023FB6000F028FCF86009E000F024FC92
:106B20000246FB68D31AB3F57A7F01D903230FE03D
:106B30007B681B685B6803F02003002BEED07B684A
:106B40001B685A687B681B6842F010025A60002379
:106B500018461037BD4680BD80B584B000AF786060
:106B60000023FB607B681B685A687B681B6822F007
:106B700010025A6000F0F8FBF86009E000F0F4FB46
:106B80000246FB68D31AB3F57A7F01D9032307E0E5
:106B90007B681B685B6803F02003002BEED00023AA
:106BA00018461037BD4680BD80B485B000AF03469F
:106BB000FB710023FB6005E0FB680133FB60FB79A0
:106BC0000A3BFB71FB79092BF6D8FB68DBB21B0192
:106BD000DAB2FB791343DBB218461437BD4680BCEA
:106BE000704780B485B000AF0346FB710023FB60A3
:106BF000FB791B09DBB21A4613469B0013445B006A
:106C0000FB60FB7903F00F03DAB2FB68DBB21344DD
:106C1000DBB218461437BD4680BC704780B586B0DD
:106C200000AF7860396000237B6100233B61002363
:106C3000FB600023BB607B68DB7B7B617B685B7BED
:106C40003B617B689B7BFB600023BB606FE03B6923
:106C5000012B11D03B69032B0ED03B69052B0BD0C8
:106C60003B69072B08D03B69082B05D03B690A2BF1
:106C700002D03B690C2B17D1FB681E2B03D8FB6895
:106C80000133FB6050E03B690C2B05D03B690133BD
:106C90003B610123FB6047E001233B610123FB6073
:106CA0007B6901337B613FE03B69042B08D03B6982
:106CB000062B05D03B69092B02D03B690B2B0CD16D
:106CC000FB681D2B03D8FB680133FB602CE03B699C
:106CD00001333B610123FB6026E03B69022B23D19A
:106CE000FB681B2B03D8FB680133FB601CE0FB68CF
:106CF0001C2B11D17B699BB2184600F039F8034672
:106D0000002B03D0FB680133FB600DE03B690133CE
:106D10003B610123FB6007E0FB681D2B04D13B694D
:106D200001333B610123FB60BB680133BB60BA6880
:106D30003B689A428BD37B69DAB27B68DA733B6932
:106D4000DAB27B685A73FB68DAB27B689A733B6984
:106D5000DBB2FA68D2B21946786900F03BF8034614
:106D60001A467B681A7300BF1837BD4680BD000005
:106D700080B483B000AF0346FB80FB8803F00303BD
:106D80009BB2002B01D000231DE0FB88104AA2FB20
:106D900003125209642101FB02F29B1A9BB2002BE1
:106DA00001D001230FE0FB88094AA2FB0312D2099C
:106DB0004FF4C87101FB02F29B1A9BB2002B01D168
:106DC000012300E0002318460C37BD4680BC704705
:106DD0001F85EB5180B485B000AF78600B46FB7027
:106DE0001346BB700023BB600023FB607B6803F588
:106DF000FA63BB60FB78022B2DD8FA7813465B0050
:106E00001344DB009B1A2C4AA2FB03235A08BB78CD
:106E10001A44BB681A44BB68013B9B081A44BB6810
:106E2000013B2649A1FB03135B09D21ABB68013B56
:106E30002249A1FB0313DB0913441A1D204BA3FBBA
:106E40000213D11A49080B4499080B46DB005B1A60
:106E5000D31AFB6029E0FA7813465B001344DB0089
:106E60009B1A154AA2FB03235A08BB781A44BB6835
:106E70001A44BB689B081A44BB681049A1FB031362
:106E80005B09D21ABB680D49A1FB0313DB0913444C
:106E90009A1C0B4BA3FB0213D11A49080B44990807
:106EA0000B46DB005B1AD31AFB60FB68DBB21846AB
:106EB0001437BD4680BC7047398EE3381F85EB51CF
:106EC0002549922480B487B000AFF860B9607A6039
:106ED00000237B61074B7B61BB689B007A6913448D
:106EE0007B617B697A6892B21A6000BF1C37BD462D
:106EF00080BC7047006C004080B485B000AF786003
:106F000039600023FB600023BB60084BFB603B68DB
:106F10009B00FA681344FB60FB681B689BB2BB6074
:106F2000BB6818461437BD4680BC7047006C0040F3
:106F300080B58EB000AF78600023FB620023BB6297
:106F4000002387F83330344BDB69334A43F00203C4
:106F5000D361314BDB6903F00203FB60FB6807F18F
:106F6000100207F114031146184603F075FA3B6A44
:106F7000FB62FB6A002B03D103F046FA786304E05E
:106F800003F042FA03465B007B637B6B234AA2FB60
:106F900003239B0C013BBB62214B224A1A60204B0E
:106FA00040F2E732DA601E4ABB6A53601C4B002293
:106FB0001A611B4B00229A60194B00229A611848F3
:106FC00003F070FB034687F8333097F83330002B1B
:106FD0001BD1134803F0B6FB034687F8333097F80C
:106FE0003330002B11D11D2000F0BDFA7B680F2B30
:106FF00008D8002279681D2000F099FA0A4A7B68B7
:10700000136002E0012387F8333097F833301846D5
:107010003837BD4680BD00BF0010024083DE1B43F1
:1070200038090020000400405000002080B400AF68
:1070300000BFFDE780B400AF00BFFDE780B400AF44
:1070400000BFFDE780B400AF00BFFDE780B400AF34
:1070500000BFFDE780B400AF00BFBD4680BC7047F5
:1070600080B500AF174B1B681B6903F00403042BAA
:1070700010D1144B1B68DB6803F00403042B09D107
:10708000104B1B686FF004021A610E4B02221A7734
:10709000FCF7FCF80B4B1B681B6903F00103012B89
:1070A0000DD1084B1B68DB6803F00103012B06D1EF
:1070B000044B1B686FF001021A61FCF795FC00BFDE
:1070C00080BD00BF6001002080B500AF024803F022
:1070D000D6FE00BF80BD00BF3809002080B500AFDC
:1070E000024804F0E7FE00BF80BD00BFC8020020D8
:1070F00080B500AF024804F0DDFE00BF80BD00BFD8
:107100001003002080B500AFFEF71AF800BF80BD65
:1071100080B500AF174B1B681B6903F00203022BFD
:1071200010D1144B1B68DB6803F00203022B09D15A
:10713000104B1B686FF002021A610E4B01221A7786
:10714000FCF7E0F80B4B1B681B6903F00103012BF4
:107150000DD1084B1B68DB6803F00103012B06D13E
:10716000044B1B686FF001021A61FCF7A5FD00BF1C
:1071700080BD00BFF001002080B400AF0A4B1B6946
:1071800003F00103002B0BD0074B1B69064A23F0C9
:1071900001031361054B1B6803F58033034A136039
:1071A00000BFBD4680BC704700140040B8080020F6
:1071B00080B586B000AF7860144A154BD31A7B6156
:1071C0007B693B61134B1B68002B02D1114B124AA8
:1071D0001A60104B1A687B6813443A699A4207D2C6
:1071E0000AF0C6FD03460C221A604FF0FF3309E097
:1071F000084B1B68FB60074B1A687B681344054A01
:107200001360FB6818461837BD4680BD000001209A
:107210000004000080090020E068002080B400AF76
:1072200000BFBD4680BC704780B483B000AF03464A
:107230000A46FB711346BB71FB791BB21B021AB2E3
:10724000BB791BB213431BB29BB218460C37BD4629
:1072500080BC704780B485B000AF78600B46FB708F
:10726000FF23FB7331233B730023BB7323E0BB7B02
:107270007A6813441A78FB7B5340FB7300237B73BB
:1072800013E097F90F30002B09DA97F90F305B0004
:107290005AB297F90C3053405BB2FB7302E0FB7BB0
:1072A0005B00FB737B7B01337B737B7B072BE8D914
:1072B000BB7B0133BB73BA7BFB789A42D7D3FB7B92
:1072C00018461437BD4680BC70470000FFF7A6FF84
:1072D0000B480C490C4A002302E0D458C450043334
:1072E000C4188C42F9D3094A094C002301E0136009
:1072F0000432A242FBD30AF041FDF8F765FB704768
:1073000000000020AC000020F0410208B000002086
:10731000E0680020FEE7000080B500AF084B1B6866
:10732000074A43F010031360032000F0F5F80F2024
:10733000FFF7FEFDFEF71CFD0023184680BD00BFD1
:107340000020024080B400AF054B1B781A46054B65
:107350001B681344034A136000BFBD4680BC7047DE
:10736000540000208409002080B400AF024B1B6849
:107370001846BD4680BC70478409002080B584B0A3
:1073800000AF7860FFF7F0FFB8607B68FB60FB68D8
:10739000B3F1FF3F05D00A4B1B781A46FB68134434
:1073A000FB6000BFFFF7E0FF0246BB68D31AFA6834
:1073B0009A42F7D800BF00BF1037BD4680BD00BF5E
:1073C0005400002080B485B000AF78607B6803F083
:1073D0000703FB600C4BDB68BB60BA684FF6FF032A
:1073E0001340BB60FB681A02BB68134343F0BF63E2
:1073F00043F40033BB60044ABB68D36000BF14375A
:10740000BD4680BC704700BF00ED00E080B400AF17
:10741000044BDB681B0A03F007031846BD4680BC1B
:10742000704700BF00ED00E080B483B000AF0346BA
:10743000FB7197F90730002B0BDBFB7903F01F0280
:10744000064997F907305B09012000FA02F241F87A
:10745000232000BF0C37BD4680BC704700E100E030
:1074600080B483B000AF03463960FB7197F90730F1
:10747000002B0ADB3B68DAB20C4997F9073012019E
:10748000D2B20B4483F800230AE03B68DAB2084921
:10749000FB7903F00F03043B1201D2B20B441A76BE
:1074A00000BF0C37BD4680BC704700BF00E100E064
:1074B00000ED00E080B489B000AFF860B9607A6098
:1074C000FB6803F00703FB61FB69C3F10703042BAF
:1074D00028BF0423BB61FB690433062B02D9FB6977
:1074E000033B00E000237B614FF0FF32BB6902FAEF
:1074F00003F3DA43BB681A407B699A404FF0FF31CF
:107500007B6901FA03F3D9437B680B4013431846A8
:107510002437BD4680BC704780B582B000AF78602C
:107520007868FFF74FFF00BF0837BD4680BD80B5C4
:1075300086B000AF0346B9607A60FB7300237B61BD
:10754000FFF764FF78617A68B9687869FFF7B2FF7E
:10755000024697F90F3011461846FFF781FF00BF2A
:107560001837BD4680BD80B582B000AF0346FB71C1
:1075700097F907301846FFF757FF00BF0837BD4699
:1075800080BD80B485B000AF78600023FB737B685A
:1075900093F82130DBB2022B08D07B6804229A6377
:1075A0007B68002283F82020012320E07B681B6891
:1075B0001A687B681B6822F00E021A607B681B68E1
:1075C0001A687B681B6822F001021A607B681A6CDB
:1075D0007B68DB6B012101FA02F25A607B680122B1
:1075E00083F821207B68002283F82020FB7B18464B
:1075F0001437BD4680BC704780B584B000AF78605A
:107600000023FB737B6893F82130DBB2022B05D09B
:107610007B6804229A630123FB73D6E07B681B68B6
:107620001A687B681B6822F00E021A607B681B6870
:107630001A687B681B6822F001021A607B681B686D
:107640001A46644B9A4258D97B681B68624A934237
:107650004FD07B681B68614A934248D07B681B68A7
:107660005F4A934240D07B681B685E4A934238D0A1
:107670007B681B685C4A934230D07B681B685B4A1E
:10768000934228D07B681B68524A934220D07B6883
:107690001B68574A934219D07B681B68554A93422E
:1076A00012D07B681B68544A93420AD07B681B68DF
:1076B000524A934202D14FF480531BE04FF480337F
:1076C00018E04FF4807315E0102313E0012311E05C
:1076D0004FF080730EE04FF480130BE04FF48033D3
:1076E00008E04FF4805305E04FF4807302E010236C
:1076F00000E00123424A536057E07B681B68364A2A
:1077000093424FD07B681B68344A934248D07B68D1
:107710001B68334A934240D07B681B68314A9342CE
:1077200038D07B681B68304A934230D07B681B6836
:107730002E4A934228D07B681B68264A934220D069
:107740007B681B682A4A934219D07B681B68294AC8
:10775000934212D07B681B68274A93420AD07B6809
:107760001B68264A934202D14FF480531BE04FF42A
:10777000803318E04FF4807315E0102313E00123E9
:1077800011E04FF080730EE04FF480130BE04FF4E4
:10779000803308E04FF4805305E04FF4807302E03B
:1077A000102300E00123174A53607B68012283F80D
:1077B00021207B68002283F820207B685B6B002BF4
:1077C00003D07B685B6B78689847FB7B1846103763
:1077D000BD4680BD80000240080002401C000240FF
:1077E0003000024044000240580002406C00024059
:1077F000080402401C0402403004024044040240D9
:107800000004024000000240F0B587B000AFF8600D
:10781000B960C7E900230123FB750023BB75002372
:107820007B752F4B1B7E012B01D1022354E02C4B87
:1078300001221A764CF2503000F0A8F80346FB758E
:10784000FB7D002B44D1FB68012B02D101237B750A
:1078500007E0FB68022B02D102237B7501E00423C1
:107860007B750023BB752DE0BB7D5A00BB6802EB26
:10787000030CBB7D1901D7E90023C1F12006A1F15A
:10788000200022FA01F403FA06F6344323FA00F04A
:10789000044323FA01F5A3B21946604600F05AF8F2
:1078A0004CF2503000F072F80346FB750D4B1B692B
:1078B0000C4A23F001031361FB7D002B07D1BB7D34
:1078C0000133BB75BA7D7B7D9A42CDD300E000BF0A
:1078D000034B00221A76FB7D18461C37BD46F0BDCF
:1078E000880900200020024080B483B000AF00234C
:1078F000FB710D4B1B6903F08003002B0DD00A4B6D
:107900000A4A5A60084B0A4A5A60074B1B6903F03F
:107910008003002B01D00123FB71FB7918460C3743
:10792000BD4680BC704700BF002002402301674570
:10793000AB89EFCD80B400AF054B1B69044A43F01F
:107940008003136100231846BD4680BC704700BF0A
:107950000020024080B483B000AF78600B467B808B
:10796000084B0022DA61084B1B69074A43F0010308
:1079700013617B687A881A8000BF0C37BD4680BCD3
:10798000704700BF880900200020024080B584B005
:1079900000AF7860FFF7E8FCF86010E07B68B3F1B7
:1079A000FF3F0CD07B68002B07D0FFF7DDFC0246C1
:1079B000FB68D31A7A689A4201D2032325E0154B5B
:1079C000DB6803F00103002BE8D1124BDB6803F006
:1079D0002003002B02D00F4B2022DA600D4BDB6816
:1079E00003F01003002B0BD10A4BDB6903F00103FA
:1079F000002B05D1074BDB6803F00403002B03D0F9
:107A000000F00AF8012300E0002318461037BD46B5
:107A100080BD00BF0020024080B483B000AF0023CF
:107A20007B60234BDB6803F01003002B09D0214B54
:107A3000DB6943F002031F4AD3617B6843F0100304
:107A40007B601B4BDB6803F00403002B09D0194B50
:107A5000DB6943F00103174AD3617B6843F00403F9
:107A60007B60134BDB6903F00103002B0BD0114B40
:107A7000DB6943F004030F4AD3610D4BDB690C4A09
:107A800023F00103D3617B6840F20112934206D1D7
:107A9000074BDB69064A23F00103D36102E0044A85
:107AA0007B68D36000BF0C37BD4680BC704700BF09
:107AB000002002408809002080B584B000AF7860C3
:107AC00039600123FB730023BB602F4B1B7E012B0E
:107AD00001D1022353E02C4B01221A767B681B68EC
:107AE000022B16D14CF25030FFF750FF0346002B0B
:107AF00041D1012000F04CF84CF25030FFF746FF26
:107B00000346FB73214B1B69204A23F004031361D6
:107B100031E04CF25030FFF739FF0346002B2AD1F9
:107B20003B684FF0FF321A607B689B68BB6019E0CE
:107B3000B86800F049F84CF25030FFF727FF0346D1
:107B4000FB73124B1B69114A23F002031361FB7B89
:107B5000002B03D03B68BA681A600CE0BB6803F5E1
:107B60000063BB607B68DB68DA027B689B68134458
:107B7000BA689A42DCD3044B00221A76FB7B184683
:107B80001037BD4680BD00BF88090020002002409C
:107B900080B483B000AF7860094B0022DA61094BF2
:107BA0001B69084A43F004031361064B1B69054A2D
:107BB00043F04003136100BF0C37BD4680BC7047E3
:107BC000880900200020024080B483B000AF7860B4
:107BD0000B4B0022DA610B4B1B690A4A43F002038C
:107BE0001361084A7B685361064B1B69054A43F0E1
:107BF0004003136100BF0C37BD4680BC704700BF17
:107C0000880900200020024080B48BB000AF78606B
:107C1000396000237B6200233B6279E101227B6AA9
:107C200002FA03F3FB613B681B68FA691340BB610E
:107C3000BA69FB699A4240F068813B685B68964A82
:107C400093425ED0944A934275D8944A934258D056
:107C5000924A93426FD8924A934252D0904A9342AA
:107C600069D8904A93424CD08E4A934263D88E4A48
:107C7000934246D08C4A93425DD8122B2AD8122BBD
:107C800059D801A252F823F0037D0108DD7C0108D8
:107C9000EF7C0108317D0108377D0108377D01083F
:107CA000377D0108377D0108377D0108377D0108E0
:107CB000377D0108377D0108377D0108377D0108D0
:107CC000377D0108377D0108377D0108E57C010813
:107CD000F97C0108754A934213D02CE03B68DB68BD
:107CE0003B6229E03B68DB6804333B6224E03B688D
:107CF000DB6808333B621FE03B68DB680C333B62A8
:107D00001AE03B689B68002B02D104233B6213E01E
:107D10003B689B68012B05D108233B627B68FA69AD
:107D20001A6109E008233B627B68FA695A6103E043
:107D300000233B6200E000BFBB69FF2B01D87B68DA
:107D400001E07B6804337B61BB69FF2B02D87B6A4F
:107D50009B0002E07B6A083B9B003B617B691A68E1
:107D60000F213B6901FA03F3DB431A40396A3B698F
:107D700001FA03F31A437B691A603B685B6803F0FE
:107D80008053002B00F0C180494B9B69484A43F067
:107D900001039361464B9B6903F00103BB60BB6821
:107DA000444A7B6A9B08023352F82330FB607B6AAB
:107DB00003F003039B000F2202FA03F3DB43FA688C
:107DC0001340FB607B683C4A93421FD07B683B4A70
:107DD000934219D07B683A4A934213D07B68394A60
:107DE00093420DD07B68384A934207D07B68374A6C
:107DF000934201D105230AE0062308E0042306E0AC
:107E0000032304E0022302E0012300E000237A6A56
:107E100002F0030292009340FA681343FB60254985
:107E20007B6A9B080233FA6841F823203B685B6851
:107E300003F48013002B06D0254B9A682449BB69B4
:107E400013438B6006E0224B9A68BB69DB432049F1
:107E500013408B603B685B6803F40013002B06D073
:107E60001B4BDA681A49BB691343CB6006E0184B19
:107E7000DA68BB69DB4316491340CB603B685B683B
:107E800003F40033002B25D0114B5A681049BB690D
:107E900013434B6025E000BF00003210000031109A
:107EA000000022100000211000001210000011102C
:107EB000001002400000014000080140000C014099
:107EC000001001400014014000180140001C014056
:107ED00000040140154B5A68BB69DB43134913404A
:107EE0004B603B685B6803F48033002B06D00F4B7C
:107EF0001A680E49BB6913430B6006E00B4B1A6806
:107F0000BB69DB43094913400B607B6A01337B6229
:107F10003B681A687B6A22FA03F3002B7FF47EAE7B
:107F200000BF00BF2C37BD4680BC70470004014035
:107F300080B485B000AF78600B467B807B689A6820
:107F40007B881340002B02D00123FB7301E0002348
:107F5000FB73FB7B18461437BD4680BC704780B46A
:107F600083B000AF78600B467B8013467B707B78D4
:107F7000002B03D07A887B681A6103E07B881A049F
:107F80007B681A6100BF0C37BD4680BC704780B467
:107F900085B000AF78600B467B807B68DB68FB6058
:107FA0007A88FB6813401A04FB68D9437B880B402E
:107FB0001A437B681A6100BF1437BD4680BC704706
:107FC00080B584B000AF78607B68002B01D10123BD
:107FD0002BE17B6893F83D30DBB2002B06D17B6848
:107FE000002283F83C207868FDF7FAFE7B682422A3
:107FF00083F83D207B681B681A687B681B6822F049
:1080000001021A607B681B681A687B681B6842F46F
:1080100000421A607B681B681A687B681B6822F440
:1080200000421A6002F0F0F9F8607B685B68814AF0
:10803000934207D8FB68804A934294BF01230023F0
:10804000DBB206E0FB687D4A934294BF0123002324
:10805000DBB2002B01D00123E7E0FB68784AA2FBEA
:1080600003239B0CBB607B681B685B6823F03F01AC
:108070007B681B68BA680A435A607B681B681B6A86
:1080800023F03F017B685B686A4A934202D8BB6871
:10809000013309E0BB684FF4967202FB03F3694AAF
:1080A000A2FB03239B0901337A6812680B43136216
:1080B0007B681B68DB6923F44F4222F0FF027B6878
:1080C0005B685C498B4219D8FB68591E7B685B680A
:1080D0005B00B1FBF3F3591C40F6FC730B40002B23
:1080E0000AD0FB68591E7B685B685B00B1FBF3F349
:1080F0000133C3F30B0351E004234FE07B689B681B
:10810000002B11D1FB68581E7B6859680B465B0039
:108110000B44B0FBF3F30133C3F30B03002B0CBF91
:1081200001230023DBB212E0FB68581E7B6859680C
:108130000B469B000B4499000B44B0FBF3F3013357
:10814000C3F30B03002B0CBF01230023DBB2002B76
:1081500001D0012322E07B689B68002B0ED1FB68D5
:10816000581E7B6859680B465B000B44B0FBF3F369
:108170000133C3F30B0343F400430FE0FB68581EC5
:108180007B6859680B469B000B4499000B44B0FB7D
:10819000F3F30133C3F30B0343F4404379680968F5
:1081A0001343CB617B681B681B6823F0C0017B68AD
:1081B000DA697B681B6A1A437B681B680A431A608A
:1081C0007B681B689B6823F4034323F0FF037A68F2
:1081D00011697A68D26811437A6812680B43936018
:1081E0007B681B68DB6823F0FF017B685A697B684A
:1081F0009B691A437B681B680A43DA607B681B68CB
:108200001A687B681B6842F001021A607B680022D2
:108210001A647B68202283F83D207B6800221A6361
:108220007B68002283F83E20002318461037BD46A5
:1082300080BD00BFA08601007F841E00FF083D00B6
:1082400083DE1B43D34D621080B588B002AFF86067
:108250007A601A460B467B8113463B81FFF784F810
:108260007861FB6893F83D30DBB2202B40F0E08072
:108270007B690093192301227049F86801F0ACFA78
:108280000346002B01D00223D3E0FB6893F83C3077
:10829000012B01D10223CCE0FB68012283F83C20B2
:1082A000FB681B681B6803F00103012B07D0FB6808
:1082B0001B681A68FB681B6842F001021A60FB68C1
:1082C0001B681A68FB681B6822F400621A60FB686E
:1082D000212283F83D20FB68102283F83E20FB68B2
:1082E00000221A64FB687A685A62FB683A895A85E8
:1082F000FB685B8D9AB2FB681A85FB68504ADA62AC
:1083000079897B693A6AF86800F098FF0346002B88
:1083100001D001238DE000233B61FB681B685B6992
:108320003B61FB681B689B693B613B6966E07A695E
:10833000396AF86801F06AFB0346002B0DD0FB6830
:108340001B6C042B07D1FB681B681A68FB681B6851
:1083500042F400721A6001236BE0FB685B6A1A78D2
:10836000FB681B681A61FB685B6A5A1CFB685A62EF
:10837000FB685B8D9BB2013B9AB2FB685A85FB6838
:108380001B8D013B9AB2FB681A85FB681B685B6911
:1083900003F00403042B1BD1FB681B8D002B17D0AB
:1083A000FB685B6A1A78FB681B681A61FB685B6A8A
:1083B0005A1CFB685A62FB685B8D9BB2013B9AB208
:1083C000FB685A85FB681B8D013B9AB2FB681A85D6
:1083D0007A69396AF86801F061FB0346002B0DD019
:1083E000FB681B6C042B07D1FB681B681A68FB68D1
:1083F0001B6842F400721A6001231AE0FB681B8DAF
:10840000002B94D1FB681B681A68FB681B6842F458
:1084100000721A60FB68202283F83D20FB6800226E
:1084200083F83E20FB68002283F83C20002300E014
:10843000022318461837BD4680BD00BF0200100059
:108440000000FFFF80B58CB002AFF8607A601A467A
:108450000B467B8113463B8100233B62FEF784FF82
:108460007862FB6893F83D30DBB2202B40F04B8202
:108470007B6A0093192301227F49F86801F0ACF967
:108480000346002B01D002233EE2FB6893F83C3008
:10849000012B01D1022337E2FB68012283F83C2043
:1084A000FB681B681B6803F00103012B07D0FB6806
:1084B0001B681A68FB681B6842F001021A60FB68BF
:1084C0001B681A68FB681B6822F400621A60FB686C
:1084D000222283F83D20FB68102283F83E20FB68AF
:1084E00000221A64FB687A685A62FB683A895A85E6
:1084F000FB685B8D9AB2FB681A85FB685F4ADA629B
:1085000079897B6A3A6BF86800F01AFF0346002B02
:1085100001D00123F8E1FB681B8D002B13D1002350
:10852000FB61FB681B685B69FB61FB681B689B69FF
:10853000FB61FB69FB681B681A68FB681B6842F4F7
:1085400000721A60CCE1FB681B8D012B1ED1FB6809
:108550001B681A68FB681B6822F480621A6072B696
:1085600000BF0023BB61FB681B685B69BB61FB68E4
:108570001B689B69BB61BB69FB681B681A68FB6869
:108580001B6842F400721A6062B635E0FB681B8D0E
:10859000022B1ED1FB681B681A68FB681B6842F43B
:1085A00000621A6072B600BF00237B61FB681B6823
:1085B0005B697B61FB681B689B697B617B69FB680E
:1085C0001B681A68FB681B6822F480621A6062B636
:1085D00012E0FB681B681A68FB681B6842F4806243
:1085E0001A6000233B61FB681B685B693B61FB68A9
:1085F0001B689B693B613B6972E1FB681B8D032B28
:1086000000F21F81FB681B8D012B23D17A6A396B25
:10861000F86801F08BFA0346002B01D0012373E1C7
:10862000FB681B681A69FB685B6AD2B21A70FB6848
:108630005B6A5A1CFB685A62FB681B8D013B9AB24D
:10864000FB681A85FB685B8D9BB2013B9AB2FB68A5
:108650005A8545E1FB681B8D022B52D17B6A009342
:108660003B6B00220649F86801F0B6F80346002B80
:1086700008D0012348E100BF020010000000FFFF06
:108680000400010072B600BFFB681B681A68FB6833
:108690001B6842F400721A60FB681B681A69FB6869
:1086A0005B6AD2B21A70FB685B6A5A1CFB685A623A
:1086B000FB681B8D013B9AB2FB681A85FB685B8DDA
:1086C0009BB2013B9AB2FB685A8562B600BFFB6859
:1086D0001B681A69FB685B6AD2B21A70FB685B6A36
:1086E0005A1CFB685A62FB681B8D013B9AB2FB68FF
:1086F0001A85FB685B8D9BB2013B9AB2FB685A8579
:10870000EEE07B6A00933B6B00228149F86801F040
:1087100063F80346002B01D00123F5E0FB681B68DA
:108720001A68FB681B6822F480621A6072B600BF88
:10873000FB681B681A69FB685B6AD2B21A70FB6837
:108740005B6A5A1CFB685A62FB681B8D013B9AB23C
:10875000FB681A85FB685B8D9BB2013B9AB2FB6894
:108760005A856C4B1B68DB086B4AA2FB03231A0A71
:1087700013469B001344DA00D31A3B623B6A013B69
:108780003B623B6A002B18D1FB6800221A63FB682E
:10879000202283F83D20FB68002283F83E20FB68FE
:1087A0001B6C43F02002FB681A6462B600BFFB68D2
:1087B000002283F83C200123A6E0FB681B685B696C
:1087C00003F00403042BD9D1FB681B681A68FB680B
:1087D0001B6842F400721A60FB681B681A69FB6828
:1087E0005B6AD2B21A70FB685B6A5A1CFB685A62F9
:1087F000FB681B8D013B9AB2FB681A85FB685B8D99
:108800009BB2013B9AB2FB685A8562B600BFFB6817
:108810001B681A69FB685B6AD2B21A70FB685B6AF4
:108820005A1CFB685A62FB681B8D013B9AB2FB68BD
:108830001A85FB685B8D9BB2013B9AB2FB685A8537
:108840004EE07A6A396BF86801F070F90346002B44
:1088500001D0012358E0FB681B681A69FB685B6A5A
:10886000D2B21A70FB685B6A5A1CFB685A62FB68DA
:108870001B8D013B9AB2FB681A85FB685B8D9BB22E
:10888000013B9AB2FB685A85FB681B685B6903F081
:108890000403042B24D1FB681B8D032B07D1FB6839
:1088A0001B681A68FB681B6822F480621A60FB6808
:1088B0001B681A69FB685B6AD2B21A70FB685B6A54
:1088C0005A1CFB685A62FB681B8D013B9AB2FB681D
:1088D0001A85FB685B8D9BB2013B9AB2FB685A8597
:1088E000FB681B8D002B7FF488AEFB68202283F889
:1088F0003D20FB68002283F83E20FB68002283F8BD
:108900003C20002300E0022318462837BD4680BDE6
:10891000040001004C00002089B5F81480B588B02F
:1089200002AFF860084611461A4603467B810B46A3
:108930003B811346FB80FEF717FD7861FB6893F8D7
:108940003D30DBB2202B40F0D9807B6900931923A6
:1089500001226D49F86800F03FFF0346002B01D06B
:108960000223CCE0FB6893F83C30012B01D10223B9
:10897000C5E0FB68012283F83C20FB681B681B688C
:1089800003F00103012B07D0FB681B681A68FB6822
:108990001B6842F001021A60FB681B681A68FB68DA
:1089A0001B6822F400621A60FB68212283F83D20D4
:1089B000FB68402283F83E20FB6800221A64FB68B3
:1089C0003A6A5A62FB68BA8C5A85FB685B8D9AB228
:1089D000FB681A85FB684D4ADA62F8883A8979891A
:1089E0007B690193BB6A00930346F86800F076FD4B
:1089F0000346002B52D0012381E07A69B96AF868F6
:108A000001F004F80346002B0DD0FB681B6C042B0F
:108A100007D1FB681B681A68FB681B6842F4007288
:108A20001A6001236BE0FB685B6A1A78FB681B68BD
:108A30001A61FB685B6A5A1CFB685A62FB681B8DF3
:108A4000013B9AB2FB681A85FB685B8D9BB2013BC8
:108A50009AB2FB685A85FB681B685B6903F00403E4
:108A6000042B1BD1FB681B8D002B17D0FB685B6AA6
:108A70001A78FB681B681A61FB685B6A5A1CFB6802
:108A80005A62FB681B8D013B9AB2FB681A85FB6832
:108A90005B8D9BB2013B9AB2FB685A85FB681B8DCC
:108AA000002BAAD17A69B96AF86800F0F7FF03468B
:108AB000002B0DD0FB681B6C042B07D1FB681B68D7
:108AC0001A68FB681B6842F400721A60012316E002
:108AD000FB681B681A68FB681B6842F400721A6026
:108AE000FB68202283F83D20FB68002283F83E20AB
:108AF000FB68002283F83C20002300E00223184694
:108B00001837BD4680BD00BF020010000000FFFF07
:108B100080B58CB002AFF860084611461A4603468D
:108B20007B810B463B811346FB8000233B62FEF7B3
:108B30001BFC7862FB6893F83D30DBB2202B40F0E1
:108B400044827B6A0093192301228249F86800F06D
:108B500043FE0346002B01D0022337E2FB6893F863
:108B60003C30012B01D1022330E2FB68012283F863
:108B70003C20FB681B681B6803F00103012B07D036
:108B8000FB681B681A68FB681B6842F001021A60E8
:108B9000FB681B681A68FB681B6822F400621A6095
:108BA000FB68222283F83D20FB68402283F83E20A8
:108BB000FB6800221A64FB683A6B5A62FB68BA8E43
:108BC0005A85FB685B8D9AB2FB681A85FB68624A1E
:108BD000DA62F8883A8979897B6A0193BB6B0093E2
:108BE0000346F86800F010FD0346002B01D0012376
:108BF000ECE1FB681B8D002B13D10023FB61FB68AC
:108C00001B685B69FB61FB681B689B69FB61FB6917
:108C1000FB681B681A68FB681B6842F400721A60E4
:108C2000C0E1FB681B8D012B1ED1FB681B681A6815
:108C3000FB681B6822F480621A6072B600BF0023D2
:108C4000BB61FB681B685B69BB61FB681B689B6958
:108C5000BB61BB69FB681B681A68FB681B6842F450
:108C600000721A6062B635E0FB681B8D022B1ED1C4
:108C7000FB681B681A68FB681B6842F400621A6094
:108C800072B600BF00237B61FB681B685B697B6178
:108C9000FB681B689B697B617B69FB681B681A68C2
:108CA000FB681B6822F480621A6062B612E0FB68FF
:108CB0001B681A68FB681B6842F480621A60002314
:108CC0003B61FB681B685B693B61FB681B689B69D8
:108CD0003B613B6966E1FB681B8D032B00F21F8142
:108CE000FB681B8D012B23D17A6AB96BF86800F001
:108CF0001DFF0346002B01D0012367E1FB681B68C1
:108D00001A69FB685B6AD2B21A70FB685B6A5A1C0C
:108D1000FB685A62FB681B8D013B9AB2FB681A859F
:108D2000FB685B8D9BB2013B9AB2FB685A8539E1C7
:108D3000FB681B8D022B52D17B6A0093BB6B002218
:108D40000649F86800F048FD0346002B08D00123CF
:108D50003CE100BF020010000000FFFF0400010022
:108D600072B600BFFB681B681A68FB681B6842F498
:108D700000721A60FB681B681A69FB685B6AD2B2F2
:108D80001A70FB685B6A5A1CFB685A62FB681B8D91
:108D9000013B9AB2FB681A85FB685B8D9BB2013B75
:108DA0009AB2FB685A8562B600BFFB681B681A69F5
:108DB000FB685B6AD2B21A70FB685B6A5A1CFB687C
:108DC0005A62FB681B8D013B9AB2FB681A85FB68EF
:108DD0005B8D9BB2013B9AB2FB685A85E2E07B6AED
:108DE0000093BB6B00227B49F86800F0F5FC03465A
:108DF000002B01D00123E9E0FB681B681A68FB68BF
:108E00001B6822F480621A6072B600BFFB681B68A0
:108E10001A69FB685B6AD2B21A70FB685B6A5A1CFB
:108E2000FB685A62FB681B8D013B9AB2FB681A858E
:108E3000FB685B8D9BB2013B9AB2FB685A85664B1F
:108E40001B68DB08654AA2FB03231A0A13469B0032
:108E50001344DA00D31A3B623B6A013B3B623B6A34
:108E6000002B18D1FB6800221A63FB68202283F8CC
:108E70003D20FB68002283F83E20FB681B6C43F01A
:108E80002002FB681A6462B600BFFB68002283F808
:108E90003C2001239AE0FB681B685B6903F0040334
:108EA000042BD9D1FB681B681A68FB681B6842F465
:108EB00000721A60FB681B681A69FB685B6AD2B2B1
:108EC0001A70FB685B6A5A1CFB685A62FB681B8D50
:108ED000013B9AB2FB681A85FB685B8D9BB2013B34
:108EE0009AB2FB685A8562B600BFFB681B681A69B4
:108EF000FB685B6AD2B21A70FB685B6A5A1CFB683B
:108F00005A62FB681B8D013B9AB2FB681A85FB68AD
:108F10005B8D9BB2013B9AB2FB685A8542E07A6A4C
:108F2000B96BF86800F002FE0346002B01D0012364
:108F30004CE0FB681B681A69FB685B6AD2B21A7066
:108F4000FB685B6A5A1CFB685A62FB681B8D013B1D
:108F50009AB2FB681A85FB685B8D9BB2013B9AB2A3
:108F6000FB685A85FB681B685B6903F00403042BEC
:108F700018D1FB681B681A69FB685B6AD2B21A7069
:108F8000FB685B6A5A1CFB685A62FB681B8D013BDD
:108F90009AB2FB681A85FB685B8D9BB2013B9AB263
:108FA000FB685A85FB681B8D002B7FF494AEFB6831
:108FB000202283F83D20FB68002283F83E20FB68D6
:108FC000002283F83C20002300E0022318462837C3
:108FD000BD4680BD040001004C00002089B5F81496
:108FE00080B58AB002AFF8607A603B600B467B8147
:108FF000FEF7BAF9F8610023BB61FB6893F83D30D6
:10900000DBB2202B40F01181FB6900931923012270
:109010008849F86800F0E0FB0346002B01D00223EA
:1090200004E1FB6893F83C30012B01D10223FDE001
:10903000FB68012283F83C20FB681B681B6803F077
:109040000103012B07D0FB681B681A68FB681B68CB
:1090500042F001021A60FB681B681A68FB681B6813
:1090600022F400621A60FB68242283F83D20FB682A
:1090700000221A64FB68704ADA62FB681B681A688F
:10908000FB681B6842F480721A60FB6900933B68BE
:1090900000224FF00111F86800F09EFB0346002B00
:1090A0000DD0FB681B681B6803F48073B3F5807FE9
:1090B00003D1FB684FF400721A640323B6E07B8986
:1090C000DBB21A46FB681B6802F0FE021A61FEF76B
:1090D0004BF9F861FB681B685B6903F00203022B24
:1090E0000CBF01230023DBB2FB75FB681B685B69C7
:1090F00003F48063B3F5806F0CBF01230023DBB260
:10910000BB7525E0FEF730F90246FB69D31A3A68D1
:109110009A4202D33B68002B03D1FB68A02283F85C
:109120003D20FB681B685B6903F00203022B0CBF48
:1091300001230023DBB2FB75FB681B685B6903F44A
:109140008063B3F5806F0CBF01230023DBB2BB75D6
:10915000FB6893F83D30DBB2A02B05D0FB7D002BE4
:1091600002D1BB7D002BCDD0FB68202283F83D20AF
:10917000FB681B685B6903F00203022B29D1FB68C3
:109180001B681A68FB681B6842F400721A600023AF
:109190003B61FB681B685B693B61FB681B689B6903
:1091A0003B613B69FB690093192301222149F8685F
:1091B00000F012FB0346002B01D0012336E0FB68D0
:1091C000202283F83D20FB68002283F83C20002306
:1091D0002CE0FB681B681A68FB681B6842F400728D
:1091E0001A60FB681B686FF480625A61FB69009328
:1091F000192301220F49F86800F0EEFA0346002B0C
:1092000001D0012312E0BB690133BB61BA697B68FD
:109210009A42FFF432AFFB68202283F83D20FB68BE
:10922000002283F83C20012300E002231846203767
:10923000BD4680BD020010000000FFFF80B588B071
:1092400002AFF8607A603B600B467B81FB68DB6AAB
:109250007B617B69082B06D07B69012B03D07B697E
:1092600013F5803F08D1FB681B681A68FB681B6810
:1092700042F480721A600BE0FB681B6B122B07D163
:10928000FB681B681A68FB681B6842F480721A60EE
:109290003B6800937B6800224FF00111F86800F0F2
:1092A0009BFA0346002B0DD0FB681B681B6803F478
:1092B0008073B3F5807F03D1FB684FF400721A64AA
:1092C000032335E0FB681B69B3F5804F08D17B8928
:1092D000DBB21A46FB681B6802F0FE021A611BE053
:1092E0007B89DB11DBB203F00603DBB263F00F0313
:1092F000DAB2FB681B681A613B687A680E49F86845
:1093000000F0E4FA0346002B01D0012310E07B8932
:10931000DAB2FB681B681A613B687A680749F8682B
:1093200000F0D4FA0346002B01D0012300E0002313
:1093300018461837BD4680BD080001000200010034
:1093400080B588B002AFF8607A603B600B467B81E5
:10935000FB68DB6A7B61FB681B681A68FB681B683B
:1093600042F480621A607B69082B06D07B69012B6E
:1093700003D07B6913F5803F08D1FB681B681A682E
:10938000FB681B6842F480721A600BE0FB681B6B81
:10939000112B07D1FB681B681A68FB681B6842F435
:1093A00080721A603B6800937B6800224FF00111C5
:1093B000F86800F011FA0346002B0DD0FB681B681B
:1093C0001B6803F48073B3F5807F03D1FB684FF40F
:1093D00000721A64032379E0FB681B69B3F5804FC0
:1093E00008D17B89DBB243F00103DAB2FB681B686A
:1093F0001A615FE07B89DB11DBB203F00603DBB2AD
:1094000063F00F03DAB2FB681B681A613B687A6885
:109410003049F86800F05AFA0346002B01D00123C6
:1094200054E07B89DAB2FB681B681A613B687A6892
:109430002949F86800F04AFA0346002B01D00123BD
:1094400044E000233B61FB681B685B693B61FB6890
:109450001B689B693B613B69FB681B681A68FB687A
:109460001B6842F480721A603B6800937B6800229C
:109470004FF00111F86800F0AFF90346002B0DD052
:10948000FB681B681B6803F48073B3F5807F03D10E
:10949000FB684FF400721A64032317E07B89DB1129
:1094A000DBB203F00603DBB263F00E03DAB2FB6853
:1094B0001B681A613B687A680749F86800F006FA89
:1094C0000346002B01D0012300E000231846183783
:1094D000BD4680BD080001000200010080B588B0D3
:1094E00002AFF860084611461A4603467B810B46D8
:1094F0003B811346FB80FB681B681A68FB681B688E
:1095000042F480721A607B6A00933B6A00224FF03B
:109510000111F86800F060F90346002B0DD0FB68DC
:109520001B681B6803F48073B3F5807F03D1FB686D
:109530004FF400721A6403235FE07B89DBB21A46A2
:10954000FB681B6802F0FE021A617B6A3A6A2D49C9
:10955000F86800F0BBF90346002B01D001234CE072
:1095600000237B61FB681B685B697B61FB681B6890
:109570009B697B617B697A6A396AF86800F046FA10
:109580000346002B0DD0FB681B6C042B07D1FB6836
:109590001B681A68FB681B6842F400721A6001239A
:1095A0002BE0FB88012B05D13B89DAB2FB681B68F5
:1095B0001A6121E03B891B0A9BB2DAB2FB681B6887
:1095C0001A617A6A396AF86800F020FA0346002BBB
:1095D0000DD0FB681B6C042B07D1FB681B681A6855
:1095E000FB681B6842F400721A60012305E03B89A6
:1095F000DAB2FB681B681A61002318461837BD46AB
:1096000080BD00BF0200010080B588B002AFF860E5
:10961000084611461A4603467B810B463B8113469A
:10962000FB80FB681B681A68FB681B6842F4806259
:109630001A60FB681B681A68FB681B6842F480723A
:109640001A607B6A00933B6A00224FF00111F868B0
:1096500000F0C2F80346002B0DD0FB681B681B68A6
:1096600003F48073B3F5807F03D1FB684FF400727D
:109670001A640323AAE07B89DBB21A46FB681B68E5
:1096800002F0FE021A617B6A3A6A5249F86800F0F9
:109690001DF90346002B01D0012397E000237B61D5
:1096A000FB681B685B697B61FB681B689B697B616E
:1096B0007B697A6A396AF86800F0A8F90346002BDA
:1096C0000DD0FB681B6C042B07D1FB681B681A6864
:1096D000FB681B6842F400721A60012376E0FB8885
:1096E000012B05D13B89DAB2FB681B681A6121E0C6
:1096F0003B891B0A9BB2DAB2FB681B681A617A6A63
:10970000396AF86800F082F90346002B0DD0FB6837
:109710001B6C042B07D1FB681B681A68FB681B686D
:1097200042F400721A60012350E03B89DAB2FB6810
:109730001B681A617A6A396AF86800F067F90346AB
:10974000002B0DD0FB681B6C042B07D1FB681B683A
:109750001A68FB681B6842F400721A60012335E046
:10976000FB681B681A68FB681B6842F480721A6009
:109770007B6A00933B6A00224FF00111F86800F009
:109780002BF80346002B0DD0FB681B681B6803F405
:109790008073B3F5807F03D1FB684FF400721A64C5
:1097A000032313E07B89DBB243F00103DAB2FB68E9
:1097B0001B681A617B6A3A6A0649F86800F086F805
:1097C0000346002B01D0012300E000231846183780
:1097D000BD4680BD0200010080B584B000AFF860D6
:1097E000B9603B601346FB7148E03B68B3F1FF3F53
:1097F00044D0FDF7B9FD0246BB69D31A3A689A42D4
:1098000002D33B68002B39D1BB681B0CDBB2012BA8
:109810000DD1FB681B685B69DA43BB6813409BB2E0
:10982000002B0CBF01230023DBB21A460CE0FB68BF
:109830001B689B69DA43BB6813409BB2002B0CBFCB
:1098400001230023DBB21A46FB799A4216D1FB684A
:1098500000221A63FB68202283F83D20FB68002267
:1098600083F83E20FB681B6C43F02002FB681A64FF
:10987000FB68002283F83C20012323E0BB681B0C1B
:10988000DBB2012B0DD1FB681B685B69DA43BB6857
:1098900013409BB2002B0CBF01230023DBB21A46FE
:1098A0000CE0FB681B689B69DA43BB6813409BB202
:1098B000002B0CBF01230023DBB21A46FB799A422E
:1098C00093D0002318461037BD4680BD80B584B0C4
:1098D00000AFF860B9607A603B6071E0FB681B68BC
:1098E0005B6903F48063B3F5806F23D1FB681B6869
:1098F0001A68FB681B6842F400721A60FB681B68F8
:109900006FF480625A61FB6800221A63FB682022B0
:1099100083F83D20FB68002283F83E20FB681B6C27
:1099200043F00402FB681A64FB68002283F83C20C1
:10993000012367E07B68B3F1FF3F41D0FDF714FDE1
:1099400002463B68D31A7A689A4202D37B68002B9E
:1099500036D1BB681B0CDBB2012B0CD1FB681B683A
:109960005B69DA43BB6813409BB2002B14BF012331
:109970000023DBB20BE0FB681B689B69DA43BB6822
:1099800013409BB2002B14BF01230023DBB2002B3A
:1099900016D0FB6800221A63FB68202283F83D2062
:1099A000FB68002283F83E20FB681B6C43F020021A
:1099B000FB681A64FB68002283F83C20012321E045
:1099C000BB681B0CDBB2012B0CD1FB681B685B690D
:1099D000DA43BB6813409BB2002B14BF0123002362
:1099E000DBB20BE0FB681B689B69DA43BB68134082
:1099F0009BB2002B14BF01230023DBB2002B7FF4AA
:109A00006DAF002318461037BD4680BD80B584B0C9
:109A100000AFF860B9607A6034E0F86800F0E3F80D
:109A20000346002B01D0012334E0BB68B3F1FF3FB4
:109A300028D0FDF799FC02467B68D31ABA689A428F
:109A400002D3BB68002B1DD1FB681B685B6903F068
:109A50008003802B16D0FB6800221A63FB6820224B
:109A600083F83D20FB68002283F83E20FB681B6CD6
:109A700043F02002FB681A64FB68002283F83C2054
:109A8000012307E0FB681B685B6903F08003802B00
:109A9000C3D1002318461037BD4680BD80B584B0C1
:109AA00000AFF860B9607A6034E0F86800F09BF8C5
:109AB0000346002B01D0012334E0BB68B3F1FF3F24
:109AC00028D0FDF751FC02467B68D31ABA689A4247
:109AD00002D3BB68002B1DD1FB681B685B6903F0D8
:109AE0000403042B16D0FB6800221A63FB682022B3
:109AF00083F83D20FB68002283F83E20FB681B6C46
:109B000043F02002FB681A64FB68002283F83C20C3
:109B1000012307E0FB681B685B6903F00403042B67
:109B2000C3D1002318461037BD4680BD80B584B030
:109B300000AFF860B9607A6049E0FB681B685B6958
:109B400003F01003102B19D1FB681B686FF0100293
:109B50005A61FB6800221A63FB68202283F83D20CB
:109B6000FB68002283F83E20FB681A6CFB681A64CD
:109B7000FB68002283F83C20012330E0FDF7F4FB72
:109B800002467B68D31ABA689A4202D3BB68002B9C
:109B90001DD1FB681B685B6903F04003402B16D0A6
:109BA000FB6800221A63FB68202283F83D20FB68D3
:109BB000002283F83E20FB681B6C43F02002FB6808
:109BC0001A64FB68002283F83C20012307E0FB684D
:109BD0001B685B6903F04003402BAED1002318469D
:109BE0001037BD4680BD80B483B000AF78607B681D
:109BF0001B685B6903F48063B3F5806F1BD17B68DE
:109C00001B686FF480625A617B6800221A637B686C
:109C1000202283F83D207B68002283F83E207B6869
:109C20001B6C43F004027B681A647B68002283F893
:109C30003C20012300E0002318460C37BD4680BCC1
:109C40007047000080B400AF034B01221A6000BFD0
:109C5000BD4680BC704700BF20000E4280B400AFFC
:109C6000034B00221A6000BFBD4680BC704700BF96
:109C700020000E4280B586B000AF78607B68002B74
:109C800001D1012372E27B681B6803F00103002B02
:109C900000F08780924B5B6803F00C03042B0CD020
:109CA0008F4B5B6803F00C03082B12D18C4B5B6865
:109CB00003F48033B3F5803F0BD1894B1B6803F469
:109CC0000033002B6CD07B685B68002B68D10123CC
:109CD0004CE27B685B68B3F5803F06D1804B1B6824
:109CE0007F4A43F4803313602EE07B685B68002B6F
:109CF0000CD17B4B1B687A4A23F480331360784B7A
:109D00001B68774A23F4802313601DE07B685B683F
:109D1000B3F5A02F0CD1724B1B68714A43F480231A
:109D200013606F4B1B686E4A43F4803313600BE083
:109D30006B4B1B686A4A23F480331360684B1B68C3
:109D4000674A23F4802313607B685B68002B13D081
:109D5000FDF70AFB386108E0FDF706FB02463B69A8
:109D6000D31A642B01D9032300E25D4B1B6803F473
:109D70000033002BF0D014E0FDF7F6FA386108E06C
:109D8000FDF7F2FA02463B69D31A642B01D903238B
:109D9000ECE1534B1B6803F40033002BF0D100E0DF
:109DA00000BF7B681B6803F00203002B63D04C4BA1
:109DB0005B6803F00C03002B0BD0494B5B6803F08E
:109DC0000C03082B1CD1464B5B6803F48033002B3B
:109DD00016D1434B1B6803F00203002B05D07B68B0
:109DE0001B69012B01D00123C0E13D4B1B6823F00F
:109DF000F8027B685B69DB00394913430B603AE08A
:109E00007B681B69002B20D0364B01221A60FDF7BE
:109E1000ABFA386108E0FDF7A7FA02463B69D31AAE
:109E2000022B01D90323A1E12D4B1B6803F0020390
:109E3000002BF0D02A4B1B6823F0F8027B685B698B
:109E4000DB00274913430B6015E0264B00221A6004
:109E5000FDF78AFA386108E0FDF786FA02463B69A9
:109E6000D31A022B01D9032380E11D4B1B6803F099
:109E70000203002BF0D17B681B6803F00803002B62
:109E80003AD07B689B69002B19D0174B01221A60CE
:109E9000FDF76AFA386108E0FDF766FA02463B69A9
:109EA000D31A022B01D9032360E10D4B5B6A03F047
:109EB0000203002BF0D0012000F0FEFA1CE00A4B58
:109EC00000221A60FDF750FA38610FE0FDF74CFAF6
:109ED00002463B69D31A022B08D9032346E100BF8F
:109EE000001002400000424280044242924B5B6AF2
:109EF00003F00203002BE9D17B681B6803F0040325
:109F0000002B00F0A6800023FB758B4BDB6903F070
:109F10008053002B0DD1884BDB69874A43F0805377
:109F2000D361854BDB6903F08053BB60BB680123C1
:109F3000FB75824B1B6803F48073002B18D17F4B99
:109F40001B687E4A43F480731360FDF70DFA386195
:109F500008E0FDF709FA02463B69D31A642B01D9E0
:109F6000032303E1754B1B6803F48073002BF0D0CF
:109F70007B68DB68012B06D16F4B1B6A6E4A43F08E
:109F8000010313622DE07B68DB68002B0CD16A4B68
:109F90001B6A694A23F001031362674B1B6A664A16
:109FA00023F0040313621CE07B68DB68052B0CD1F3
:109FB000614B1B6A604A43F0040313625E4B1B6AE9
:109FC0005D4A43F0010313620BE05B4B1B6A5A4A84
:109FD00023F001031362584B1B6A574A23F0040312
:109FE00013627B68DB68002B15D0FDF7BDF9386183
:109FF0000AE0FDF7B9F902463B69D31A41F288320B
:10A00000934201D90323B1E04B4B1B6A03F00203D7
:10A01000002BEED014E0FDF7A7F938610AE0FDF758
:10A02000A3F902463B69D31A41F28832934201D91F
:10A0300003239BE0404B1B6A03F00203002BEED18D
:10A04000FB7D012B05D13C4BDB693B4A23F0805360
:10A05000D3617B68DB69002B00F08780364B5B683F
:10A0600003F00C03082B61D07B68DB69022B46D11F
:10A07000334B00221A60FDF777F9386108E0FDF7ED
:10A0800073F902463B69D31A022B01D903236DE011
:10A09000294B1B6803F00073002BF0D17B681B6A0F
:10A0A000B3F5803F08D1244B5B6823F400327B6812
:10A0B0009B68214913434B601F4B5B6823F4741268
:10A0C0007B68196A7B685B6A0B431B4913434B60CF
:10A0D0001B4B01221A60FDF747F9386108E0FDF7D4
:10A0E00043F902463B69D31A022B01D903233DE011
:10A0F000114B1B6803F00073002BF0D035E0104BC0
:10A1000000221A60FDF730F9386108E0FDF72CF9FC
:10A1100002463B69D31A022B01D9032326E0064BE2
:10A120001B6803F00073002BF0D11EE07B68DB6935
:10A13000012B07D1012319E00010024000700040FC
:10A14000600042420B4B5B68FB60FB6803F48032AB
:10A150007B681B6A9A4206D1FB6803F470127B6825
:10A160005B6A9A4201D0012300E0002318461837A9
:10A17000BD4680BD0010024080B584B000AF78605D
:10A1800039607B68002B01D10123D0E06A4B1B684A
:10A1900003F007033A689A4210D9674B1B6823F013
:10A1A000070265493B6813430B60634B1B6803F070
:10A1B00007033A689A4201D00123B8E07B681B6824
:10A1C00003F00203002B20D07B681B6803F004031C
:10A1D000002B05D0594B5B68584A43F4E063536049
:10A1E0007B681B6803F00803002B05D0534B5B68AA
:10A1F000524A43F460535360504B5B6823F0F002C3
:10A200007B689B684D4913434B607B681B6803F078
:10A210000103002B40D07B685B68012B07D1474BC3
:10A220001B6803F40033002B15D101237FE07B680A
:10A230005B68022B07D1414B1B6803F00073002BB6
:10A2400009D1012373E03D4B1B6803F00203002B8F
:10A2500001D101236BE0394B5B6823F003027B687B
:10A260005B68364913434B60FDF77EF8F8600AE0FF
:10A27000FDF77AF80246FB68D31A41F2883293421E
:10A2800001D9032353E02D4B5B6803F00C027B687C
:10A290005B689B009A42EBD1274B1B6803F00703D6
:10A2A0003A689A4210D2244B1B6823F007022249D5
:10A2B0003B6813430B60204B1B6803F007033A68AD
:10A2C0009A4201D0012332E07B681B6803F004034B
:10A2D000002B08D0194B5B6823F4E0627B68DB68D5
:10A2E000164913434B607B681B6803F00803002B7F
:10A2F00009D0124B5B6823F460527B681B69DB005A
:10A300000E4913434B6000F021F802460B4B5B688B
:10A310001B0903F00F030A49CB5C22FA03F3094A35
:10A320001360094B1B681846FCF702FE0023184611
:10A330001037BD4680BD00BF002002400010024023
:10A34000843F02084C0000205000002080B487B0F9
:10A3500000AF0023FB600023BB6000237B61002370
:10A360007B6000233B611E4B5B68FB60FB6803F076
:10A370000C03042B02D0082B03D027E0194B3B61C0
:10A3800027E0FB689B0C03F00F03174AD35C7B604C
:10A39000FB6803F48033002B10D0114B5B685B0C1F
:10A3A00003F00103114AD35CBB607B680D4A03FBD9
:10A3B00002F2BB68B2FBF3F37B6104E07B680C4AFA
:10A3C00002FB03F37B617B693B6102E0054B3B6170
:10A3D00000BF3B6918461C37BD4680BC704700BFB4
:10A3E0000010024000127A009C3F0208AC3F0208B5
:10A3F00000093D0080B400AF024B1B681846BD4603
:10A4000080BC70474C00002080B500AFFFF7F2FF22
:10A410000246054B5B681B0A03F007030349CB5C4C
:10A4200022FA03F3184680BD00100240943F020850
:10A4300080B500AFFFF7DEFF0246054B5B68DB0A25
:10A4400003F007030349CB5C22FA03F3184680BDEF
:10A4500000100240943F020880B483B000AF7860DF
:10A4600039607B680F221A60114B5B6803F00302AE
:10A470007B685A600E4B5B6803F0F0027B689A6061
:10A480000B4B5B6803F4E0627B68DA60084B5B6847
:10A49000DB0803F4E0627B681A61064B1B6803F07B
:10A4A00007023B681A6000BF0C37BD4680BC70478E
:10A4B000001002400020024080B485B000AF7860F8
:10A4C0000A4B1B680A4AA2FB03235B0A7A6802FB59
:10A4D00003F3FB6000BFFB685A1EFA60002BF9D142
:10A4E00000BF00BF1437BD4680BC70474C00002041
:10A4F000D34D621080B588B000AF786000237B61D7
:10A500000023FB6100233B610023FB600023BB6150
:10A510007B68013B0F2B00F2AF8001A252F823F0C1
:10A52000F7A501085DA6010879A60108E7A50108BD
:10A5300079A6010879A6010879A60108EFA5010806
:10A5400079A6010879A6010879A6010879A601086B
:10A5500079A6010879A6010879A6010861A5010874
:10A560004A4B5B68FB60494B1B6803F08073002B10
:10A5700000F08480FB689B0C03F00F03444AD35C1B
:10A580003B61FB6803F48033002B15D03F4B5B68C5
:10A590005B0C03F001033F4AD35C7B61FB6803F46F
:10A5A0008033002B0DD03C4A7B69B2FBF3F23B6950
:10A5B00002FB03F3FB6104E03B69384A02FB03F34F
:10A5C000FB61324B5B6803F48003B3F5800F02D16B
:10A5D000FB69BB6152E0FB695B00314AA2FB0323CC
:10A5E0005B08BB614AE0FFF7B1FEB86149E0FFF7E5
:10A5F000ADFEB86145E0254B1B6AFB60FB6803F4C8
:10A600004073B3F5807F08D1FB6803F00203002B91
:10A6100003D04FF40043BB611FE0FB6803F44073B9
:10A62000B3F5007F09D1194B5B6A03F00203002BDD
:10A6300003D049F64043BB610FE0FB6803F440736D
:10A64000B3F5407F1CD1114B1B6803F40033002B82
:10A6500016D04FF22443BB6112E011E0FFF7E8FE91
:10A6600002460A4B5B689B0B03F0030301335B005C
:10A67000B2FBF3F3BB6104E000BF02E000BF00E007
:10A6800000BFBB6918462037BD4680BD00100240A0
:10A69000B03F0208C03F020800127A0000093D00E6
:10A6A000ABAAAAAA80B582B000AF78607B68002B05
:10A6B00001D1012341E07B6893F83D30DBB2002BF0
:10A6C00006D17B68002283F83C207868FBF7A0FC69
:10A6D0007B68022283F83D207B681A687B6804331C
:10A6E0001946104600F056FE7B68012283F846208A
:10A6F0007B68012283F83E207B68012283F83F209B
:10A700007B68012283F840207B68012283F8412086
:10A710007B68012283F842207B68012283F8432072
:10A720007B68012283F844207B68012283F845205E
:10A730007B68012283F83D20002318460837BD4678
:10A7400080BD000080B485B000AF78607B6893F86E
:10A750003D30DBB2012B01D0012344E07B680222B3
:10A7600083F83D207B681B68DA687B681B6842F0D1
:10A770000102DA607B681B681D4A934218D07B682F
:10A780001B681C4A934213D07B681B68B3F1804F4F
:10A790000ED07B681B68184A934209D07B681B68FF
:10A7A000164A934204D07B681B68154A934211D124
:10A7B0007B681B689B6803F00703FB60FB68062B44
:10A7C00010D07B681B681A687B681B6842F0010226
:10A7D0001A6007E07B681B681A687B681B6842F098
:10A7E00001021A60002318461437BD4680BC70472A
:10A7F000002C0140003401400004004000080040EB
:10A80000000C004080B582B000AF78607B68002B00
:10A8100001D1012341E07B6893F83D30DBB2002B8E
:10A8200006D17B68002283F83C207868FBF7B6FBF2
:10A830007B68022283F83D207B681A687B680433BA
:10A840001946104600F0A6FD7B68012283F84620D9
:10A850007B68012283F83E207B68012283F83F2039
:10A860007B68012283F840207B68012283F8412025
:10A870007B68012283F842207B68012283F8432011
:10A880007B68012283F844207B68012283F84520FD
:10A890007B68012283F83D20002318460837BD4617
:10A8A00080BD000080B584B000AF786039603B683F
:10A8B000002B09D17B6893F83E30DBB2012B14BF2B
:10A8C00001230023DBB222E03B68042B09D17B6823
:10A8D00093F83F30DBB2012B14BF01230023DBB21E
:10A8E00015E03B68082B09D17B6893F84030DBB258
:10A8F000012B14BF01230023DBB208E07B6893F82F
:10A900004130DBB2012B14BF01230023DBB2002B4B
:10A9100001D0012372E03B68002B04D17B68022246
:10A9200083F83E2013E03B68042B04D17B680222AD
:10A9300083F83F200BE03B68082B04D17B680222A0
:10A9400083F8402003E07B68022283F841207B6883
:10A950001B6801223968184601F05BF87B681B68A8
:10A96000284A934204D07B681B68274A934201D14E
:10A97000012300E00023002B07D07B681B685A6C82
:10A980007B681B6842F400425A647B681B681D4A5E
:10A99000934218D07B681B681B4A934213D07B6894
:10A9A0001B68B3F1804F0ED07B681B68174A934237
:10A9B00009D07B681B68164A934204D07B681B68E9
:10A9C000144A934211D17B681B689B6803F007030C
:10A9D000FB60FB68062B10D07B681B681A687B68DD
:10A9E0001B6842F001021A6007E07B681B681A6866
:10A9F0007B681B6842F001021A600023184610377A
:10AA0000BD4680BD002C01400034014000040040E0
:10AA100000080040000C004080B582B000AF7860B4
:10AA200039607B681B6800223968184600F0F1FF26
:10AA30007B681B682E4A934204D07B681B682D4AB2
:10AA4000934201D1012300E00023002B17D07B6843
:10AA50001B681A6A41F211131340002B0FD17B6857
:10AA60001B681A6A40F244431340002B07D17B68ED
:10AA70001B685A6C7B681B6822F400425A647B682E
:10AA80001B681A6A41F211131340002B0FD17B6827
:10AA90001B681A6A40F244431340002B07D17B68BD
:10AAA0001B681A687B681B6822F001021A603B6809
:10AAB000002B04D17B68012283F83E2013E03B6821
:10AAC000042B04D17B68012283F83F200BE03B6814
:10AAD000082B04D17B68012283F8402003E07B68C7
:10AAE000012283F84120002318460837BD4680BD67
:10AAF000002C01400034014080B582B000AF786086
:10AB00007B68002B01D1012341E07B6893F83D3045
:10AB1000DBB2002B06D17B68002283F83C207868EA
:10AB2000FBF7AEF97B68022283F83D207B681A6848
:10AB30007B6804331946104600F02CFC7B68012228
:10AB400083F846207B68012283F83E207B6801223F
:10AB500083F83F207B68012283F840207B68012234
:10AB600083F841207B68012283F842207B68012220
:10AB700083F843207B68012283F844207B6801220C
:10AB800083F845207B68012283F83D200023184686
:10AB90000837BD4680BD000080B584B000AF786046
:10ABA00039600023FB733B68002B04D17B6893F86A
:10ABB0003E30DBB213E03B68042B04D17B6893F892
:10ABC0003F30DBB20BE03B68082B04D17B6893F885
:10ABD0004030DBB203E07B6893F84130DBB2BB73FB
:10ABE0003B68002B04D17B6893F84230DBB213E062
:10ABF0003B68042B04D17B6893F84330DBB20BE055
:10AC00003B68082B04D17B6893F84430DBB203E047
:10AC10007B6893F84530DBB27B73BB7B012B02D1A1
:10AC20007B7B012B01D00123C2E03B68002B04D1C8
:10AC30007B68022283F83E2013E03B68042B04D19A
:10AC40007B68022283F83F200BE03B68082B04D18D
:10AC50007B68022283F8402003E07B68022283F8AD
:10AC600041203B68002B04D17B68022283F84220FC
:10AC700013E03B68042B04D17B68022283F8432055
:10AC80000BE03B68082B04D17B68022283F8442048
:10AC900003E07B68022283F845203B680C2B41D8F7
:10ACA00001A252F823F000BFDDAC010825AD010878
:10ACB00025AD010825AD0108EFAC010825AD01085F
:10ACC00025AD010825AD010801AD010825AD01083C
:10ACD00025AD010825AD010813AD01087B681B688F
:10ACE000DA687B681B6842F00202DA601DE07B686C
:10ACF0001B68DA687B681B6842F00402DA6014E0C3
:10AD00007B681B68DA687B681B6842F00802DA60BF
:10AD10000BE07B681B68DA687B681B6842F01002F6
:10AD2000DA6002E00123FB7300BFFB7B002B3ED106
:10AD30007B681B6801223968184600F06AFE7B6850
:10AD40001B681D4A934218D07B681B681B4A9342BC
:10AD500013D07B681B68B3F1804F0ED07B681B68F3
:10AD6000174A934209D07B681B68164A934204D065
:10AD70007B681B68144A934211D17B681B689B68EF
:10AD800003F00703BB60BB68062B10D07B681B6811
:10AD90001A687B681B6842F001021A6007E07B6852
:10ADA0001B681A687B681B6842F001021A60FB7B13
:10ADB00018461037BD4680BD002C014000340140CC
:10ADC0000004004000080040000C004080B582B044
:10ADD00000AF786039607B68002B01D1012341E02E
:10ADE0007B6893F83D30DBB2002B06D17B680022F4
:10ADF00083F83C20786800F039F87B68022283F8F9
:10AE00003D207B681A687B6804331946104600F0C1
:10AE1000C1FA7B681B681A687B681B6822F008020D
:10AE20001A607B681B6819687B681B683A680A436C
:10AE30001A607B68012283F846207B68012283F830
:10AE40003E207B68012283F83F207B68012283F843
:10AE500042207B68012283F843207B68012283F82B
:10AE60003D20002318460837BD4680BD80B483B01E
:10AE700000AF786000BF0C37BD4680BC704780B51E
:10AE800082B000AF78607B681B681B6903F0020327
:10AE9000022B22D17B681B68DB6803F00203022BC4
:10AEA0001BD17B681B686FF002021A617B6801226C
:10AEB0001A777B681B689B6903F00303002B03D0A0
:10AEC000786800F04CFA05E0786800F03FFA78689E
:10AED00000F04EFA7B6800221A777B681B681B69BA
:10AEE00003F00403042B22D17B681B68DB6803F0AA
:10AEF0000403042B1BD17B681B686FF004021A61EA
:10AF00007B6802221A777B681B689B6903F4407395
:10AF1000002B03D0786800F022FA05E0786800F092
:10AF200015FA786800F024FA7B6800221A777B68AB
:10AF30001B681B6903F00803082B22D17B681B6880
:10AF4000DB6803F00803082B1BD17B681B686FF0DC
:10AF500008021A617B6804221A777B681B68DB6928
:10AF600003F00303002B03D0786800F0F8F905E044
:10AF7000786800F0EBF9786800F0FAF97B68002255
:10AF80001A777B681B681B6903F01003102B22D112
:10AF90007B681B68DB6803F01003102B1BD17B68F8
:10AFA0001B686FF010021A617B6808221A777B68B1
:10AFB0001B68DB6903F44073002B03D0786800F052
:10AFC000CEF905E0786800F0C1F9786800F0D0F9B2
:10AFD0007B6800221A777B681B681B6903F00103FA
:10AFE000012B0ED17B681B68DB6803F00103012B8A
:10AFF00007D17B681B686FF001021A617868F9F766
:10B00000FBFE7B681B681B6903F08003802B0ED15D
:10B010007B681B68DB6803F08003802B07D17B68AB
:10B020001B686FF080021A61786800F0DDFD7B68B4
:10B030001B681B6903F04003402B0ED17B681B6823
:10B04000DB6803F04003402B07D17B681B686FF07F
:10B0500040021A61786800F094F97B681B681B69EC
:10B0600003F02003202B0ED17B681B68DB6803F004
:10B070002003202B07D17B681B686FF020021A6128
:10B08000786800F0A8FD00BF0837BD4680BD80B5D8
:10B0900086B000AFF860B9607A600023FB75FB688A
:10B0A00093F83C30012B01D1022388E0FB68012298
:10B0B00083F83C207B68002B1BD1FB681868BB68B9
:10B0C0001968BB685A68BB68DB6800F089FBFB68DD
:10B0D0001B689A69FB681B6822F00C029A61FB6886
:10B0E0001B689969BB689A68FB681B680A439A6188
:10B0F00060E07B68042B1CD1FB681868BB6819688A
:10B10000BB685A68BB68DB6800F0D0FBFB681B6853
:10B110009A69FB681B6822F440629A61FB681B68AD
:10B120009969BB689B681A02FB681B680A439A61AD
:10B1300040E07B68082B1BD1FB681868BB68196866
:10B14000BB685A68BB68DB6800F0ECFBFB681B68F7
:10B15000DA69FB681B6822F00C02DA61FB681B6885
:10B16000D969BB689A68FB681B680A43DA6121E009
:10B170007B680C2B1CD1FB681868BB681968BB681E
:10B180005A68BB68DB6800F008FCFB681B68DA697A
:10B19000FB681B6822F44062DA61FB681B68D969AE
:10B1A000BB689B681A02FB681B680A43DA6101E00E
:10B1B0000123FB75FB68002283F83C20FB7D1846C9
:10B1C0001837BD4680BD000080B586B000AFF8607E
:10B1D000B9607A600023FB75FB6893F83C30012B63
:10B1E00001D10223AEE0FB68012283F83C207B689A
:10B1F0000C2B00F29F8001A252F823F031B201081B
:10B2000035B3010835B3010835B3010871B201083F
:10B2100035B3010835B3010835B30108B3B20108ED
:10B2200035B3010835B3010835B30108F3B201089D
:10B23000FB681B68B968184600F026F9FB681B68B4
:10B240009A69FB681B6842F008029A61FB681B68F8
:10B250009A69FB681B6822F004029A61FB681B680C
:10B260009969BB681A69FB681B680A439A6164E0C4
:10B27000FB681B68B968184600F076F9FB681B6824
:10B280009A69FB681B6842F400629A61FB681B685C
:10B290009A69FB681B6822F480629A61FB681B68EC
:10B2A0009969BB681B691A02FB681B680A439A61AB
:10B2B00043E0FB681B68B968184600F0C9F9FB68F1
:10B2C0001B68DA69FB681B6842F00802DA61FB68F8
:10B2D0001B68DA69FB681B6822F00402DA61FB680C
:10B2E0001B68D969BB681A69FB681B680A43DA6185
:10B2F00023E0FB681B68B968184600F01DFAFB687C
:10B300001B68DA69FB681B6842F40062DA61FB685B
:10B310001B68DA69FB681B6822F48062DA61FB68EB
:10B320001B68D969BB681B691A02FB681B680A4362
:10B33000DA6102E00123FB7500BFFB68002283F89D
:10B340003C20FB7D18461837BD4680BD80B483B0D5
:10B3500000AF786000BF0C37BD4680BC704780B43A
:10B3600083B000AF786000BF0C37BD4680BC70472B
:10B3700080B483B000AF786000BF0C37BD4680BC9E
:10B38000704780B483B000AF786000BF0C37BD4613
:10B3900080BC704780B485B000AF786039607B684E
:10B3A0001B68FB607B68334A934213D07B68324A48
:10B3B00093420FD07B68B3F1804F0BD07B682F4A4C
:10B3C000934207D07B682E4A934203D07B682D4A74
:10B3D000934208D1FB6823F07003FB603B685B6815
:10B3E000FA681343FB607B68224A934213D07B6860
:10B3F000214A93420FD07B68B3F1804F0BD07B681A
:10B400001E4A934207D07B681D4A934203D07B6853
:10B410001C4A934208D1FB6823F44073FB603B68ED
:10B42000DB68FA681343FB60FB6823F080023B682B
:10B430005B691343FB607B68FA681A603B689A6833
:10B440007B68DA623B681A687B689A627B68094AA3
:10B45000934203D07B68084A934203D13B681A6940
:10B460007B681A637B6801225A6100BF1437BD46AE
:10B4700080BC7047002C01400034014000040040B3
:10B4800000080040000C004080B487B000AF786036
:10B4900039607B681B6A7B617B681B6A23F0010251
:10B4A0007B681A627B685B683B617B689B69FB60B9
:10B4B000FB6823F07003FB60FB6823F00303FB6071
:10B4C0003B681B68FA681343FB607B6923F0020347
:10B4D0007B613B689B687A6913437B617B68204A88
:10B4E000934203D07B681F4A93420CD17B6923F0BF
:10B4F00008037B613B68DB687A6913437B617B6986
:10B5000023F004037B617B68154A934203D07B6878
:10B51000144A934211D13B6923F480733B613B6928
:10B5200023F400733B613B685B693A6913433B61F9
:10B530003B689B693A6913433B617B683A695A608F
:10B540007B68FA689A613B685A687B685A637B68D3
:10B550007A691A6200BF1C37BD4680BC704700BFC5
:10B56000002C01400034014080B487B000AF786007
:10B5700039607B681B6A7B617B681B6A23F0100261
:10B580007B681A627B685B683B617B689B69FB60D8
:10B59000FB6823F4E043FB60FB6823F44073FB602B
:10B5A0003B681B681B02FA681343FB607B6923F04E
:10B5B00020037B613B689B681B017A6913437B61B5
:10B5C0007B68214A934203D07B68204A93420DD185
:10B5D0007B6923F080037B613B68DB681B017A6930
:10B5E00013437B617B6923F040037B617B68164AD0
:10B5F000934203D07B68154A934213D13B6923F4ED
:10B6000080633B613B6923F400633B613B685B699A
:10B610009B003A6913433B613B689B699B003A6915
:10B6200013433B617B683A695A607B68FA689A61A8
:10B630003B685A687B689A637B687A691A6200BFC4
:10B640001C37BD4680BC7047002C014000340140CF
:10B6500080B487B000AF786039607B681B6A7B611B
:10B660007B681B6A23F480727B681A627B685B6864
:10B670003B617B68DB69FB60FB6823F07003FB6068
:10B68000FB6823F00303FB603B681B68FA68134305
:10B69000FB607B6923F400737B613B689B681B0242
:10B6A0007A6913437B617B68214A934203D07B68AC
:10B6B000204A93420DD17B6923F400637B613B6890
:10B6C000DB681B027A6913437B617B6923F4806327
:10B6D0007B617B68164A934203D07B68154A93428C
:10B6E00013D13B6923F480533B613B6923F400533E
:10B6F0003B613B685B691B013A6913433B613B68F3
:10B700009B691B013A6913433B617B683A695A6044
:10B710007B68FA68DA613B685A687B68DA637B6841
:10B720007A691A6200BF1C37BD4680BC704700BFF3
:10B73000002C01400034014080B487B000AF786035
:10B7400039607B681B6A3B617B681B6A23F480520B
:10B750007B681A627B685B687B617B68DB69FB6086
:10B76000FB6823F4E043FB60FB6823F44073FB6059
:10B770003B681B681B02FA681343FB603B6923F4B8
:10B7800000533B613B689B681B033A6913433B6171
:10B790007B68114A934203D07B68104A934209D1D7
:10B7A0007B6923F480437B613B685B699B017A6919
:10B7B00013437B617B687A695A607B68FA68DA6157
:10B7C0003B685A687B681A647B683A691A6200BFF2
:10B7D0001C37BD4680BC7047002C0140003401403E
:10B7E00080B487B000AFF860B9607A603B60FB68F6
:10B7F0001B6A3B61FB681B6A23F00102FB681A624B
:10B80000FB689B697B61FB68234A934213D0FB680A
:10B81000224A93420FD0FB68B3F1804F0BD0FB68F4
:10B820001F4A934207D0FB681E4A934203D0FB682D
:10B830001D4A934201D1012300E00023002B08D0D0
:10B840007B6923F003037B617A697B6813437B6127
:10B8500003E07B6943F001037B617B6923F0F00324
:10B860007B613B681B01DBB27A6913437B613B69F7
:10B8700023F00A033B61BB6803F00A033A691343F0
:10B880003B61FB687A699A61FB683A691A6200BF9A
:10B890001C37BD4680BC7047002C0140003401407D
:10B8A0000004004000080040000C004080B487B055
:10B8B00000AFF860B9607A603B60FB681B6A7B612F
:10B8C000FB681B6A23F01002FB681A62FB689B6925
:10B8D0003B613B6923F440733B617B681B023A691F
:10B8E00013433B613B6923F470433B613B681B039B
:10B8F0009BB23A6913433B617B6923F0A0037B61F0
:10B90000BB681B0103F0A0037A6913437B61FB68EA
:10B910003A699A61FB687A691A6200BF1C37BD46B2
:10B9200080BC704780B487B000AFF860B9607A60BF
:10B930003B60FB681B6A7B61FB681B6A23F48072B7
:10B94000FB681A62FB68DB693B613B6923F0030318
:10B950003B613A697B6813433B613B6923F0F00329
:10B960003B613B681B01DBB23A6913433B617B6976
:10B9700023F400737B61BB681B0203F400737A69D4
:10B9800013437B61FB683A69DA61FB687A691A6282
:10B9900000BF1C37BD4680BC704780B487B000AF85
:10B9A000F860B9607A603B60FB681B6A7B61FB688A
:10B9B0001B6A23F48052FB681A62FB68DB693B61F7
:10B9C0003B6923F440733B617B681B023A69134374
:10B9D0003B613B6923F470433B613B681B039BB2B3
:10B9E0003A6913433B617B6923F400537B61BB6875
:10B9F0001B0303F400537A6913437B61FB683A69C4
:10BA0000DA61FB687A691A6200BF1C37BD4680BCE8
:10BA1000704780B487B000AFF860B9607A60BB68E7
:10BA200003F01F03012202FA03F37B61FB681A6A29
:10BA30007B69DB431A40FB681A62FB681A6ABB68C1
:10BA400003F01F03796801FA03F31A43FB681A62D3
:10BA500000BF1C37BD4680BC7047000080B485B075
:10BA600000AF786039607B6893F83C30012B01D1DE
:10BA7000022350E07B68012283F83C207B6802228D
:10BA800083F83D207B681B685B68FB607B681B68F4
:10BA90009B68BB60FB6823F07003FB603B681B681E
:10BAA000FA681343FB607B681B68FA685A607B681E
:10BAB0001B681B4A934218D07B681B68194A934243
:10BAC00013D07B681B68B3F1804F0ED07B681B6876
:10BAD000154A934209D07B681B68144A934204D0EC
:10BAE0007B681B68124A93420CD1BB6823F0800329
:10BAF000BB603B685B68BA681343BB607B681B68CC
:10BB0000BA689A607B68012283F83D207B68002236
:10BB100083F83C20002318461437BD4680BC70478C
:10BB2000002C0140003401400004004000080040A7
:10BB3000000C004080B485B000AF7860396000230D
:10BB4000FB607B6893F83C30012B01D102233DE080
:10BB50007B68012283F83C20FB6823F0FF023B68EE
:10BB6000DB681343FB60FB6823F440723B689B680F
:10BB70001343FB60FB6823F480623B685B681343FC
:10BB8000FB60FB6823F400623B681B681343FB60A7
:10BB9000FB6823F480523B681B691343FB60FB681E
:10BBA00023F400523B685B691343FB60FB6823F49A
:10BBB00080423B68DB691343FB607B681B68FA6863
:10BBC0005A647B68002283F83C200023184614370F
:10BBD000BD4680BC704780B483B000AF786000BFC2
:10BBE0000C37BD4680BC704780B483B000AF78602E
:10BBF00000BF0C37BD4680BC704780B582B000AF37
:10BC000078607B68002B01D1012342E07B6893F8C8
:10BC10004130DBB2002B06D17B68002283F8402044
:10BC20007868FAF7F3FA7B68242283F841207B686E
:10BC30001B68DA687B681B6822F40052DA60786857
:10BC400000F04EFE7B681B681A697B681B6822F453
:10BC500090421A617B681B685A697B681B6822F0F6
:10BC60002A025A617B681B68DA687B681B6842F4A9
:10BC70000052DA607B6800225A647B68202283F8D5
:10BC800041207B68202283F842207B6800225A638F
:10BC9000002318460837BD4680BD80B485B000AF8C
:10BCA000F860B9601346FB80FB6893F84130DBB263
:10BCB000202B21D1BB68002B02D0FB88002B01D1A7
:10BCC00001231AE0FB68BA681A62FB68FA889A8452
:10BCD000FB68FA88DA84FB6800225A64FB68212238
:10BCE00083F84120FB681B68DA68FB681B6842F038
:10BCF0008002DA60002300E0022318461437BD46B4
:10BD000080BC704780B584B000AFF860B96013465E
:10BD1000FB80FB6893F84230DBB2202B12D1BB686A
:10BD2000002B02D0FB88002B01D101230BE0FB6824
:10BD300000221A63FB881A46B968F86800F0E3FB32
:10BD4000034600E0022318461037BD4680BD0000C0
:10BD500080B59AB000AF78607B681B680C33BB6419
:10BD6000BB6C53E8003F7B647B6C23F490737B6671
:10BD70007B681B680C337A6E7A653B65396D7A6D2A
:10BD800041E80023FB64FB6C002BE5D17B681B685A
:10BD900014337B637B6B53E8003F3B633B6B23F0C7
:10BDA00001033B667B681B6814333A6E3A64FB639D
:10BDB000F96B3A6C41E80023BB63BB6B002BE5D108
:10BDC0007B681B6B012B19D17B681B680C333B62B2
:10BDD0003B6A53E8003FFB61FB6923F01003FB65FE
:10BDE0007B681B680C33FA6DFA62BB62B96AFA6A47
:10BDF00041E800237B627B6A002BE5D17B681B68EE
:10BE00005B6903F04003002B3FD07B681B68143351
:10BE1000FB60FB6853E8003FBB60BB6823F0400356
:10BE2000BB657B681B681433BA6DBA617B61796945
:10BE3000BA6941E800233B613B69002BE5D17B688F
:10BE4000DB6B002B13D07B68DB6B194A5A637B6872
:10BE5000DB6B1846FBF7D0FB0346002B22D07B6838
:10BE6000DB6B5B6B7A68D26B104698471AE07B6895
:10BE70000022DA857B68202283F842207B6800223A
:10BE80001A63786800F0A8FA0CE07B680022DA8573
:10BE90007B68202283F842207B6800221A6378683E
:10BEA00000F09AFA002318466837BD4680BD00BFEF
:10BEB00065C6010880B5BAB000AF78607B681B68C2
:10BEC0001B68C7F8E4307B681B68DB68C7F8E030A4
:10BED0007B681B685B69C7F8DC300023C7F8D83083
:10BEE0000023C7F8D430D7F8E43003F00F03C7F8C5
:10BEF000D830D7F8D830002B0FD1D7F8E43003F082
:10BF00002003002B09D0D7F8E03003F02003002BEA
:10BF100003D0786800F025FC5BE2D7F8D830002B1E
:10BF200000F0DE80D7F8DC3003F00103002B06D1EF
:10BF3000D7F8E03003F49073002B00F0D180D7F8ED
:10BF4000E43003F00103002B0BD0D7F8E03003F40A
:10BF50008073002B05D07B685B6C43F001027B682B
:10BF60005A64D7F8E43003F00403002B0BD0D7F861
:10BF7000DC3003F00103002B05D07B685B6C43F0E1
:10BF800002027B685A64D7F8E43003F00203002B06
:10BF90000BD0D7F8DC3003F00103002B05D07B6811
:10BFA0005B6C43F004027B685A64D7F8E43003F01A
:10BFB0000803002B11D0D7F8E03003F02003002B4A
:10BFC00005D1D7F8DC3003F00103002B05D07B68E6
:10BFD0005B6C43F008027B685A647B685B6C002BE7
:10BFE00000F0F281D7F8E43003F02003002B08D0F2
:10BFF000D7F8E03003F02003002B02D0786800F07F
:10C00000B0FB7B681B685B6903F04003002B14BF27
:10C0100001230023DBB2C7F8D4307B685B6C03F0EC
:10C020000803002B03D1D7F8D430002B4FD0786809
:10C0300000F0A2FA7B681B685B6903F04003002BE9
:10C0400041D07B681B681433C7F89C30D7F89C300C
:10C0500053E8003FC7F89830D7F8983023F04003F2
:10C06000C7F8D0307B681B681433D7F8D020C7F8E6
:10C07000A820C7F8A430D7F8A410D7F8A82041E822
:10C080000023C7F8A030D7F8A030002BD9D17B68A7
:10C09000DB6B002B13D07B68DB6B7E4A5A637B68BB
:10C0A000DB6B1846FBF7A8FA0346002B16D07B681B
:10C0B000DB6B5B6B7A68D26B104698470EE0786852
:10C0C00005F04AFD0AE0786805F046FD06E078686C
:10C0D00005F042FD7B6800225A6475E100BF73E100
:10C0E0007B681B6B012B40F04F81D7F8E43003F0E5
:10C0F0001003002B00F04881D7F8E03003F0100364
:10C10000002B00F041810023BB607B681B681B682B
:10C11000BB607B681B685B68BB60BB687B681B6837
:10C120005B6903F04003002B00F0B6807B68DB6B9B
:10C130001B685B68A7F8BE30B7F8BE30002B00F074
:10C1400045817B689B8DB7F8BE209A4280F03E8186
:10C150007B68B7F8BE20DA857B68DB6B9B69202B98
:10C1600000F088807B681B680C33C7F88830D7F8EC
:10C17000883053E8003FC7F88430D7F8843023F480
:10C180008073C7F8B8307B681B680C33D7F8B820C9
:10C19000C7F89420C7F89030D7F89010D7F89420BB
:10C1A00041E80023C7F88C30D7F88C30002BD9D168
:10C1B0007B681B6814337B677B6F53E8003F3B67EA
:10C1C0003B6F23F00103C7F8B4307B681B6814335E
:10C1D000D7F8B420C7F88020FB67F96FD7F8802024
:10C1E00041E80023BB67BB6F002BE1D17B681B6874
:10C1F00014333B663B6E53E8003FFB65FB6D23F059
:10C200004003C7F8B0307B681B681433D7F8B02000
:10C21000FA66BB66B96EFA6E41E800237B667B6EF8
:10C22000002BE3D17B68202283F842207B68002228
:10C230001A637B681B680C33FB64FB6C53E8003F9C
:10C24000BB64BB6C23F01003C7F8AC307B681B6881
:10C250000C33D7F8AC20BA657B65796DBA6D41E8CF
:10C2600000233B653B6D002BE3D17B68DB6B1846FD
:10C27000FBF787F97B6802225A637B689A8D7B689B
:10C28000DB8D9BB2D31A9BB21946786800F0ADF8EB
:10C290009CE000BF3DC601087B689A8D7B68DB8D02
:10C2A0009BB2D31AA7F8CE307B68DB8D9BB2002BF4
:10C2B00000F08E80B7F8CE30002B00F089807B68CC
:10C2C0001B680C33BB63BB6B53E8003F7B637B6B2A
:10C2D00023F49073C7F8C8307B681B680C33D7F819
:10C2E000C8207A643B64396C7A6C41E80023FB63B4
:10C2F000FB6B002BE3D17B681B6814337B627B6A8A
:10C3000053E8003F3B623B6A23F00103C7F8C430A7
:10C310007B681B681433D7F8C4203A63FB62F96A60
:10C320003A6B41E80023BB62BB6A002BE3D17B6818
:10C33000202283F842207B6800221A637B681B68F6
:10C340000C333B613B6953E8003FFB60FB6823F023
:10C350001003C7F8C0307B681B680C33D7F8C020C7
:10C36000FA61BB61B969FA6941E800237B617B69C5
:10C37000002BE3D17B6802225A63B7F8CE3019460E
:10C38000786800F032F823E0D7F8E43003F0800357
:10C39000002B09D0D7F8E03003F08003002B03D046
:10C3A000786800F077F914E0D7F8E43003F0400340
:10C3B000002B0ED0D7F8E03003F04003002B08D05C
:10C3C000786800F0B6F904E000BF02E000BF00E0CA
:10C3D00000BFE837BD4680BD80B483B000AF786051
:10C3E00000BF0C37BD4680BC704780B483B000AF3F
:10C3F00078600B467B8000BF0C37BD4680BC704721
:10C4000080B485B000AF78600023FB607B6893F850
:10C410004030012B01D1022320E07B68012283F808
:10C4200040207B68242283F841207B681B68DB68FE
:10C43000FB60FB6823F00C03FB60FB6843F0080320
:10C44000FB607B681B68FA68DA607B68202283F8EF
:10C4500041207B68002283F84020002318461437CF
:10C46000BD4680BC704780B485B000AF78600023C3
:10C47000FB607B6893F84030012B01D1022320E060
:10C480007B68012283F840207B68242283F84120C6
:10C490007B681B68DB68FB60FB6823F00C03FB60B8
:10C4A000FB6843F00403FB607B681B68FA68DA6092
:10C4B0007B68202283F841207B68002283F840209B
:10C4C000002318461437BD4680BC704780B485B041
:10C4D00000AF78600023FB600023BB607B6893F8AB
:10C4E0004130DBB2FB607B6893F84230DBB2BB606B
:10C4F000FB68DAB2BB68DBB21343DBB21846143711
:10C50000BD4680BC704780B485B000AFF860B960AC
:10C510001346FB80FB68BA689A62FB68FA889A85C2
:10C52000FB68FA88DA85FB6800225A64FB682222DD
:10C5300083F84220FB681B69002B07D0FB681B684F
:10C54000DA68FB681B6842F48072DA60FB681B687B
:10C550005A69FB681B6842F001025A61FB681B685C
:10C56000DA68FB681B6842F02002DA600023184694
:10C570001437BD4680BC704780B495B000AF78607A
:10C580007B681B680C337B637B6B53E8003F3B632A
:10C590003B6B23F49073FB647B681B680C33FA6C71
:10C5A0003A64FB63F96B3A6C41E80023BB63BB6BF5
:10C5B000002BE5D17B681B6814333B623B6A53E870
:10C5C000003FFB61FB6923F00103BB647B681B68D0
:10C5D0001433BA6CFA62BB62B96AFA6A41E80023A2
:10C5E0007B627B6A002BE5D17B681B6B012B19D129
:10C5F0007B681B680C33FB60FB6853E8003FBB6043
:10C60000BB6823F010037B647B681B680C337A6C77
:10C61000BA617B617969BA6941E800233B613B6992
:10C62000002BE5D17B68202283F842207B68002222
:10C630001A6300BF5437BD4680BC704780B584B0D4
:10C6400000AF78607B685B6AFB60FB680022DA857C
:10C65000FB680022DA84F86805F07EFA00BF103724
:10C66000BD4680BD80B584B000AF78607B685B6AF2
:10C67000FB60FB680022DA85FB68202283F84220F9
:10C68000FB6800221A63F868FFF7A6FE00BF1037A8
:10C69000BD4680BD80B485B000AF78607B6893F8FC
:10C6A0004130DBB2212B3ED17B689B68B3F5805FC4
:10C6B00014D17B681B69002B10D17B681B6AFB605F
:10C6C000FB681B881A467B681B68C2F308025A6025
:10C6D0007B681B6A9A1C7B681A6208E07B681B6A8D
:10C6E000591C7A6811621A787B681B685A607B68EB
:10C6F000DB8C9BB2013B9BB27A681946D184002B3C
:10C700000FD17B681B68DA687B681B6822F08002A7
:10C71000DA607B681B68DA687B681B6842F040025D
:10C72000DA60002300E0022318461437BD4680BCBF
:10C73000704780B582B000AF78607B681B68DA68AC
:10C740007B681B6822F04002DA607B68202283F855
:10C750004120786805F058F9002318460837BD468F
:10C7600080BD80B58CB000AF78607B6893F84230B4
:10C77000DBB2222B40F0AE807B689B68B3F5805F14
:10C7800017D17B681B69002B13D10023FB627B68E8
:10C790009B6ABB627B681B685B689BB2C3F3080340
:10C7A0009AB2BB6A1A807B689B6A9A1C7B689A6201
:10C7B00026E07B689B6AFB620023BB627B689B6808
:10C7C000B3F5805F07D07B689B68002B0AD17B683C
:10C7D0001B69002B06D17B681B685B68DAB2FB6AB9
:10C7E0001A7008E07B681B685B68DBB203F07F03AC
:10C7F000DAB2FB6A1A707B689B6A5A1C7B689A6281
:10C800007B68DB8D9BB2013B9BB27A681946D18570
:10C81000002B5DD17B681B68DA687B681B6822F09F
:10C820002002DA607B681B68DA687B681B6822F488
:10C830008072DA607B681B685A697B681B6822F02B
:10C8400001025A617B68202283F842207B68002223
:10C850005A637B681B6B012B35D17B6800221A63FE
:10C860007B681B680C337B617B6953E8003F3B614D
:10C870003B6923F010037B627B681B680C337A6A88
:10C880003A62FB61F9693A6A41E80023BB61BB691E
:10C89000002BE5D17B681B681B6803F01003102B8D
:10C8A0000AD10023FB607B681B681B68FB607B6808
:10C8B0001B685B68FB60FB687B689B8D194678682A
:10C8C000FFF793FD02E0786805F0DCF8002302E052
:10C8D000002300E0022318463037BD4680BD00002B
:10C8E00080B584B000AF78607B681B681B6923F457
:10C8F00040517B68DA687B681B680A431A617B6871
:10C900009A687B681B691A437B685B691343BB6049
:10C910007B681B68DB6823F4B05323F00C037A6850
:10C920001268B9680B43D3607B681B685B6923F4AA
:10C9300040717B689A697B681B680A435A617B680F
:10C940001B682C4A934203D1FDF772FDF86002E0A8
:10C95000FDF75AFDF860FA6813469B0013449A00ED
:10C960001A447B685B689B00B2FBF3F3224AA2FB8C
:10C9700003235B091901FA6813469B0013449A00CC
:10C980001A447B685B689B00B2FBF3F21A4BA3FB73
:10C9900002035B09642000FB03F3D31A1B0132334B
:10C9A000154AA2FB03235B0903F0F0031944FA685C
:10C9B00013469B0013449A001A447B685B689B00F3
:10C9C000B2FBF3F20C4BA3FB02035B09642000FBF8
:10C9D00003F3D31A1B013233074AA2FB03235B097B
:10C9E00003F00F027B681B680A449A6000BF10378F
:10C9F000BD4680BD003801401F85EB5180B485B035
:10CA000000AFEFF30583BB60BB68002B0FD1EFF3E2
:10CA100010837B607B68002B09D1104B1B68022BB5
:10CA200009D1EFF311833B603B68002B03D06FF01B
:10CA30000503FB600CE0094B1B68002B05D1074B7D
:10CA400001221A600023FB6002E04FF0FF33FB601D
:10CA5000FB6818461437BD4680BC7047A809002003
:10CA600080B584B000AFEFF30583BB60BB68002BDB
:10CA70000FD1EFF310837B607B68002B09D1114B42
:10CA80001B68022B09D1EFF311833B603B68002B3D
:10CA900003D06FF00503FB600EE00A4B1B68012B0F
:10CAA00007D1084B02221A6001F0A2FE0023FB60AE
:10CAB00002E04FF0FF33FB60FB6818461037BD46BD
:10CAC00080BD00BFA809002080B592B004AFF86017
:10CAD000B9607A6000237B61EFF305837B627B6A38
:10CAE000002B40F09480EFF310833B623B6A002BF5
:10CAF00040F08D80484B1B68022B06D1EFF3118369
:10CB0000FB61FB69002B40F08280FB68002B7ED02C
:10CB100080233B631823FB620023FB7607F11B0392
:10CB20007B634FF0FF33BB627B68002B45D07B6893
:10CB30001B68002B02D07B681B687B637B689B694A
:10CB4000002B02D07B689B69FB62FB6A002B08D03C
:10CB5000FB6A382B05D87B685B6803F00103002B68
:10CB600001D0002354E07B685B69002B03D07B6815
:10CB70005B699B083B637B689B68002B0ED07B68DE
:10CB8000DB68A72B0AD97B681B69002B06D07B6862
:10CB90005B69002B02D00123BB6210E07B689B68BD
:10CBA000002B0CD17B68DB68002B08D17B681B69EC
:10CBB000002B04D10023BB6201E00023BB62BB6AEF
:10CBC000012B10D17B681B697A68926802920193ED
:10CBD000FB6A0093BB683A6B796BF86801F01EFC46
:10CBE00003467B6113E0BB6A002B10D13B6B9AB20A
:10CBF00007F114030193FB6A0093BB68796BF86833
:10CC000001F06BFC0346012B01D000237B617B69A3
:10CC100018463837BD4680BDA809002080B586B0CB
:10CC200000AF7860EFF305833B613B69002B0FD1C8
:10CC3000EFF31083FB60FB68002B09D10D4B1B68E1
:10CC4000022B09D1EFF31183BB60BB68002B03D02B
:10CC50006FF005037B6107E000237B617B68002B9D
:10CC600002D0786801F08EFD7B6918461837BD4602
:10CC700080BD00BFA809002080B58CB002AFF8606D
:10CC8000B9607A6000237B62EFF30583BB61BB6907
:10CC9000002B40F08680EFF310837B617B69002BD3
:10CCA0007FD1424B1B68022B05D1EFF311833B610F
:10CCB0003B69002B75D1FB68002B72D0BA68FB680A
:10CCC0009A426ED84FF0FF333B627B68002B15D041
:10CCD0007B689B68002B06D07B68DB684F2B02D9F2
:10CCE00001233B620CE07B689B68002B08D17B68CA
:10CCF000DB68002B04D100233B6201E000233B6290
:10CD00003B6AB3F1FF3F4CD0FB68012B28D13B6A53
:10CD1000012B0AD17B689B6803220092002200212C
:10CD2000012000F0BBFB786205E003220021012016
:10CD300000F030FC78627B6A002B22D0BB68002BAD
:10CD40001FD0002300220021786A00F0F3FC034684
:10CD5000012B16D0786A01F08FF900237B6210E076
:10CD60003B6A012B08D17B689B681A46B968F86852
:10CD700000F072FC786204E0B968F86800F0A5FC85
:10CD800078627B6A002B0CD07B68002B03D07B6819
:10CD90001B68FB6101E00023FB61F969786A01F01F
:10CDA000B7FA7B6A18462837BD4680BDA80900201F
:10CDB00080B588B000AF786039607B68BB610023C4
:10CDC000FB61BB69002B03D16FF00303FB614BE0F8
:10CDD000EFF305837B617B69002B0FD1EFF31083A9
:10CDE0003B613B69002B09D1224B1B68022B28D1E8
:10CDF000EFF31183FB60FB68002B22D03B68002B14
:10CE000003D06FF00303FB612DE00023BB6007F14B
:10CE100008031A460021B86901F0ACF80346012B5B
:10CE200003D06FF00203FB611DE0BB68002B1AD03A
:10CE3000114B4FF080521A60BFF34F8FBFF36F8FCB
:10CE400011E03968B86900F085FF0346012B0BD06B
:10CE50003B68002B03D06FF00103FB6104E06FF02F
:10CE60000203FB6100E000BFFB6918462037BD46A6
:10CE700080BD00BFA809002004ED00E080B588B0A7
:10CE800000AF78607B68BB610023FB61BB69002B4E
:10CE900003D16FF00303FB613EE0EFF305837B6199
:10CEA0007B69002B0FD1EFF310833B613B69002BB3
:10CEB00009D11C4B1B68022B20D1EFF31183FB60BF
:10CEC000FB68002B1AD00023BB6007F1080319464A
:10CED000B86900F0CCFD0346012B03D06FF00203CC
:10CEE000FB6118E0BB68002B15D00F4B4FF0805250
:10CEF0001A60BFF34F8FBFF36F8F0CE00023002247
:10CF00000021B86900F016FC0346012B04D06FF035
:10CF10000203FB6100E000BFFB6918462037BD46F5
:10CF200080BD00BFA809002004ED00E080B58CB0F2
:10CF300002AFF860B9607A6000237B62EFF305838B
:10CF4000BB61BB69002B6FD1EFF310837B617B6901
:10CF5000002B69D1374B1B68022B05D1EFF31183EE
:10CF60003B613B69002B5FD1FB68002B5CD0BB6849
:10CF7000002B59D04FF0FF333B627B68002B29D048
:10CF80007B689B68002B12D07B68DB684F2B0ED927
:10CF90007B681B69002B0AD07B685A69FB68B968FB
:10CFA00001FB03F39A4202D301233B6214E07B6846
:10CFB0009B68002B10D17B68DB68002B0CD17B6851
:10CFC0001B69002B08D17B685B69002B04D100230F
:10CFD0003B6201E000233B623B6A012B0BD17B6883
:10CFE0001A697B689B6800210091B968F86800F0B5
:10CFF00055FA786208E03B6A002B05D10022B96837
:10D00000F86800F0C7FA78627B6A002B0CD07B6866
:10D01000002B03D07B681B68FB6101E00023FB61F0
:10D02000F969786A01F074F97B6A18462837BD46B9
:10D0300080BD00BFA809002080B58AB000AFF860AD
:10D04000B9603B601346FB71FB683B6200237B6267
:10D05000EFF30583FB61FB69002B0FD1EFF3108326
:10D06000BB61BB69002B09D12B4B1B68022B2ED156
:10D07000EFF311837B617B69002B28D03B6A002B87
:10D0800005D0BB68002B02D03B68002B03D06FF0AB
:10D0900003037B6239E000233B6107F110020023A8
:10D0A000B968386A00F048FC0346012B03D06FF0E2
:10D0B00002037B6229E03B69002B26D0174B4FF01F
:10D0C00080521A60BFF34F8FBFF36F8F1DE03B6A32
:10D0D000002B02D0BB68002B03D16FF003037B62EF
:10D0E00014E000233A68B968386A00F023FB03466D
:10D0F000012B0BD03B68002B03D06FF001037B6248
:10D1000004E06FF002037B6200E000BF7B6A184618
:10D110002837BD4680BD00BFA809002004ED00E00F
:10D1200080B58AB000AFF860B9607A603B60FB6898
:10D130003B6200237B62EFF30583FB61FB69002BFD
:10D140000FD1EFF31083BB61BB69002B09D12B4BCF
:10D150001B68022B2ED1EFF311837B617B69002BBF
:10D1600028D03B6A002B05D0BB68002B02D03B685F
:10D17000002B03D06FF003037B6238E000233B6198
:10D1800007F110031A46B968386A00F0F3FE034647
:10D19000012B03D06FF002037B6228E03B69002B78
:10D1A00025D0174B4FF080521A60BFF34F8FBFF35B
:10D1B0006F8F1CE03B6A002B02D0BB68002B03D1B1
:10D1C0006FF003037B6213E03A68B968386A00F0D5
:10D1D000DFFC0346012B0BD03B68002B03D06FF024
:10D1E00001037B6204E06FF002037B6200E000BF9A
:10D1F0007B6A18462837BD4680BD00BFA8090020BD
:10D2000004ED00E080B485B000AFF860B9607A60EA
:10D21000FB68064A1A60BB68054A1A607B68802270
:10D220001A6000BF1437BD4680BC7047AC090020AF
:10D23000540A002080B485B000AFF860B9607A600D
:10D24000FB68074A1A60BB68064A1A607B684FF49D
:10D2500080721A6000BF1437BD4680BC704700BFA3
:10D26000540C0020FC0C002080B483B000AF786028
:10D270007B6803F108027B685A607B684FF0FF32DD
:10D280009A607B6803F108027B68DA607B6803F1CF
:10D2900008027B681A617B6800221A6000BF0C37A5
:10D2A000BD4680BC704780B483B000AF78607B68B7
:10D2B00000221A6100BF0C37BD4680BC704780B4A5
:10D2C00085B000AF786039607B685B68FB603B6865
:10D2D000FA685A60FB689A683B689A60FB689B68CA
:10D2E0003A685A60FB683A689A603B687A681A61E3
:10D2F0007B681B685A1C7B681A6000BF1437BD46E8
:10D3000080BC704780B485B000AF786039603B68FE
:10D310001B68BB60BB68B3F1FF3F03D17B681B692F
:10D32000FB600CE07B680833FB6002E0FB685B6835
:10D33000FB60FB685B681B68BA689A42F6D2FB68C0
:10D340005A683B685A603B685B683A689A603B6819
:10D35000FA689A60FB683A685A603B687A681A61B2
:10D360007B681B685A1C7B681A6000BF1437BD4677
:10D3700080BC704780B485B000AF78607B681B6963
:10D38000FB607B685B687A6892689A607B689B68E0
:10D390007A6852685A60FB685B687A689A4203D17F
:10D3A0007B689A68FB685A607B6800221A61FB6898
:10D3B0001B685A1EFB681A60FB681B681846143706
:10D3C000BD4680BC7047000080B584B000AF786077
:10D3D00039607B68FB60FB68002B0BD14FF050037A
:10D3E00083F31188BFF36F8FBFF34F8FBB6000BF14
:10D3F00000BFFDE702F0BAFEFB681A68FB68DB6B52
:10D40000F968096C01FB03F31A44FB685A60FB6876
:10D4100000229A63FB681A68FB689A60FB681A68C6
:10D42000FB68DB6B013BF968096C01FB03F31A44F1
:10D43000FB68DA60FB68FF2283F84420FB68FF2268
:10D4400083F845203B68002B14D1FB681B69002B37
:10D450001AD0FB681033184601F0A2FC0346002BDB
:10D4600012D00D4B4FF080521A60BFF34F8FBFF3B5
:10D470006F8F09E0FB6810331846FFF7F5FEFB6875
:10D4800024331846FFF7F0FE02F0A0FE01231846F1
:10D490001037BD4680BD00BF04ED00E080B58EB002
:10D4A00002AFF860B9607A603B60FB68002B0BD17B
:10D4B0004FF0500383F31188BFF36F8FBFF34F8F8B
:10D4C000BB6200BF00BFFDE73B68002B0BD14FF0F4
:10D4D000500383F31188BFF36F8FBFF34F8F7B62CD
:10D4E00000BF00BFFDE77B68002B02D0BB68002BAC
:10D4F00001D0012300E00023002B0BD14FF050039B
:10D5000083F31188BFF36F8FBFF34F8F3B6200BF70
:10D5100000BFFDE77B68002B02D1BB68002B01D167
:10D52000012300E00023002B0BD14FF0500383F3C5
:10D530001188BFF36F8FBFF34F8FFB6100BF00BF38
:10D54000FDE750237B617B69502B0BD04FF05003DC
:10D5500083F31188BFF36F8FBFF34F8FBB6100BFA1
:10D5600000BFFDE73B68FB62FB6A002B0DD0FB6A46
:10D57000012283F8462097F83820FB6A009313466F
:10D580007A68B968F86800F044F8FB6A18463037E2
:10D59000BD4680BD80B58AB002AFF860B960134661
:10D5A000FB71FB68002B0BD14FF0500383F3118804
:10D5B000BFF36F8FBFF34F8F3B6100BF00BFFDE72D
:10D5C000BB68002B02D10023FB6104E0FB68BA6852
:10D5D00002FB03F3FB61FB695033184602F0C8FEFF
:10D5E000B861BB69002B0FD0BB6950337B61BB694D
:10D5F000002283F84620FA79BB69009313467A69C2
:10D60000B968F86800F005F8BB6918462037BD46D0
:10D6100080BD80B584B000AFF860B9607A60FB70FF
:10D62000BB68002B03D1BB69BA691A6002E0BB6911
:10D630007A681A60BB69FA68DA63BB69BA681A6407
:10D640000121B869FFF7C0FEBB69FA7883F84C2066
:10D6500000BF1037BD4680BD80B58AB002AFF8600C
:10D66000B9607A60FB68002B0BD14FF0500383F355
:10D670001188BFF36F8FBFF34F8FBB6100BF00BF37
:10D68000FDE7BA68FB689A420BD94FF0500383F369
:10D690001188BFF36F8FBFF34F8F7B6100BF00BF57
:10D6A000FDE7022300937B6800220021F868FFF762
:10D6B000F5FEF861FB69002B02D0FB69BA689A633A
:10D6C000FB6918462037BD4680BD80B586B000AFE7
:10D6D000786039607B68002B0BD14FF0500383F3E7
:10D6E0001188BFF36F8FBFF34F8F3B6100BF00BF47
:10D6F000FDE73A687B689A420BD94FF0500383F3F9
:10D700001188BFF36F8FBFF34F8FFB6000BF00BF67
:10D71000FDE7022200217868FFF73CFF78617B6912
:10D72000002B02D07B693A689A637B6918461837E8
:10D73000BD4680BD80B58EB000AFF860B9607A603C
:10D740003B6000237B63FB683B633B6B002B0BD18F
:10D750004FF0500383F31188BFF36F8FBFF34F8FE8
:10D76000BB6200BF00BFFDE7BB68002B03D13B6B72
:10D770001B6C002B01D1012300E00023002B0BD1F7
:10D780004FF0500383F31188BFF36F8FBFF34F8FB8
:10D790007B6200BF00BFFDE73B68022B03D13B6B00
:10D7A000DB6B012B01D1012300E00023002B0BD107
:10D7B0004FF0500383F31188BFF36F8FBFF34F8F88
:10D7C0003B6200BF00BFFDE701F0B4FC0346002B45
:10D7D00002D17B68002B01D1012300E00023002B44
:10D7E0000BD14FF0500383F31188BFF36F8FBFF35A
:10D7F0004F8FFB6100BF00BFFDE702F0B7FC3B6B42
:10D800009A6B3B6BDB6B9A4202D33B68022B29D1AC
:10D810003A68B968386B00F06AFCF8623B6B5B6A87
:10D82000002B10D03B6B2433184601F0B9FA0346A5
:10D83000002B13D03F4B4FF080521A60BFF34F8F35
:10D84000BFF36F8F0AE0FB6A002B07D0394B4FF014
:10D8500080521A60BFF34F8FBFF36F8F02F0B6FC98
:10D86000012363E07B68002B03D102F0AFFC0023AF
:10D870005CE07B6B002B06D107F11403184601F026
:10D88000F3FA01237B6302F0A1FC01F021F802F01E
:10D890006DFC3B6B93F844305BB2B3F1FF3F03D1B7
:10D8A0003B6B002283F844203B6B93F845305BB21E
:10D8B000B3F1FF3F03D13B6B002283F8452002F018
:10D8C00085FC3A1D07F114031146184601F0E2FAEF
:10D8D0000346002B24D1386B00F001FD0346002BDA
:10D8E00018D03B6B10337A681146184601F006FADF
:10D8F000386B00F08CFC00F0F9FF0346002B7FF43E
:10D900007CAF0C4B4FF080521A60BFF34F8FBFF3C8
:10D910006F8F72E7386B00F07AFC00F0E7FF6CE77E
:10D92000386B00F074FC00F0E1FF00231846383734
:10D93000BD4680BD04ED00E080B58EB000AFF8605C
:10D94000B9607A603B60FB683B633B6B002B0BD19B
:10D950004FF0500383F31188BFF36F8FBFF34F8FE6
:10D960007B6200BF00BFFDE7BB68002B03D13B6BB0
:10D970001B6C002B01D1012300E00023002B0BD1F5
:10D980004FF0500383F31188BFF36F8FBFF34F8FB6
:10D990003B6200BF00BFFDE73B68022B03D13B6B3E
:10D9A000DB6B012B01D1012300E00023002B0BD105
:10D9B0004FF0500383F31188BFF36F8FBFF34F8F86
:10D9C000FB6100BF00BFFDE702F092FCEFF31182A4
:10D9D0004FF0500383F31188BFF36F8FBFF34F8F66
:10D9E000BA617B61BB69FB623B6B9A6B3B6BDB6B28
:10D9F0009A4202D33B68022B2CD13B6B93F8453003
:10DA000087F82B303A68B968386B00F070FB97F9EB
:10DA10002B30B3F1FF3F12D13B6B5B6A002B16D06A
:10DA20003B6B2433184601F0BBF90346002B0ED0A4
:10DA30007B68002B0BD07B6801221A6007E097F807
:10DA40002B300133DBB25AB23B6B83F84520012304
:10DA50007B6301E000237B63FB6A3B613B6983F3EB
:10DA6000118800BF7B6B18463837BD4680BD80B536
:10DA70008EB000AF786039607B683B633B6B002BF6
:10DA80000BD14FF0500383F31188BFF36F8FBFF3B7
:10DA90004F8F3B6200BF00BFFDE73B6B1B6C002B51
:10DAA0000BD04FF0500383F31188BFF36F8FBFF398
:10DAB0004F8FFB6100BF00BFFDE73B6B1B68002B76
:10DAC00003D13B6B5B68002B01D1012300E00023F5
:10DAD000002B0BD14FF0500383F31188BFF36F8FEE
:10DAE000BFF34F8FBB6100BF00BFFDE702F000FC3A
:10DAF000EFF311824FF0500383F31188BFF36F8F60
:10DB0000BFF34F8F7A613B617B69FB623B6B9B6B21
:10DB1000BB623B6BDB6BBA6A9A422BD23B6B93F8CE
:10DB2000453087F82730BB6A5A1C3B6B9A6397F9DC
:10DB30002730B3F1FF3F12D13B6B5B6A002B16D04D
:10DB40003B6B2433184601F02BF90346002B0ED013
:10DB50003B68002B0BD03B6801221A6007E097F866
:10DB600027300133DBB25AB23B6B83F845200123E7
:10DB70007B6301E000237B63FB6AFB60FB6883F34C
:10DB8000118800BF7B6B18463837BD4680BD00004A
:10DB900080B58CB000AFF860B9607A600023FB629A
:10DBA000FB68BB62BB6A002B0BD14FF0500383F3C1
:10DBB0001188BFF36F8FBFF34F8F3B6200BF00BF71
:10DBC000FDE7BB68002B03D1BB6A1B6C002B01D1A6
:10DBD000012300E00023002B0BD14FF0500383F30F
:10DBE0001188BFF36F8FBFF34F8FFB6100BF00BF82
:10DBF000FDE701F09FFA0346002B02D17B68002B62
:10DC000001D1012300E00023002B0BD14FF0500382
:10DC100083F31188BFF36F8FBFF34F8FBB6100BFDA
:10DC200000BFFDE702F0A2FABB6A9B6B7B627B6AD6
:10DC3000002B1FD0B968B86A00F0C3FA7B6A5A1E7D
:10DC4000BB6A9A63BB6A1B69002B0FD0BB6A103397
:10DC5000184601F0A5F80346002B07D03C4B4FF0C7
:10DC600080521A60BFF34F8FBFF36F8F02F0AEFA8E
:10DC7000012369E07B68002B03D102F0A7FA00239F
:10DC800062E0FB6A002B06D107F11003184601F091
:10DC9000EBF80123FB6202F099FA00F019FE02F0A2
:10DCA00065FABB6A93F844305BB2B3F1FF3F03D12E
:10DCB000BB6A002283F84420BB6A93F845305BB20C
:10DCC000B3F1FF3F03D1BB6A002283F8452002F085
:10DCD0007DFA3A1D07F110031146184601F0DAF8F3
:10DCE0000346002B23D1B86A00F0E3FA0346002B69
:10DCF00017D0BB6A24337A681146184600F0FEFF3D
:10DD0000B86A00F084FA00F0F1FD0346002B89D1D7
:10DD10000F4B4FF080521A60BFF34F8FBFF36F8FDE
:10DD200080E7B86A00F073FA00F0E0FD7AE7B86ABD
:10DD300000F06DFA00F0DAFDB86A00F0BAFA0346B6
:10DD4000002B3FF46FAF002318463037BD4680BD2F
:10DD500004ED00E080B58EB000AF7860396000233C
:10DD60007B637B68FB6200233B63FB6A002B0BD168
:10DD70004FF0500383F31188BFF36F8FBFF34F8FC2
:10DD80003B6200BF00BFFDE7FB6A1B6C002B0BD0A2
:10DD90004FF0500383F31188BFF36F8FBFF34F8FA2
:10DDA000FB6100BF00BFFDE701F0C4F90346002B93
:10DDB00002D13B68002B01D1012300E00023002B9E
:10DDC0000BD14FF0500383F31188BFF36F8FBFF374
:10DDD0004F8FBB6100BF00BFFDE702F0C7F9FB6AD0
:10DDE0009B6BBB62BB6A002B24D0BB6A5A1EFB6ACA
:10DDF0009A63FB6A1B68002B04D101F01FFB0246EB
:10DE0000FB6A5A60FB6A1B69002B0FD0FB6A103358
:10DE1000184600F0C5FF0346002B07D0544B4FF0C7
:10DE200080521A60BFF34F8FBFF36F8F02F0CEF9AD
:10DE3000012398E03B68002B12D13B6B002B0BD0E9
:10DE40004FF0500383F31188BFF36F8FBFF34F8FF1
:10DE50007B6100BF00BFFDE702F0B8F9002382E05C
:10DE60007B6B002B06D107F10C03184600F0FCFF7A
:10DE700001237B6302F0AAF900F02AFD02F076F993
:10DE8000FB6A93F844305BB2B3F1FF3F03D1FB6A06
:10DE9000002283F84420FB6A93F845305BB2B3F16B
:10DEA000FF3F03D1FB6A002283F8452002F08EF980
:10DEB0003A4607F10C031146184600F0EBFF034603
:10DEC000002B32D1F86A00F0F4F90346002B26D07B
:10DED000FB6A1B68002B09D102F048F9FB6A5B68FA
:10DEE000184601F045F9386302F070F9FB6A2433F3
:10DEF0003A681146184600F001FFF86A00F087F909
:10DF000000F0F4FC0346002B7FF467AF184B4FF092
:10DF100080521A60BFF34F8FBFF36F8F5DE7F86ACF
:10DF200000F075F900F0E2FC57E7F86A00F06FF9CD
:10DF300000F0DCFCF86A00F0BCF90346002B3FF46B
:10DF40004CAF3B6B002B0DD002F010F9F86A00F0DB
:10DF5000B7F87862FB6A5B68796A184601F0E6F9FF
:10DF600002F034F9002318463837BD4680BD00BFA3
:10DF700004ED00E080B58EB000AFF860B9607A6063
:10DF8000FB683B633B6B002B0BD14FF0500383F3DB
:10DF90001188BFF36F8FBFF34F8F3B6200BF00BF8D
:10DFA000FDE7BB68002B03D13B6B1B6C002B01D141
:10DFB000012300E00023002B0BD14FF0500383F32B
:10DFC0001188BFF36F8FBFF34F8FFB6100BF00BF9E
:10DFD000FDE702F08DF9EFF311824FF0500383F368
:10DFE0001188BFF36F8FBFF34F8FBA617B61BB693D
:10DFF000FB623B6B9B6BBB62BB6A002B2FD03B6B06
:10E0000093F8443087F82730B968386B00F0D9F8B6
:10E01000BB6A5A1E3B6B9A6397F92730B3F1FF3FF7
:10E0200012D13B6B1B69002B16D03B6B103318468B
:10E0300000F0B6FE0346002B0ED07B68002B0BD001
:10E040007B6801221A6007E097F827300133DBB2C2
:10E050005AB23B6B83F8442001237B6301E0002329
:10E060007B63FB6A3B613B6983F3118800BF7B6B79
:10E0700018463837BD4680BD80B584B000AF7860A3
:10E080007B68FB60FB68002B0BD14FF0500383F3E0
:10E090001188BFF36F8FBFF34F8FBB6000BF00BF0E
:10E0A000FDE7F86800F05CF9FB6893F84630002B58
:10E0B00002D1F86802F028FA00BF1037BD4680BDD3
:10E0C00080B485B000AF78607B685B6A002B06D0B7
:10E0D0007B681B6B1B68C3F13803FB6001E0002306
:10E0E000FB60FB6818461437BD4680BC704780B59E
:10E0F00086B000AFF860B9607A6000237B61FB688E
:10E100009B6B3B61FB681B6C002B0DD1FB681B6894
:10E11000002B4DD1FB685B68184601F097F87861D9
:10E12000FB6800225A6043E07B68002B19D1FB6832
:10E130009868FB681B6C1A46B96803F045FEFB68DB
:10E140009A68FB681B6C1A44FB689A60FB689A68C3
:10E15000FB685B689A422BD3FB681A68FB689A607D
:10E1600026E0FB68D868FB681B6C1A46B96803F0A8
:10E170002BFEFB68DA68FB681B6C5B421A44FB6889
:10E18000DA60FB68DA68FB681B689A4207D2FB68B2
:10E190005A68FB681B6C5B421A44FB68DA607B6858
:10E1A000022B05D13B69002B02D03B69013B3B614F
:10E1B0003B695A1CFB689A637B6918461837BD4651
:10E1C00080BD80B582B000AF786039607B681B6C21
:10E1D000002B18D07B68DA687B681B6C1A447B685C
:10E1E000DA607B68DA687B685B689A4203D37B6895
:10E1F0001A687B68DA607B68D9687B681B6C1A4692
:10E20000386803F0E1FD00BF0837BD4680BD80B52A
:10E2100084B000AF786001F0A9FF7B6893F84530C7
:10E22000FB7311E07B685B6A002B12D07B682433A0
:10E23000184600F0B5FD0346002B01D000F08EFE1D
:10E24000FB7B013BDBB2FB7397F90F30002BE9DC62
:10E2500000E000BF7B68FF2283F8452001F0B6FF95
:10E2600001F084FF7B6893F84430BB7311E07B6856
:10E270001B69002B12D07B681033184600F090FD0C
:10E280000346002B01D000F069FEBB7B013BDBB2F3
:10E29000BB7397F90E30002BE9DC00E000BF7B6810
:10E2A000FF2283F8442001F091FF00BF1037BD46E4
:10E2B00080BD80B584B000AF786001F057FF7B6807
:10E2C0009B6B002B02D10123FB6001E00023FB606C
:10E2D00001F07CFFFB6818461037BD4680BD80B555
:10E2E00084B000AF786001F041FF7B689A6B7B6877
:10E2F000DB6B9A4202D10123FB6001E00023FB604B
:10E3000001F064FFFB6818461037BD4680BD000071
:10E3100080B485B000AF786039600023FB6014E002
:10E320000E4AFB6852F83330002B0BD10B49FB68C7
:10E330003A6841F83320094AFB68DB0013447A68E5
:10E340005A6006E0FB680133FB60FB68072BE7D9E6
:10E3500000BF00BF1437BD4680BC7047FC100020D2
:10E3600080B485B000AF78600023FB6016E0104AEF
:10E37000FB68DB0013445B687A689A420BD10C4A55
:10E38000FB68002142F83310094AFB68DB001344A4
:10E3900000225A6006E0FB680133FB60FB68072B34
:10E3A000E5D900BF00BF1437BD4680BC704700BF31
:10E3B000FC10002080B586B000AFF860B9607A60CC
:10E3C000FB687B6101F0D2FE7B6993F844305BB25D
:10E3D000B3F1FF3F03D17B69002283F844207B69BE
:10E3E00093F845305BB2B3F1FF3F03D17B69002264
:10E3F00083F8452001F0EAFE7B699B6B002B06D178
:10E400007B6924337A68B968184600F09DFC786906
:10E41000FFF7FDFE00BF1837BD4680BD80B58EB04A
:10E4200004AFF860B9607A603B607B6B002B0BD166
:10E430004FF0500383F31188BFF36F8FBFF34F8FFB
:10E440003B6200BF00BFFDE7BB6B002B0BD14FF061
:10E45000500383F31188BFF36F8FBFF34F8FFB61BE
:10E4600000BF00BFFDE7A8233B613B69A82B0BD091
:10E470004FF0500383F31188BFF36F8FBFF34F8FBB
:10E48000BB6100BF00BFFDE7BB6B002B1ED07B6BE9
:10E49000002B1BD0BB6B7B627B6A7A6B1A637B6A37
:10E4A000022283F8A520002303937B6A029307F1DD
:10E4B000140301933B6B00933B687A68B968F86872
:10E4C00000F050F8786A00F0EDF801E000237B617D
:10E4D0007B6918462837BD4680BD80B58CB004AF37
:10E4E000F860B9603B601346FB80FB889B001846D0
:10E4F00001F03EFF78617B69002B0ED0A82001F06F
:10E5000037FFF861FB69002B03D0FB697A691A6356
:10E5100005E0786901F0F8FF01E00023FB61FB6989
:10E52000002B17D0FB69002283F8A520FA8800236E
:10E530000393FB690293FB6A0193BB6A00933B68F8
:10E54000B968F86800F00EF8F86900F0ABF801233C
:10E55000BB6102E04FF0FF33BB61BB691846203757
:10E56000BD4680BD80B588B000AFF860B9607A6004
:10E570003B603B6B186B7B689B001A46A52103F040
:10E5800091FB3B6B1A6B7B6803F18043013B9B0063
:10E590001344BB61BB6923F00703BB61BB6903F094
:10E5A0000703002B0BD04FF0500383F31188BFF308
:10E5B0006F8FBFF34F8F7B6100BF00BFFDE700236C
:10E5C000FB6112E0BA68FB69134419783A6BFB6986
:10E5D000134434330A461A70BA68FB6913441B7833
:10E5E000002B06D0FB690133FB61FB690F2BE9D9D6
:10E5F00000E000BF3B6B002283F84320BB6A372B4F
:10E6000001D93723BB623B6BBA6ADA623B6BBA6AE9
:10E61000DA643B6B00221A653B6B04331846FEF745
:10E6200042FE3B6B18331846FEF73DFE3B6B3A6BE0
:10E630001A61BB6AC3F138023B6B9A613B6B3A6B60
:10E640005A623B6B0022C3F8A0203B6B002283F888
:10E65000A4203B6B54334C220021184603F022FBCC
:10E660003B6B0D4A9A653B6B0C4ADA653B6B0C4A77
:10E670001A663A68F968B86901F088FC02463B6B93
:10E680001A60FB6A002B02D0FB6A3A6B1A6000BF6B
:10E690002037BD4680BD00BF98670020006800207D
:10E6A0006868002080B582B000AF786001F05EFD40
:10E6B0002D4B1B6801332C4A13602C4B1B68002B1D
:10E6C00009D12A4A7B681360274B1B68012B10D1A4
:10E6D00000F068FC0DE0264B1B68002B09D1234B92
:10E6E0001B68DA6A7B68DB6A9A4202D81F4A7B6839
:10E6F0001360204B1B6801331E4A13601D4B1A68C0
:10E700007B685A647B68DA6A1B4B1B689A4203D9A0
:10E710007B68DB6A184A13607B68DA6A13469B00E1
:10E7200013449B00154A1A447B680433194610466B
:10E73000FEF7C5FD01F04AFD0D4B1B68002B0ED006
:10E740000A4B1B68DA6A7B68DB6A9A4207D20C4B79
:10E750004FF080521A60BFF34F8FBFF36F8F00BF2F
:10E760000837BD4680BD00BF101600203C110020B8
:10E770001C1600202C160020181600204011002026
:10E7800004ED00E080B584B000AF78600023FB604A
:10E790007B68002B18D0144B1B68002B0BD04FF05C
:10E7A000500383F31188BFF36F8FBFF34F8FBB60AC
:10E7B00000BF00BFFDE700F08BF80021786801F092
:10E7C0001DF800F093F8F860FB68002B07D1074BA9
:10E7D0004FF080521A60BFF34F8FBFF36F8F00BFAF
:10E7E0001037BD4680BD00BF3816002004ED00E0A4
:10E7F00080B58AB004AF0023BB6000237B603A463B
:10E80000391D07F108031846FEF7FCFC39687B68E0
:10E81000BA68029201930023009300230A46244918
:10E820002448FFF7FBFD0346234A1360224B1B6875
:10E83000002B02D001237B6101E000237B617B6917
:10E84000012B02D101F02EF878617B69012B1BD1DD
:10E850004FF0500383F31188BFF36F8FBFF34F8FD7
:10E860003B6100BF154B1B685433154A1360154BB1
:10E870004FF0FF321A60144B01221A60134B002232
:10E880001A6001F001FC0FE07B69B3F1FF3F0BD18F
:10E890004FF0500383F31188BFF36F8FBFF34F8F97
:10E8A000FB6000BF00BFFDE700BF1837BD4680BD5D
:10E8B0003C3D020875EF0108341600203C11002091
:10E8C0005C000020301600201C16002014160020CA
:10E8D00080B400AF044B1B680133034A136000BFD0
:10E8E000BD4680BC704700BF3816002080B584B09C
:10E8F00000AF0023FB600023BB60424B1B68002B72
:10E900000BD14FF0500383F31188BFF36F8FBFF328
:10E910004F8F3B6000BF00BFFDE701F027FC394B84
:10E920001B68013B374A1360364B1B68002B62D1D2
:10E93000354B1B68002B5ED02FE0344BDB68DB6867
:10E94000FB60FB6818331846FEF714FDFB680433C0
:10E950001846FEF70FFDFB68DA6A2D4B1B689A42DA
:10E9600003D9FB68DB6A2A4A1360FB68DA6A13463C
:10E970009B0013449B00274A1A44FB680433194642
:10E980001046FEF79CFCFB68DA6A234B1B68DB6AC7
:10E990009A4202D3214B01221A601C4B1B68002BA8
:10E9A000CBD1FB68002B01D000F0A0FB1C4B1B68F7
:10E9B0007B607B68002B10D000F056F80346002BDC
:10E9C00002D0164B01221A607B68013B7B607B689A
:10E9D000002BF1D1124B00221A60104B1B68002B48
:10E9E00009D00123BB600F4B4FF080521A60BFF378
:10E9F0004F8FBFF36F8F01F0E9FBBB6818461037EC
:10EA0000BD4680BD3816002010160020D01500200D
:10EA100018160020401100203C1100202416002070
:10EA20002016002004ED00E080B483B000AF044B5A
:10EA30001B687B607B6818460C37BD4680BC7047FE
:10EA40001416002080B582B000AF01F051FC002305
:10EA50007B60044B1B683B603B6818460837BD462B
:10EA600080BD00BF1416002080B586B000AF002323
:10EA70007B61524B1B68002B40F08F80504B1B6812
:10EA800001333B614E4A3B6913603B69002B21D146
:10EA90004C4B1B681B68002B0BD04FF0500383F3CB
:10EAA0001188BFF36F8FBFF34F8F3B6000BF00BF74
:10EAB000FDE7444B1B68FB60434B1B68414A1360F6
:10EAC000414AFB681360414B1B6801333F4A1360A6
:10EAD00000F00CFB3E4B1B683A699A424ED3394B0F
:10EAE0001B681B68002B01D1012300E00023002BD1
:10EAF00004D0374B4FF0FF321A603FE0314B1B68B8
:10EB0000DB68DB68BB60BB685B687B603A697B681D
:10EB10009A4203D22E4A7B6813602FE0BB6804330D
:10EB20001846FEF727FCBB689B6A002B04D0BB6825
:10EB300018331846FEF71EFCBB68DA6A254B1B68C3
:10EB40009A4203D9BB68DB6A224A1360BB68DA6A5F
:10EB500013469B0013449B001F4A1A44BB680433AE
:10EB600019461046FEF7ABFBBB68DA6A1B4B1B6805
:10EB7000DB6A9A42B3D301237B61B0E7174B1B6872
:10EB8000DA6A154913469B0013449B000B441B682B
:10EB9000012B07D901237B6104E0114B1B68013372
:10EBA0000F4A13600F4B1B68002B01D001237B61C0
:10EBB0007B6918461837BD4680BD00BF3816002057
:10EBC00014160020C8150020CC150020281600209F
:10EBD0003016002018160020401100203C110020A3
:10EBE000201600202416002080B586B000AF3D4BD3
:10EBF0001B68002B03D03C4B01221A606EE03A4B9D
:10EC000000221A60394B1B681B6B3B614FF0A53328
:10EC1000FB603B691B68FA689A4211D13B69043377
:10EC20001B68FA689A420BD13B6908331B68FA6883
:10EC30009A4205D13B690C331B68FA689A4208D0A6
:10EC40002A4B1A68294B1B68343319461046F0F7D3
:10EC500057F8274B1B687B6111E07B69002B0BD1B8
:10EC60004FF0500383F31188BFF36F8FBFF34F8FC3
:10EC70007B6000BF00BFFDE77B69013B7B611D49F5
:10EC80007A6913469B0013449B000B441B68002BBE
:10EC9000E3D07A6913469B0013449B00154A134442
:10ECA000BB60BB685B685A68BB685A60BB685A68DF
:10ECB000BB6808339A4204D1BB685B685A68BB687A
:10ECC0005A60BB685B68DB68084A1360084A7B6966
:10ECD0001360064B1B685433074A136000BF183794
:10ECE000BD4680BD38160020241600203C110020AF
:10ECF00018160020401100205C00002080B584B070
:10ED000000AF786039607B68002B0BD14FF0500367
:10ED100083F31188BFF36F8FBFF34F8FFB6000BF8A
:10ED200000BFFDE7074B1B68183319467868FEF7EC
:10ED3000E9FA0121386800F061FD00BF1037BD46D7
:10ED400080BD00BF3C11002080B586B000AFF860E8
:10ED5000B9607A60FB68002B0BD14FF0500383F34E
:10ED60001188BFF36F8FBFF34F8F7B6100BF00BF70
:10ED7000FDE70A4B1B6818331946F868FEF79FFA3F
:10ED80007B68002B02D04FF0FF33BB607968B86816
:10ED900000F034FD00BF1837BD4680BD3C11002097
:10EDA00080B586B000AF78607B68DB68DB683B616C
:10EDB0003B69002B0BD14FF0500383F31188BFF355
:10EDC0006F8FBFF34F8FFB6000BF00BFFDE73B6954
:10EDD00018331846FEF7CEFA1D4B1B68002B1DD1C9
:10EDE0003B6904331846FEF7C5FA3B69DA6A194BEA
:10EDF0001B689A4203D93B69DB6A164A13603B6978
:10EE0000DA6A13469B0013449B00134A1A443B6979
:10EE1000043319461046FEF752FA05E03B691833F1
:10EE200019460E48FEF74BFA3B69DA6A0C4B1B6831
:10EE3000DB6A9A4205D901237B610A4B01221A60E1
:10EE400001E000237B617B6918461837BD4680BD11
:10EE5000381600201816002040110020D015002080
:10EE60003C1100202416002080B483B000AF7860ED
:10EE7000064B1A687B681A60054B1A687B685A60F3
:10EE800000BF0C37BD4680BC704700BF281600206D
:10EE90001416002080B588B000AF786039607B68B8
:10EEA000002B0BD14FF0500383F31188BFF36F8F0A
:10EEB000BFF34F8F3B6100BF00BFFDE73B68002BF6
:10EEC0000BD14FF0500383F31188BFF36F8FBFF363
:10EED0004F8FFB6000BF00BFFDE701F047F91D4BFE
:10EEE0001B68BB617B685B68BA69D31A7B613B684E
:10EEF0001B68B3F1FF3F02D10023FB6123E07B6875
:10EF00001A68154B1B689A4207D07B685B68BA6920
:10EF10009A4202D30123FB6115E03B681B687A69C2
:10EF20009A420BD23B681A687B69D21A3B681A6016
:10EF30007868FFF799FF0023FB6104E03B6800223B
:10EF40001A600123FB6101F041F9FB691846203783
:10EF5000BD4680BD141600202816002080B400AFE6
:10EF6000034B01221A6000BFBD4680BC704700BF42
:10EF70002416002080B582B000AF786000F052F80F
:10EF8000064B1B68012BF9D9054B4FF080521A60D4
:10EF9000BFF34F8FBFF36F8FF0E700BF401100202A
:10EFA00004ED00E080B582B000AF00237B600CE090
:10EFB0007A6813469B0013449B00124A1344184678
:10EFC000FEF752F97B6801337B607B68372BEFD902
:10EFD0000D48FEF749F90D48FEF746F90C48FEF7D3
:10EFE00043F90C48FEF740F90B48FEF73DF90B4B8F
:10EFF000054A1A600A4B054A1A6000BF0837BD4629
:10F0000080BD00BF40110020A0150020B4150020D5
:10F01000D0150020E4150020FC150020C8150020A4
:10F02000CC15002080B582B000AF19E001F09EF849
:10F03000104BDB68DB687B607B6804331846FEF7A7
:10F0400099F90D4B1B68013B0B4A13600B4B1B6876
:10F05000013B0A4A136001F0B9F8786800F010F833
:10F06000064B1B68002BE1D100BF00BF0837BD462F
:10F0700080BD00BFE415002010160020F815002008
:10F0800080B584B000AF78607B685433184602F0D6
:10F0900011FE7B6893F8A530002B08D17B681B6BB1
:10F0A000184601F031FA786801F02EFA19E07B6811
:10F0B00093F8A530012B03D1786801F025FA10E010
:10F0C0007B6893F8A530022B0BD04FF0500383F3ED
:10F0D0001188BFF36F8FBFF34F8FFB6000BF00BF7E
:10F0E000FDE700BF1037BD4680BD000080B483B08F
:10F0F00000AF0E4B1B681B68002B01D1012300E001
:10F100000023002B04D00A4B4FF0FF321A6008E0B6
:10F11000064B1B68DB68DB687B607B685B68044AC6
:10F12000136000BF0C37BD4680BC7047C815002077
:10F130003016002080B483B000AF0B4B1B68002B4F
:10F1400002D101237B6008E0084B1B68002B02D131
:10F1500002237B6001E000237B607B6818460C374C
:10F16000BD4680BC704700BF1C160020381600202A
:10F1700080B584B000AF78607B68BB600023FB6023
:10F180007B68002B56D0BB68DA6A2D4B1B68DB6AA4
:10F190009A4246D2BB689B69002B06DB284B1B6852
:10F1A000DB6AC3F13802BB689A61BB685969BB6806
:10F1B000DA6A13469B0013449B00224A1344994287
:10F1C00001D1012300E00023002B22D0BB680433CF
:10F1D0001846FEF7CFF81A4B1B68DA6ABB68DA628A
:10F1E000BB68DA6A184B1B689A4203D9BB68DB6AB2
:10F1F000154A1360BB68DA6A13469B0013449B00F0
:10F20000104A1A44BB68043319461046FEF757F8F3
:10F2100004E00B4B1B68DA6ABB68DA620123FB600F
:10F2200008E0BB68DA6C064B1B68DB6A9A4201D2C5
:10F230000123FB60FB6818461037BD4680BD00BF48
:10F240003C110020401100201816002080B586B027
:10F2500000AF78607B683B6100237B617B68002B9B
:10F2600058D02F4B1B683A699A420BD04FF050038D
:10F2700083F31188BFF36F8FBFF34F8FFB6000BF25
:10F2800000BFFDE73B691B6D002B0BD14FF0500316
:10F2900083F31188BFF36F8FBFF34F8FBB6000BF45
:10F2A00000BFFDE73B691B6D5A1E3B691A653B6950
:10F2B000DA6A3B69DB6C9A422CD03B691B6D002BF0
:10F2C00028D13B6904331846FEF754F83B69DA6CE1
:10F2D0003B69DA623B69DB6AC3F138023B699A61D8
:10F2E0003B69DA6A0F4B1B689A4203D93B69DB6AB8
:10F2F0000C4A13603B69DA6A13469B0013449B0077
:10F30000094A1A443B69043319461046FDF7D7FFF2
:10F3100001237B617B6918461837BD4680BD00BF5D
:10F320003C110020181600204011002080B588B044
:10F3300000AF786039607B68BB6101237B617B68CB
:10F34000002B71D0BB691B6D002B0BD14FF050030C
:10F3500083F31188BFF36F8FBFF34F8FFB6000BF44
:10F3600000BFFDE7BB69DB6C3A689A4202D93B6893
:10F37000FB6102E0BB69DB6CFB61BB69DB6AFA69BC
:10F380009A4251D0BB691B6D7A699A424CD1284B85
:10F390001B68BA699A420BD14FF0500383F311886E
:10F3A000BFF36F8FBFF34F8FBB6000BF00BFFDE7A0
:10F3B000BB69DB6A3B61BB69FA69DA62BB699B695D
:10F3C000002B04DBFB69C3F13802BB699A61BB699E
:10F3D00059693A6913469B0013449B00154A13442C
:10F3E000994201D1012300E00023002B1CD0BB690E
:10F3F00004331846FDF7BEFFBB69DA6A0E4B1B6883
:10F400009A4203D9BB69DB6A0B4A1360BB69DA6AAB
:10F4100013469B0013449B00064A1A44BB690433FD
:10F4200019461046FDF74BFF00BF2037BD4680BD93
:10F430003C110020401100201816002080B400AFBD
:10F44000074B1B68002B04D0054B1B681A6D01325B
:10F450001A65034B1B681846BD4680BC704700BF49
:10F460003C11002080B584B000AF7860396000F0B6
:10F470007DFE204B1B68D3F8A030002B13D11D4B11
:10F480001B68012283F8A4203B68002B0BD00121CC
:10F49000386800F0B3F9184B4FF080521A60BFF390
:10F4A0004F8FBFF36F8F00F091FE00F05FFE114BA6
:10F4B0001B68D3F8A030FB60FB68002B0ED07B6884
:10F4C000002B05D00B4B1B680022C3F8A02005E0E1
:10F4D000084B1B68FA68013AC3F8A020054B1B686B
:10F4E000002283F8A42000F071FEFB681846103754
:10F4F000BD4680BD3C11002004ED00E080B58AB01F
:10F5000000AFF860B9603B601346FB7101237B627A
:10F51000FB68002B0BD14FF0500383F31188BFF32E
:10F520006F8FBFF34F8FBB6100BF00BFFDE7FB686C
:10F530003B6200F01BFE3B68002B04D03B6AD3F813
:10F54000A0203B681A603B6A93F8A430FB773B6AC3
:10F55000022283F8A420FB79042B2ED801A252F8B2
:10F5600023F000BFBBF5010879F501088BF5010810
:10F570009BF50108A5F501083B6AD3F8A020BB68FC
:10F580001A433B6AC3F8A02017E03B6AD3F8A030C7
:10F590005A1C3B6AC3F8A0200FE03B6ABA68C3F864
:10F5A000A0200AE0FB7F022B04D03B6ABA68C3F8B4
:10F5B000A02001E000237B6200BFFB7F012B3BD139
:10F5C0003B6A04331846FDF7D5FE3B6ADA6A1E4BE8
:10F5D0001B689A4203D93B6ADB6A1B4A13603B6A89
:10F5E000DA6A13469B0013449B00184A1A443B6A8C
:10F5F000043319461046FDF762FE3B6A9B6A002BF6
:10F600000BD04FF0500383F31188BFF36F8FBFF31C
:10F610004F8F7B6100BF00BFFDE73B6ADA6A0C4B8E
:10F620001B68DB6A9A4207D90A4B4FF080521A6076
:10F63000BFF34F8FBFF36F8F00F0C8FD7B6A184692
:10F640002837BD4680BD00BF18160020401100209D
:10F650003C11002004ED00E080B58EB000AFF860F2
:10F66000B9603B601346FB7101237B63FB68002B91
:10F670000BD14FF0500383F31188BFF36F8FBFF3AB
:10F680004F8F7B6200BF00BFFDE700F031FEFB68DB
:10F690003B63EFF311824FF0500383F31188BFF304
:10F6A0006F8FBFF34F8F3A62FB613B6AFB623B682F
:10F6B000002B04D03B6BD3F8A0203B681A603B6B57
:10F6C00093F8A43087F82B303B6B022283F8A420F8
:10F6D000FB79042B2ED801A252F823F035F701084C
:10F6E000F1F6010803F7010813F701081DF70108F7
:10F6F0003B6BD3F8A020BB681A433B6BC3F8A02038
:10F7000018E03B6BD3F8A0305A1C3B6BC3F8A02029
:10F7100010E03B6BBA68C3F8A0200BE097F82B30E1
:10F72000022B04D03B6BBA68C3F8A02001E0002391
:10F730007B6300BF97F82B30012B48D13B6B9B6A52
:10F74000002B0BD04FF0500383F31188BFF36F8F62
:10F75000BFF34F8FBB6100BF00BFFDE7214B1B68AC
:10F76000002B1DD13B6B04331846FDF703FE3B6BAA
:10F77000DA6A1D4B1B689A4203D93B6BDB6A1A4A53
:10F7800013603B6BDA6A13469B0013449B00174AD5
:10F790001A443B6B043319461046FDF790FD05E013
:10F7A0003B6B183319461248FDF789FD3B6BDA6A4B
:10F7B000104B1B68DB6A9A4209D93B6C002B03D0C3
:10F7C0003B6C01221A6002E00B4B01221A60FB6ABB
:10F7D0007B617B6983F3118800BF7B6B18463837E8
:10F7E000BD4680BD381600201816002040110020AC
:10F7F000D01500203C1100202416002080B584B0D4
:10F8000000AF78603960214B1B68FB60204B1B68A0
:10F8100004331846FDF7AEFD7B68B3F1FF3F0AD114
:10F820003B68002B07D01A4B1B6804331946194854
:10F83000FDF745FD26E0FA687B681344BB60144B76
:10F840001B68BA685A60BA68FB689A4209D2124BC0
:10F850001A680F4B1B68043319461046FDF752FD1A
:10F8600010E00E4B1A680A4B1B6804331946104609
:10F87000FDF748FD0A4B1B68BA689A4202D2084A53
:10F88000BB68136000BF1037BD4680BD1416002052
:10F890003C110020FC150020CC150020C8150020CC
:10F8A0003016002080B58AB004AF00237B6100F0E1
:10F8B0002DFB1D4B1B68002B21D00023FB60002378
:10F8C000BB603A1D07F1080107F10C031846FDF76C
:10F8D000B1FC7968BB68FA68029201930223009335
:10F8E00000230A4611491248FEF798FD0346114AC3
:10F8F0001360104B1B68002B01D001237B617B69D7
:10F90000002B0BD14FF0500383F31188BFF36F8F9F
:10F91000BFF34F8F3B6100BF00BFFDE77B69184617
:10F920001837BD4680BD00BF6C160020443D02085C
:10F9300001FB01087016002080B588B002AFF860A6
:10F94000B9607A603B60302000F012FD78617B691D
:10F95000002B0DD07B6901933B6A00933B687A686A
:10F96000B968F86800F009F87B69002283F82C2058
:10F970007B6918461837BD4680BD80B586B000AF9C
:10F98000F860B9607A603B60BB68002B0BD14FF028
:10F99000500383F31188BFF36F8FBFF34F8F7B61E9
:10F9A00000BF00BFFDE77B6A002B15D000F0AEFA68
:10F9B0007B6AFA681A607B6ABA689A617B6A7A68BD
:10F9C000DA617B6A3A681A627B6A3A6A5A627B6ACF
:10F9D00004331846FDF767FC00BF1837BD4680BDED
:10F9E00080B58AB000AFF860B9607A603B600023F0
:10F9F0007B62FB68002B0BD14FF0500383F311881F
:10FA0000BFF36F8FBFF34F8F3B6200BF00BFFDE7B7
:10FA1000194B1B68002B2AD0BB683B617B687B615C
:10FA2000FB68BB61BB68052B18DCFFF783FB034653
:10FA3000022B09D1104B186807F1100100233A6B13
:10FA4000FDF778FE786212E00B4B186807F11001A1
:10FA500000230022FDF76EFE786208E0064B18686E
:10FA600007F1100100233A68FDF766FF78627B6AB0
:10FA700018462837BD4680BD6C16002080B588B07A
:10FA800002AF786039601D4B1B68DB68DB687B6107
:10FA90007B6904331846FDF76DFC7B69DB69012B3C
:10FAA00023D17B699A697B68D1187B683A68786949
:10FAB00000F0CCF80346002B17D00023009300235E
:10FAC0007A6800217869FFF78BFF38613B69002B6A
:10FAD0000BD14FF0500383F31188BFF36F8FBFF347
:10FAE0004F8FFB6000BF00BFFDE77B695B6A7869F1
:10FAF000984700BF1837BD4680BD00BF6416002080
:10FB000080B584B000AF786007F10803184600F0B4
:10FB100059F8F860BB681946F86800F005F800F07D
:10FB2000D7F800BFF0E7000080B584B000AF786080
:10FB30003960FEF7CDFE07F10803184600F066F8BD
:10FB4000F860BB68002B30D13B68002B0AD17A6883
:10FB5000FB689A4206D8FEF7C9FEF9687868FFF795
:10FB60008DFF24E03B68002B08D0134B1B681B68FB
:10FB7000002B0CBF01230023DBB23B600F4B186846
:10FB80007A68FB68D31A3A681946FEF713FCFEF749
:10FB9000ADFE0346002B0AD1094B4FF080521A608C
:10FBA000BFF34F8FBFF36F8F01E0FEF79FFE00BFE3
:10FBB0001037BD4680BD00BF681600206C160020BF
:10FBC00004ED00E080B485B000AF78600E4B1B6898
:10FBD0001B68002B0CBF01230023DBB21A467B6895
:10FBE0001A607B681B68002B05D1074B1B68DB681C
:10FBF0001B68FB6001E00023FB60FB6818461437BC
:10FC0000BD4680BC704700BF6416002080B584B03C
:10FC100000AF7860FEF708FFF8600B4B1B68FA68CE
:10FC20009A4205D200F010F97B6801221A6002E0C6
:10FC30007B6800221A60044AFB681360FB68184660
:10FC40001037BD4680BD00BF7416002080B586B059
:10FC500000AFF860B9607A603B6000237B61FB68AD
:10FC6000BA685A60FB68FA681A61BA687B689A4297
:10FC700012D87A683B68D21AFB689B699A4202D311
:10FC800001237B611BE0104B1A68FB6804331946A3
:10FC90001046FDF737FB12E07A683B689A4206D2BD
:10FCA000BA683B689A4202D301237B6107E0074BA5
:10FCB0001A68FB68043319461046FDF723FB7B697D
:10FCC00018461837BD4680BD68160020641600200F
:10FCD00080B58EB002AFA5E07B68002B19DA3B1D22
:10FCE0000433FB62FB6A002B0BD14FF0500383F30C
:10FCF0001188BFF36F8FBFF34F8FFB6100BF00BF51
:10FD0000FDE7FB6A1B68FA6A5068FA6A9268114656
:10FD100098477B68002BC0F28580FB68BB62BB6A9A
:10FD20005B69002B04D0BB6A04331846FDF722FB45
:10FD30003B461846FFF76AFF78627B68092B6CD850
:10FD400001A252F823F000BF71FD010871FD010806
:10FD500071FD01081BFE0108CFFD010809FE010825
:10FD600071FD010871FD01081BFE0108CFFD0108AE
:10FD7000BA68BB6A9B69D118BB687A6AB86AFFF730
:10FD800065FF0346002B4AD0BB6A5B6AB86A984796
:10FD9000BB6ADB69012B42D1BA68BB6A9B691A4412
:10FDA0000023009300230021B86AFFF719FE386290
:10FDB0003B6A002B33D14FF0500383F31188BFF31C
:10FDC0006F8FBFF34F8FBB6100BF00BFFDE7BA6805
:10FDD000BB6A9A61BB6A9B69002B0BD14FF0500341
:10FDE00083F31188BFF36F8FBFF34F8F7B6100BF29
:10FDF00000BFFDE7BB6A9A697B6AD1187B6A7A6AA1
:10FE0000B86AFFF723FF0DE0BB6A93F82C30002B94
:10FE100007D1B86A00F078FB03E000BF02E000BF42
:10FE200000E000BF074B1B68391D00221846FDF794
:10FE3000AFFE0346002B7FF44FAF00BF00BF30374B
:10FE4000BD4680BD6C16002080B588B002AF46E08C
:10FE50002C4B1B68DB681B683B612A4B1B68DB680B
:10FE6000DB68FB60FB6804331846FDF783FAFB6828
:10FE70005B6AF8689847FB68DB69012B2FD1FB6848
:10FE80009B693A691344BB60BA683B699A420ED9D0
:10FE9000FB68BA685A60FB68FA681A61194B1A68FD
:10FEA000FB68043319461046FDF72CFA17E00023CF
:10FEB000009300233A690021F868FFF791FD78600C
:10FEC0007B68002B0BD14FF0500383F31188BFF3F5
:10FED0006F8FBFF34F8F3B6000BF00BFFDE7094B43
:10FEE0001B681B68002BB3D1064B1B687B61064B5C
:10FEF0001B68044A1360044A7B69136000BF18370B
:10FF0000BD4680BD641600206816002080B582B012
:10FF100002AF00F02BF9154B1B68002B20D11448C1
:10FF2000FDF7A2F91348FDF79FF9134B104A1A6029
:10FF3000124B104A1A6000230093114B114A1021F2
:10FF40000A20FDF7ABFA0346084A1360074B1B680B
:10FF5000002B05D0054B1B680B491846FEF7D8F956
:10FF600000F034F900BFBD4680BD00BF6C16002014
:10FF70003C16002050160020641600206816002051
:10FF800018170020781600204C3D020880B485B078
:10FF900000AFF860B9607A60FB68043BFB60FB6807
:10FFA0004FF080721A60FB68043BFB60BB6823F073
:10FFB0000102FB681A60FB68043BFB60084AFB68AF
:10FFC0001A60FB68143BFB607A68FB681A60FB6888
:10FFD000203BFB60FB6818461437BD4680BC704769
:10FFE000E5FF010880B485B000AF00237B60124BB1
:10FFF0001B68B3F1FF3F0BD04FF0500383F3118820
:020000040802F0
:10000000BFF36F8FBFF34F8FFB6000BF00BFFDE7F3
:100010004FF0500383F31188BFF36F8FBFF34F8FFF
:10002000BB6000BF00BF7B68002BFCD000BF00BFDF
:100030001437BD4680BC7047580000200000000007
:10004000074B19680868B0E8F00F80F30988BFF320
:100050006F8F4FF0000080F311884EF00D0E704747
:100060003C11002000BF00BF06480068006880F314
:10007000088862B661B6BFF34F8FBFF36F8F00DFA2
:1000800000BF00BF08ED00E080B584B000AF324B88
:10009000FB60FB681B78DBB27B60FB68FF221A7099
:1000A000FB681B78DBB2FB70FB78DBB203F050031C
:1000B000DAB22A4B1A702A4B07221A6009E0284B41
:1000C0001B68013B264A1360FB78DBB25B00DBB2A6
:1000D000FB70FB78DBB203F08003802BEFD0204B6A
:1000E0001B68C3F10703042B0BD04FF0500383F3BD
:1000F0001188BFF36F8FBFF34F8FBB6000BF00BF8E
:10010000FDE7174B1B681B02154A1360144B1B6855
:1001100003F4E063124A13607B68DAB2FB681A707A
:10012000104B1B680F4A43F4700313600D4B1B68A0
:100130000C4A43F07043136000F0B8F80A4B0022F9
:100140001A60FFF791FFFEF74FFDFFF74BFF00230B
:1001500018461037BD4680BD00E400E06817002057
:100160006C17002020ED00E05800002080B483B020
:1001700000AF4FF0500383F31188BFF36F8FBFF3CD
:100180004F8F7B6000BF0F4B1B6801330D4A13601C
:100190000C4B1B68012B10D10B4B1B68DBB2002BE7
:1001A0000BD04FF0500383F31188BFF36F8FBFF371
:1001B0004F8F3B6000BF00BFFDE700BF0C37BD465F
:1001C00080BC70475800002004ED00E080B483B08C
:1001D00000AF124B1B68002B0BD14FF0500383F381
:1001E0001188BFF36F8FBFF34F8F7B6000BF00BFDD
:1001F000FDE70A4B1B68013B084A1360074B1B686D
:10020000002B05D100233B603B6883F3118800BFBE
:1002100000BF0C37BD4680BC704700BF58000020AF
:10022000EFF30980BFF36F8F0D4B1A6820E9F00FD1
:1002300010602DE908404FF0500080F31188FEF760
:10024000D3FC4FF0000080F31188BDE80840196826
:100250000868B0E8F00F80F30988BFF36F8F70472C
:100260003C11002000BF00BF80B582B000AF4FF04E
:10027000500383F31188BFF36F8FBFF34F8F7B6001
:1002800000BFFEF7F1FB0346002B03D0064B4FF0F7
:1002900080521A6000233B603B6883F3118800BFE3
:1002A00000BF0837BD4680BD04ED00E080B400AF5C
:1002B0000A4B00221A600A4B00221A60094B1B6885
:1002C000094AA2FB03239B09084A013B1360034B25
:1002D00007221A6000BFBD4680BC704710E000E0F6
:1002E00018E000E04C000020D34D621014E000E064
:1002F00080B485B000AFEFF30583FB60FB680F2B84
:1003000015D9174AFB6813441B78FB72154B1B78F1
:10031000FA7A9A420BD24FF0500383F31188BFF35D
:100320006F8FBFF34F8F7B6000BF00BFFDE70E4BA9
:100330001B6803F4E0620D4B1B689A420BD94FF027
:10034000500383F31188BFF36F8FBFF34F8F3B6070
:1003500000BF00BFFDE700BF1437BD4680BC70473B
:10036000F0E300E0681700200CED00E06C170020BF
:1003700080B58AB000AF78600023FB61FEF7A8FA71
:100380005C4B1B68002B01D100F01AF95A4B1A681C
:100390007B681340002B40F090807B68002B1ED0C0
:1003A00008227B6813447B607B6803F00703002B03
:1003B00015D07B6823F0070308337B607B6803F06C
:1003C0000703002B0BD04FF0500383F31188BFF3CA
:1003D0006F8FBFF34F8F7B6100BF00BFFDE77B686E
:1003E000002B6AD0454B1B687A689A4265D8444B0B
:1003F0003B62434B1B687B6204E07B6A3B627B6A27
:100400001B687B627B6A5B687A689A4203D97B6A65
:100410001B68002BF1D1374B1B687A6A9A424CD08B
:100420003B6A1B6808221344FB617B6A1A683B6ABB
:100430001A607B6A5A687B68D21A08235B009A426A
:1004400020D97A6A7B681344BB61BB6903F0070358
:10045000002B0BD04FF0500383F31188BFF36F8F45
:10046000BFF34F8F3B6100BF00BFFDE77B6A5A6857
:100470007B68D21ABB695A607B6A7A685A60B8692D
:1004800000F000F91D4B1A687B6A5B68D31A1B4A9F
:1004900013601A4B1A681B4B1B689A4203D2174B06
:1004A0001B68184A13607B6A5A68134B1B681A430F
:1004B0007B6A5A607B6A00221A60FEF717FAFB69B2
:1004C000002B01D1EEF752FCFB6903F00703002B70
:1004D0000BD04FF0500383F31188BFF36F8FBFF33E
:1004E0004F8FFB6000BF00BFFDE7FB691846283750
:1004F000BD4680BD78670020846700207C670020AF
:10050000706700208067002080B586B000AF7860FB
:100510007B687B617B68002B4AD008235B427A6949
:1005200013447B617B693B613B695A68224B1B68C2
:100530001340002B0BD14FF0500383F31188BFF30E
:100540006F8FBFF34F8FFB6000BF00BFFDE73B69BC
:100550001B68002B0BD04FF0500383F31188BFF3BF
:100560006F8FBFF34F8FBB6000BF00BFFDE73B69DC
:100570005A68114B1B681340002B19D03B691B684C
:10058000002B15D13B695A680B4B1B68DB431A40A3
:100590003B695A60FEF79CF93B695A68074B1B6838
:1005A0001344064A1360386900F06CF8FEF79EF9B0
:1005B00000BF1837BD4680BD846700207C670020DF
:1005C00080B485B000AF4FF4A043BB60274BFB6005
:1005D000FB6803F00703002B0CD0FB680733FB60BC
:1005E000FB6823F00703FB60BA68FB68D31A1F4A55
:1005F0001344BB60FB687B601D4A7B6813601C4B27
:1006000000225A607B68BA681344FB600822FB68CA
:100610009B1AFB60FB6823F00703FB60FB68154A2D
:100620001360144B1B6800225A60124B1B68002297
:100630001A607B683B603B68FA68D21A3B685A6074
:100640000C4B1A683B681A603B685B680A4A136087
:100650003B685B68094A1360094B4FF000421A601F
:1006600000BF1437BD4680BC704700BF7017002024
:100670007067002078670020806700207C6700207A
:100680008467002080B485B000AF7860274BFB60A2
:1006900002E0FB681B68FB60FB681B687A689A4293
:1006A000F7D8FB68BB60FB685B68BA6813447A687C
:1006B0009A4208D1FB685A687B685B681A44FB68F9
:1006C0005A60FB687B607B68BB607B685B68BA686C
:1006D0001A44FB681B689A4218D1FB681A68144BCD
:1006E0001B689A420DD07B685A68FB681B685B6880
:1006F0001A447B685A60FB681B681A687B681A603A
:1007000008E00B4B1A687B681A6003E0FB681A6804
:100710007B681A60FA687B689A4202D0FB687A6844
:100720001A6000BF1437BD4680BC70477067002058
:100730007867002080B400AFBFF34F8F00BF064B37
:10074000DB6803F4E0620449044B1343CB60BFF35E
:100750004F8F00BF00BFFDE700ED00E00400FA0589
:1007600080B483B000AF78600B46FB707B6893F871
:100770000231CF2B20D87B6893F8013119467B6872
:10078000FA785A547B6893F8013101335A42DBB24C
:10079000D2B258BF5342DAB27B6883F801217B683A
:1007A000002283F803217B6893F802310133DAB227
:1007B0007B6883F8022110E07B68012283F8032123
:1007C0007B6893F8003101335A42DBB2D2B258BF92
:1007D0005342DAB27B6883F8002100BF0C37BD4674
:1007E00080BC704780B582B000AF786039607B68AC
:1007F00093F802311A463968786800F005F8034624
:1008000018460837BD4680BD80B586B000AFF86099
:10081000B9601346FB71FB6893F80231002B02D0DC
:10082000FB79002B01D1002337E00023FB7519E091
:10083000FB6893F800311946FB7DBA681344FA68E7
:10084000525C1A70FB6893F8003101335A42DBB2F4
:10085000D2B258BF5342DAB2FB6883F80021FB7D65
:100860000133FB75FA7DFB799A4205D2FB6893F858
:100870000231FA7D9A42DBD3FB6893F80221FB7DBB
:10088000D31ADAB2FB6883F80221FB68002283F8EE
:100890000321F86800F005F8FB7D18461837BD46BF
:1008A00080BD80B483B000AF78607B68002283F89D
:1008B00000217B68002283F801217B68002283F8F5
:1008C00002217B68002283F8032100BF0C37BD465C
:1008D00080BC704780B584B002AF7860464B1B780F
:1008E000022B00F284807B6803F5A0731846FFF7A3
:1008F000D8FF7B681B78032B09D1404A79684048B0
:10090000FCF7E2F802467B68C3F8302135E07B68EB
:100910001B78042B30D13B4A79683B48FCF7D4F86C
:1009200002467B68C3F830217B68B3F82231194650
:100930007B68D3F83831354A009200223448FEF7FC
:10094000FBFF02467B68C3F838217B68D3F8383157
:10095000002B01D100BFFDE72E4A10210520FCF736
:10096000E5FA02467B68C3F82C217B68D3F82C316A
:10097000002B02D100BFFDE7FEE77B68D3F83031E2
:10098000002B01D100BFFDE77B68D3F83431224A48
:100990000092002205212148FEF7CEFF02467B6827
:1009A000C3F834217B68D3F83431002B01D100BF68
:1009B000FDE71B4A01210120FCF75EF902467B6836
:1009C000C3F83C217B68D3F83C31002B01D100BF38
:1009D000FDE7094B1B781946124A7B6842F8213023
:1009E000054B1B780133DAB2034B1A7000E0FEE7C7
:1009F0000837BD4680BD00BF94670020DC3F020879
:100A0000210C02080040020851110208C50B02081F
:100A1000983D0208C43F0208410B0208A83D0208A5
:100A2000244002088867002080B582B000AF78605B
:100A30007B6893F84432012B10D07B6893F84432E2
:100A4000032B0BD07B6893F84432022B06D07B68D3
:100A500093F84432042B01D000BFFDE77B6893F884
:100A60004432042B01D100BFFDE77B6893F8443288
:100A7000012B04D07B6893F84432042B41D17B686E
:100A8000DB68002B07D07B68D8687B681B8A002254
:100A90001946F7F764FA7B681B78032B06D17B684D
:100AA000D3F81831002B01D100BFFDE700BF7B68F0
:100AB0005B681846FBF70AFD0346202BF7D17B68DD
:100AC00058687B6803F5937301221946FBF71AF9FE
:100AD0000346002B01D000BFFDE77B681B7A002B8B
:100AE00005D07B681B78042B01D100BFFDE77B6834
:100AF0001B7A002B05D17B681B78032B01D100BF2B
:100B0000FDE77B68002283F813217B6893F81321AB
:100B10007B6883F814217B680022A3F820217B687E
:100B2000B3F820217B68A3F81E217B68B3F81E214F
:100B30007B68A3F81C2100BF0837BD4680BD0000BC
:100B400080B586B002AF78600023FB602AE01B4AC4
:100B5000FB6852F82330D3F834317A689A421ED1B8
:100B6000164AFB6852F823301B78042B0CD1134A29
:100B7000FB6852F82330D3F8380100230093002398
:100B800000220321FEF72CFF0C4AFB6852F82330A9
:100B9000D3F83001002303220021FEF7AFFCFB68ED
:100BA0000133FB60064B1B781A46FB689342CEDB91
:100BB00000BF00BF1037BD4680BD00BF8867002062
:100BC0009467002080B584B000AF78600023FB609C
:100BD00017E0114AFB6852F82330D3F838317A68AD
:100BE0009A420BD10C4AFB6852F82330D3F83001FB
:100BF000002303226FF00701FEF780FCFB6801333E
:100C0000FB60064B1B781A46FB689342E1DB00BF92
:100C100000BF1037BD4680BD886700209467002064
:100C200080B586B000AF78607B683B613B6900228D
:100C30009A743B6993F84432012B04D03B6993F8D2
:100C40004432042B17D14FF0FF310120FEF70AFC8C
:100C5000386900F061FC034613F1030F0BD13B69C7
:100C6000FD229A743B69B3F8203101339AB23B6993
:100C7000A3F82021FDE03B6993F81331062B03D83C
:100C80003B69FA229A74F4E03B69012283F8282137
:100C90003B69DB7C002B03D13B69002283F82821D0
:100CA0003B69DA7C3B691B7A9A4205D03B6993F831
:100CB0002831002B40F0DC80386900F0A9FC0346A5
:100CC000FB73FB7B002B14D0FB7B3969184600F0CB
:100CD000D9FD386900F0F3FD97F90F203B699A744C
:100CE0003B69B3F8203101339AB23B69A3F8202164
:100CF000BFE03B6900229A743B69D3F83C314FF066
:100D0000FF311846FDF726F83B69062283F81321C8
:100D10003B691B7D3B723B695A7D3B699B7D194654
:100D20001046F6F781FA03467B813B69DA7D3B6921
:100D30001B7E19461046F6F777FA0346BB813B69DE
:100D400093F82831002B74D03B691B7D013B052BA8
:100D50006ED801A252F823F0710D0208710D02083D
:100D6000890D0208A10D0208B90D0208D10D020873
:100D700007F1080319463869F0F770F903461A4677
:100D80003B6983F8272154E007F1080319463869C5
:100D9000F0F7F3F903461A463B6983F8272148E048
:100DA00007F1080319463869F0F73EFA03461A4678
:100DB0003B6983F827213CE007F1080319463869AD
:100DC000F0F74EFC03461A463B6983F8272130E0D2
:100DD0007B89132B20D1BB8940F21F2293421BD168
:100DE000386900F06CFD3B69082283F82721002355
:100DF0007B6103E000BF7B6901337B617B691D4A36
:100E00009342F7D93B69D3F83C010023002200212B
:100E1000FCF790FCFFF78EFC07F1080319463869D0
:100E2000F0F737FC03461A463B6983F8272100E0B8
:100E300000BF3B6993F91230002B0DD03B6993F949
:100E4000123013F1080F07D03B6993F91230DBB26F
:100E50003969184600F016FD386900F030FD3B692D
:100E6000D3F83C01002300220021FCF763FC00E0E2
:100E700000BFDBE63F420F0084B080B584B000AF16
:100E8000786007F11C0080E80E000023BB737B68CC
:100E9000D3F83C314FF0FF311846FCF75BFF7B681D
:100EA0001B7A002B01D0FF23BB737B6893F927319A
:100EB000002B01D0FE23BB733B7F002B02D03B7F76
:100EC000F72B01D9F723BB73BB7B002B0ED097F90F
:100ED0000E207B689A747B68D3F83C0100230022C3
:100EE0000021FCF727FC97F90E3029E17A6A7B682C
:100EF000C3F818213A7F7B68DA747A7F7B681A75A9
:100F0000FB8B1B0A9BB2DAB27B685A75FB8BDAB299
:100F10007B689A757B7F013B0F2B00F2FE8001A25C
:100F200052F823F0650F0208650F0208650F0208EA
:100F3000650F0208830F0208A50F02081B110208A3
:100F40001B1102081B1102081B1102081B110208C9
:100F50001B1102081B1102081B110208C70F02080F
:100F6000851002083B8C1B0A9BB2DAB27B68DA75EB
:100F70003B8CDAB27B681A767B68062283F81321F1
:100F8000CBE07B6A1B88002B01D0FF2200E000220F
:100F90007B68DA757B6800221A767B68062283F804
:100FA0001321BAE07B6A1B881B0A9BB2DAB27B680A
:100FB000DA757B6A1B88DAB27B681A767B68062250
:100FC00083F81321A9E03B8C1B099BB27B727B7ACF
:100FD0005B00FB733B8C03F00F039BB2002B05D02F
:100FE000FB7B0133FB737B7A01337B723B8C1B0AE7
:100FF0009BB2DAB27B68DA753B8CDAB27B681A7620
:101000007B68FA7B5A767B68072283F813210023DA
:10101000BB8131E0BB8903F001039BB2002B0FD0F1
:101020007A6ABB895B089BB25B0013441A887B68B1
:1010300093F813311946D2B27B680B44DA7410E08E
:101040007A6ABB895B089BB25B0013441B881B0A4E
:101050009AB27B6893F813311946D2B27B680B447D
:10106000DA747B6893F813310133DAB27B6883F862
:101070001321BB890133BB81FB7B9BB2BA899A42A6
:10108000C8D34AE03B8C1B0A9BB2DAB27B68DA75A4
:101090003B8CDAB27B681A763B8CDBB25B00DAB24F
:1010A0007B685A767B68072283F8132100237B81B3
:1010B0002EE07A6A7B895B0013441B881B0A9AB274
:1010C0007B6893F813311946D2B27B680B44DA740B
:1010D0007B6893F813310133DAB27B6883F813210C
:1010E0007A6A7B895B0013441A887B6893F8133112
:1010F0001946D2B27B680B44DA747B6893F81331DB
:101100000133DAB27B6883F813217B8901337B8159
:101110003B8C7A899A42CCD300BF786800F0CFFB31
:101120007B68D3F83C01002300220021FCF702FB7E
:101130007B68012283F827217B6800229A740023B0
:1011400018461037BD46BDE8804004B0704700BF68
:1011500080B58CB002AF78607B687B627B6AD3F825
:101160002C3107F10C014FF0FF321846FCF710FD4F
:101170007B6A5B685B68B3F5964F0BD87B6A5B68EC
:101180005B6848F6B802B2FBF3F302331846FBF78C
:1011900045FD02E00320FBF741FDBB69009307F129
:1011A0000C030ECB786AFFF767FE4FF0FF3101208A
:1011B000FEF758F938627B6A00229A743B6A002B6A
:1011C00018D07B6A002283F827217B6AF8229A7460
:1011D0007B6AB3F8203101339AB27B6AA3F82021ED
:1011E000B8697B6A93F91230194600230322FEF78F
:1011F00085F999E0786A00F08FF97B6A93F81331EA
:10120000052B18D87B6A002283F827217B6AFA22F3
:101210009A747B6AB3F8203101339AB27B6AA3F8DF
:101220002021B8697B6A93F9123019460023032202
:10123000FEF764F978E07B6AD3F838010023009365
:10124000002300220321FEF7CBFB786A00F0F4F8BC
:101250000346FB7797F91F30002B10D07B6A0022E2
:1012600083F827217B6AFA7F9A74B8697B6A93F9BD
:101270001230194600230322FEF740F954E07B6A3E
:10128000FA7F9A747B6AD3F83C314FF0FF311846ED
:10129000FCF760FD7B6A1B7D013B0F2B2AD801A266
:1012A00052F823F0E5120208E5120208ED120208D6
:1012B000ED120208F5120208F5120208F5120208F2
:1012C000F5120208F5120208F5120208F5120208DA
:1012D000F5120208F5120208F5120208F5120208CA
:1012E000F5120208786A00F021F804E0786A00F04C
:1012F00074F800E000BF7B6A002283F827217B6A34
:1013000093F91230002B0ED17B6AD3F83C010023F5
:1013100000220021FCF70EFAB869002303226FF0C7
:101320000A01FEF7EBF800BF18E700BF90B585B0E3
:1013300000AF78600323BB730023FB7343E0FB7BA8
:1013400003F00103DBB2002B1CD0FA7BBB7B134400
:101350007A681344D87C7B68D3F81821FB7B5B0840
:10136000DBB25B0013441B88D9B27B68D3F8182129
:10137000FB7B5B08DBB25B00D41800F02BFA034662
:1013800023801DE07B68D3F81821FB7B5B08DBB270
:101390005B0013441B881B0A9BB2D8B2FA7BBB7B51
:1013A00013447A681344D97C7B68D3F81821FB7BFB
:1013B0005B08DBB25B00D41800F00CFA0346238014
:1013C000FB7B0133FB737B685B7DFA7B9A42B6D370
:1013D00000BF00BF1437BD4690BD90B585B000AFCB
:1013E00078600323FB730023BB7318E0FB7B7A68F0
:1013F0001344D87CFB7B01337A681344D97C7B6827
:10140000D3F81821BB7B5B00D41800F0E3F9034646
:101410002380FB7B0233FB73BB7B0133BB737B6895
:101420005B7D5B08DBB2BA7B9A42DFD300BF00BFB3
:101430001437BD4690BD000080B584B000AF786021
:101440007B6893F81331023B7A681344DB7C1BB250
:101450001B021AB27B6893F81331013B79680B4485
:10146000DB7C1BB213431BB2BB817B6803F113020D
:101470007B6893F81331023BDBB21946104600F04B
:10148000BBF903461A46BB89934209D07B68B3F87F
:10149000203101339AB27B68A3F82021FC2334E089
:1014A0007B681B7D5BB2002B09DA7B68B3F82031C7
:1014B00001339AB27B68A3F82021FB2325E00023A7
:1014C000FB730023BB730CE0BB7B124AD25C7B68CE
:1014D0001B7D9A4202D10123FB7305E0BB7B0133E4
:1014E000BB73BB7B052BEFD9FB7B83F00103DBB226
:1014F000002B09D07B68B3F8203101339AB27B68A6
:10150000A3F82021012300E0002318461037BD4630
:1015100080BD00BF3440020890B587B002AF78604C
:101520007B6893F84432012B04D17B685B681846D2
:10153000FAF70EFC7B6893F84332002B09D07B68E6
:1015400003F5A0731846FFF7ACF94FF6FD73FB8166
:1015500019E07B6803F5A0727B68133319461046C7
:10156000FFF740F903461A467B6883F813217B682E
:10157000B3F81C3101339AB27B68A3F81C217B6855
:1015800093F81331FB817B6893F84432012B37D1F8
:101590000023BB6013E0BB680133BB60BB68052B55
:1015A00005D97B685B681846FAF727FB0FE0174BF5
:1015B0004FF080521A60BFF34F8FBFF36F8F7B687D
:1015C0005B681846FAF782FF0346202BE3D17B685D
:1015D00058687B6803F5937301221946FAF792FB6A
:1015E0000346002B0CD07B68D3F83441FDF71CFA7E
:1015F000024600230093002301212046FEF7F0F964
:10160000B7F90E3018461437BD4690BD04ED00E022
:1016100080B586B000AF78607B6893F81331023BE9
:101620007A681344DB7C1BB21B021AB27B6893F806
:101630001331013B79680B44DB7C1BB213431BB2B3
:10164000BB827B6803F113027B6893F81331023B82
:10165000DBB21946104600F0CFF803461A46BB8AA3
:10166000934209D07B68B3F8203101339AB27B688A
:10167000A3F82021FC23A7E00023FB750023BB7502
:101680000CE0BB7D524AD25C7B681B7D9A4202D142
:101690000123FB7505E0BB7D0133BB75BB7D052BCD
:1016A000EFD9FB7D83F00103DBB2002B09D07B680F
:1016B000B3F8203101339AB27B68A3F820210123CB
:1016C00082E07B685A7D7B689B7D1946104600F05E
:1016D00081F803467B827B68DA7D7B681B7E194636
:1016E000104600F077F803463B827B681B7D013B88
:1016F000052B68D801A252F823F000BF1517020885
:101700002F17020849170208631702087D170208FD
:10171000971702083A8A7B8A11461846EEF7AAFF05
:101720000346FB73FB7B002B42D0FB7B4CE03A8AE9
:101730007B8A11461846EEF7CDFF0346FB73FB7B11
:10174000002B37D0FB7B3FE03A8A7B8A1146184654
:10175000EEF7E2FF0346FB73FB7B002B2CD0FB7BF9
:1017600032E03A8A7B8A11461846EFF735F803468D
:10177000FB73FB7B002B21D0FB7B25E03A8A7B8A25
:1017800011461846EFF7BBF80346FB73FB7B002BB3
:1017900016D0FB7B18E03A8A7B8A11461846EFF791
:1017A000F1F80346FB73FB7B002B0BD0FB7B0BE0BC
:1017B00000BF08E000BF06E000BF04E000BF02E099
:1017C00000BF00E000BF002318461837BD4680BDAB
:1017D0003440020880B485B000AF03460A46FB716E
:1017E0001346BB71BB793B73FB797B73BB8918468E
:1017F0001437BD4680BC704780B487B000AF7860B6
:101800000B46FB704FF6FF737B610023FB7423E0F4
:10181000FB7C7A6813441B781A467B6953407B61D2
:101820000123BB7412E07B6903F00103BB607B6999
:101830005B087B61BB68002B05D07B6983F4204388
:1018400083F001037B61BB7C0133BB74BB7C082B41
:10185000E9D9FB7C0133FB74FA7CFB789A42D7D33D
:101860007B691B0AFB607B691B02FA6813437B617F
:101870007B699BB27B617B699BB218461C37BD4676
:1018800080BC704780B483B000AF03463960FB7101
:101890003B681A7A3B68DA743B681B7D63F07F0310
:1018A000DAB23B681A753B68FA795A753B680322CD
:1018B00083F8132100BF0C37BD4680BC704790B53C
:1018C00087B002AF78607B681B78032B11D17B68EF
:1018D00093F82831002B0CD17B68002283F8132168
:1018E0007B68B3F81E3101339AB27B68A3F81E21DE
:1018F00086E07B6803F113027B6893F81331194685
:101900001046FFF779FF0346FB81FB891B0A9AB259
:101910007B6893F813311946D2B27B680B44DA74B2
:101920007B6893F813310133DAB27B6883F81321B3
:101930007B6893F813311946FB89DAB27B680B4454
:10194000DA747B6893F813310133DAB27B6883F879
:1019500013217B68DB68002B0CD07B685B68184622
:10196000FAF74EFD7B68D8687B681B8A012219460E
:10197000F6F7F5FA7B6858687B6803F113017B681A
:1019800093F813311A46FAF788F9FA210120FDF786
:1019900069FD00BF7B685B681B681B6803F0400340
:1019A000002BF7D07B68DB68002B0CD07B68D868F5
:1019B0007B681B8A00221946F6F7D1FA7B685B68C0
:1019C0001846FAF750FD7B681B78042B0CD17B6816
:1019D000D3F83841FDF728F802460023009300238E
:1019E00002212046FDF7FCFF7B68002283F81321CB
:1019F0007B68B3F81E3101339AB27B68A3F81E21CD
:101A00001437BD4690BD000080B586B002AF786047
:101A10000023BB600023FB6019E0174AFB6852F803
:101A200023305B687A689A420ED1134AFB6852F8F9
:101A30002330D3F8300107F108030093002300227C
:101A40000021FDF709FE08E0FB680133FB600B4B4A
:101A50001B781A46FB689342DFDBBB68002B07D07C
:101A6000074B4FF080521A60BFF34F8FBFF36F8F59
:101A700000BF1037BD4680BD8867002094670020F6
:101A800004ED00E090B587B002AF78600023BB6042
:101A90000023FB6043E02D4AFB6852F823305B686B
:101AA0007A689A4238D1294AFB6852F8233093F871
:101AB0004432012B3AD1254AFB6852F8233003F512
:101AC000A0722249FB6851F8233093F82631194659
:101AD0001046FEF745FE1D4AFB6852F82330586851
:101AE0001A4AFB6852F8233003F593730122194612
:101AF000FAF708F9154AFB6852F82330D3F8344155
:101B0000FCF7A0FF024607F108030021009107211E
:101B10002046FDF765FF09E0FB680133FB600C4BD5
:101B20001B781A46FB689342B5DB00E000BFBB6838
:101B3000002B07D0074B4FF080521A60BFF34F8F36
:101B4000BFF36F8F00BF1437BD4690BD886700207C
:101B50009467002004ED00E090B589B002AF786092
:101B600000233B6100237B6153E0344A7B6952F8D8
:101B700023305B687A689A4248D1304A7B6952F8D0
:101B8000233093F84432012B40D17B681B681B68DB
:101B900003F00803082B0AD10023FB607B681B6855
:101BA0001B68FB607B681B685B68FB60FB687B688D
:101BB0001B681B6803F00603062B0AD10023BB60D9
:101BC0007B681B681B68BB607B681B685B68BB60CD
:101BD000BB681A4A7B6952F8233003F593730122DC
:101BE00019467868FAF78EF8144A7B6952F8233060
:101BF000D3F83441FCF726FF024607F11003002119
:101C0000009107212046FDF7EBFE08E07B690133D8
:101C10007B610B4B1B781A467B699342A5DB3B69C2
:101C2000002B07D0074B4FF080521A60BFF34F8F45
:101C3000BFF36F8F00BF1C37BD4690BD8867002083
:101C40009467002004ED00E00EB44FF4017270B50B
:101C500000259DB021AC54F8046BADF814201B9501
:101C600002900690EAF7E4FA0B4B03900B934FF6C1
:101C7000FF7307900948ADF816303246234602A993
:101C800000680F951495019400F0FCF91DB0BDE8B3
:101C9000704003B0704700BFA11C02085C00002028
:101CA0000020704703460244934200D1704703F876
:101CB000011BF9E72D4B70B51B680446834253D0D6
:101CC000C3691BB3DB6863B10025E369DB6859595D
:101CD000B1B90435802DF8D1E3692046D96800F008
:101CE00081F8E369196811B1204600F07BF8E369D7
:101CF0009D685DB1294620462D6800F073F8F8E72D
:101D00000E68204600F06EF83146E1E7616911B1D6
:101D1000204600F067F8E16911B1204600F062F852
:101D2000216B11B1204600F05DF8616B11B12046C6
:101D300000F058F8A16B11B1204600F053F8A16CE7
:101D400011B1204600F04EF8616C11B1204600F050
:101D500049F8E16A11B1204600F044F8236A1BB14A
:101D60002046BDE87040184770BD00BF5C000020F1
:101D7000014B1868704700BF5C00002070B500265A
:101D80000C4D0D4C641BA410A64209D101F040FF7C
:101D900000260A4D0A4C641BA410A64205D170BD52
:101DA00055F8043B98470136EEE755F8043B984751
:101DB0000136F2E7E8410208E8410208E84102087A
:101DC000EC410208704770470A44914200F1FF332A
:101DD00000D1704710B511F8014B914203F8014F43
:101DE000F9D110BD38B50546002940D051F8043C62
:101DF0000C1F002BB8BFE41800F0DEF81C4A136873
:101E000033B9636014602846BDE8384000F0DAB8A2
:101E1000A34208D9206821188B4201BF19685B686A
:101E200009182160EDE71A465B680BB1A342FAD9A5
:101E300011685018A0420BD1206801445018834209
:101E40001160E0D118685B68084410605360DAE7FD
:101E500002D90C232B60D6E7206821188B4201BFE2
:101E600019685B680918216063605460CBE738BD6E
:101E7000DC68002070B50F4E0C463168054611B97C
:101E800000F032FC30602146284600F02DFC431C57
:101E900003D14FF0FF34204670BDC41C24F003046E
:101EA000A042F8D0211A284600F01EFC0130F2D1E1
:101EB000EFE700BFD86800202DE9F843CD1C25F0DE
:101EC000030508350C2D38BF0C25002D064601DB17
:101ED000A94204D90C2333600020BDE8F883DFF861
:101EE000D48000F069F8D8F800301C4644BB29467D
:101EF0003046FFF7BFFF431C044658D1D8F80040D6
:101F00002746002F43D1002C4BD02368394630465A
:101F100004EB030900F0E8FB814542D1216830461B
:101F20006D1A2946FFF7A6FF01303AD023682B44EB
:101F30002360D8F800305A6862BBC8F800700FE020
:101F40002268521B20D40B2A17D96119A34225609D
:101F500018BF5960636808BFC8F8001062514B6031
:101F6000304600F02FF804F10B00231D20F007008D
:101F7000C21A1CBF1B1AA350AFE76268A3420CBF72
:101F8000C8F800205A60EBE723466468AEE73C4699
:101F90007F68B6E71A465B68A342FBD10023536013
:101FA000DEE70C233046336000F00CF894E7056060
:101FB000D6E700BFDC6800200148FFF703BF00BF81
:101FC000D46800200148FFF7FEBE00BFD46800209F
:101FD00038B54B1C144603D14FF0FF35284638BDA9
:101FE0009389CDB223F020039381636B52688BB148
:101FF000A36B934208DD23685A1E226003F8015C3C
:10200000636801336360E9E7214600F034FB002890
:10201000F1D0E1E72169236851B1994208D213F860
:10202000011CA94204D1013B013223606260D5E763
:10203000C4E90F3204F1440363630323A36323461B
:1020400003F8465F23600123DCE710B50C46496BBB
:1020500069B104F14403994201D0FFF7C3FE0020A7
:10206000236C6063636013B1E36B236010BD23696D
:102070004FF0FF30236000236360A38943F0200307
:10208000A381F3E72DE9F04F0C4600210646ADF59C
:10209000237DCDE94411AB490DF10408A091AA4973
:1020A000AA4FCDF81881A191009392F80090B9F150
:1020B000000F00F0598117F80930551C13F0080380
:1020C00019D06368002B0FDD23681A78BA5C1207F9
:1020D00001D42A46E9E7459A013301324592626804
:1020E0002360013A6260ECE721463046A19B9847A5
:1020F0000028E9D0EDE7B9F1250F40F08680419343
:10210000439353782A2B04BF1023951C4FF00A02E7
:1021100008BF4193AA461AF8011BA1F13003092B0D
:102120001ED9DFF82CB20322584600F0EDFA38B180
:1021300001235546419AA0EB0B0083401343419382
:1021400015F8013B782B06D8572B10D8252B5CD0DF
:1021500056D8002B74D0032347930A23429387E079
:10216000439B554602FB031130394391D2E7A3F15B
:102170005802202AEFD801A151F822F04F2202087C
:102180005721020857210208A922020857210208F4
:102190005721020857210208572102085721020837
:1021A0005721020857210208BF220208A52202086F
:1021B0000722020807220208072202085721020804
:1021C00061220208572102085721020857210208FC
:1021D00057210208CF22020869220208472202087A
:1021E0005721020857210208CB2202085721020872
:1021F000A522020857210208572102084F2202088F
:10220000453B022BA7D8052331E06368002B0DDD89
:1022100023681A784A4540F0A7800133626823603A
:10222000459B013A01336260459352E721463046AF
:10223000A19B98470028EBD04498002840F08C8060
:102240004FF0FF308CE0419A42F020024192419AD7
:1022500042F40072419210226E2B429202D905E0A4
:1022600000234293032302E008234293042347936D
:102270006368002B39DD419B590604D423681A7822
:10228000BA5C120738D4479B022B47DC6B462246C8
:10229000304641A900F06AF8012865D002287FF491
:1022A00018AFC9E70A22D7E72946404600F0AAF945
:1022B000419B054643F0400341930123D7E7419BEF
:1022C00043F0400341930023D1E70223CFE7419835
:1022D000C3063FF5FEAE009B459A191D00911B6891
:1022E000C0074CBF1A801A60F3E621463046A19B16
:1022F00098470028BFD09FE7459A0132459262680F
:10230000013A002A626002DD01332360B6E721460C
:102310003046A19B98470028B0D08DE7042B06DCFF
:102320006B462246304641A900F07AF8B4E7094BE3
:10233000002B3FF4CEAE6B462246304641A9AFF3A8
:102340000080A9E7D11F02084B2002085A4002086A
:102350003A40020800000000A3895B063FF570AF19
:102360000DF5237DBDE8F08F4498F9E72DE9F8439A
:1023700015468A6880460C4632B98A69002A14BF1D
:102380004FF0FF3201228A6000272268DFF88C902C
:10239000D1065FBF1A68111D19601668A06988B15F
:1023A000012807D12B681A7863699B5C53B9002F09
:1023B00031D022E0022820D12B681B7819F8033095
:1023C0001B071AD423680137DA065EBF2B681B7817
:1023D00006F8013B2A686B6801322A60A268013B5B
:1023E000013A6B60A26042B1002BD7DC294640461F
:1023F000D4F8803198470028D0D0236813F0100318
:1024000005D1E2680132E260A26902B133700020B6
:1024100023693B442361BDE8F88300BF5A400208AA
:102420002DE9F04F0C469846724B87B0824616460F
:1024300093E8070003AB83E807006F4BA1696F4A7D
:102440002746032908BF1A46A36801925A1EB2F50F
:10245000AE7F81BF6FF4AE7503EB050940F25D13EB
:10246000A36057F81C3B98BF4FF000093D464FF062
:10247000000B43F450632360316803AB02220978F8
:1024800053F82B0000F040F928B3BBF1010F59D1EC
:1024900062682AB908212268616042F400722260F1
:1024A000226822F4A0622260A268511EA16092B14B
:1024B0003268511C3160127805F8012B7268013ABC
:1024C000002A726007DC31465046D4F880219047DC
:1024D000002840F085800BF1010BBBF1030FCBD13D
:1024E00063680BB90A236360636845496069C91A68
:1024F00000F088F84FF0000BA3682268002B3DD055
:102500003168606991F800C010F80C00002835D0DF
:10251000BCF1300F24D1100522D50BF1010BB9F11C
:10252000000F03D0013309F1FF39A3607368013B49
:10253000002B73601BDD336801333360A368013BFC
:10254000A360D9E7BBF1020FAED1226802F4C061EB
:10255000B1F5007FC4D1102142F480726160A2E71E
:1025600022F4106222600B7805F8013BDEE7314669
:102570005046D4F8803198470028DFD02368D90529
:102580000DD5BD4209D915F8011C32465046D4F884
:102590007C3105F1FF3998474D46BD4228D022686D
:1025A00012F0100213D12A70394663685046019E1A
:1025B000B047D8F8003021681A1DC8F8002011F083
:1025C000200F1B680FD01860E3680133E360002020
:1025D0002369ED1B5D442B44236107B0BDE8F08FF8
:1025E0004FF0000BCAE7CA074CBF18801860EBE732
:1025F0000120F2E7B43D02087528020855290208B7
:102600004E40020870B50B7804465E2B0BBF4B782A
:102610004A1C8A1C002108BF0121013804F1FF0572
:1026200000F8011FA842FBD10BB9501E70BD81F00C
:1026300001011046E154024612F8015B2D2D05D030
:102640005D2D16D0002DF1D02B46F2E746785D2E99
:10265000FAD0B342F8DC1A46023001329642A15455
:10266000FBDCF21A013AB342A8BF00225D1CAB1892
:10267000E1E71046DAE72DE9F0410C46496B04F139
:10268000440399421BD14FF48061FFF715FC18B940
:102690004FF0FF30BDE8F0814FF48063A36394F8FE
:1026A0004630606380F8FF3394F8453000F2FD3027
:1026B000437094F84430037020600020EAE7A66B72
:1026C00077003A4600F02EF805460028E0D000EBEF
:1026D0000608014632464046FFF776FBC4E90D572F
:1026E000C4F80080E9E7000038B50023054D044632
:1026F00008462B60F4F75CFD431C02D12B6803B144
:10270000236038BDD0680020034610B5C9B202442A
:102710009342184601D1002003E0047801338C4233
:10272000F6D110BD2DE9F041074614460D4621B9FA
:102730001146BDE8F041FFF7BFBB2AB9FFF752FBD6
:1027400025462846BDE8F08100F006F98442064699
:1027500002D8B4EB500FF4D821463846FFF7ACFB53
:10276000804608B94546ECE7B4422246294628BFD0
:102770003246FFF729FB29463846FFF733FBF1E7DE
:10278000242B2DE9F0478646904601D8012B06D12F
:10279000FFF7EEFA162303600020BDE8F0870D4630
:1027A00033482A4615F8014B065D16F00806F8D1A5
:1027B0002D2C10D101262C78951C33F0100215D148
:1027C000302C0DD12A7802F0DF02582A08D16C781B
:1027D000023510230AE02B2C04BF2C78951CECE763
:1027E000002BF6D1302C14BF0A230823002206F157
:1027F000004C0CF1FF3CBCFBF3F9104603FB19CA7B
:10280000A4F13007092F0FD83C46A3421BDD571C0B
:1028100007D0814514D301D1A24511DB012200FB71
:10282000034015F8014BEBE7A4F14107192F01D83C
:10283000373CEAE7A4F16107192F04D8573CE4E7D5
:102840004FF0FF32EDE7531C08D122236046CEF84B
:102850000030B8F1000FA0D0691E06E006B140427A
:10286000B8F1000F99D0002AF6D1C8F8001094E70B
:102870005A400208FFF784BF2DE9F04386460D4613
:10288000334E284615F8014B375D17F00807F8D18D
:102890002D2C10D101272C78851C33F0100015D178
:1028A000302C0DD1287800F0DF00582808D16C7842
:1028B000023510230AE02B2C04BF2C78851CECE792
:1028C000002BF6D1302C14BF0A2308234FF0FF3819
:1028D000B8FBF3F8002603FB08F930466FEA090954
:1028E000A4F1300CBCF1090F10D86446A3421EDDE0
:1028F000B6F1FF3F07D0804516D301D1A14513DBC8
:10290000012600FB034015F8014BE9E7A4F1410C57
:10291000BCF1190F01D8373CE8E7A4F1610CBCF118
:10292000190F04D8573CE1E74FF0FF36EBE7731C73
:1029300006D122233046CEF8003032B9BDE8F0830C
:1029400007B14042002AF9D006B1691E1160F5E7CF
:102950005A400208FFF790BF51F8043C181F002BA3
:10296000BCBF0B58C01870472DE9F84314461D46EC
:102970008046894600F018F9224606460F462B4647
:1029800020462946EAF7B2F8C8BB00220023404699
:102990004946EAF779F8B8B10022002320462946D3
:1029A000EAF772F8002841D12046294600F060F885
:1029B00028B30022002320462946EAF76FF8F0B139
:1029C000FFF7D6F9222319E03046394600F050F8D7
:1029D000C8B94046494600F04BF8A0B12046294608
:1029E00000F046F878B132463B4630463946EAF7C1
:1029F0007DF80028E4D0FFF7BBF9212303603046BF
:102A00003946BDE8F8830022002330463946EAF70C
:102A10003BF80028F3D04046494600F029F800284A
:102A2000EDD02046294600F023F8C8E70026014FE4
:102A3000E5E700BF0000F03F00F0E4BD38B5054613
:102A400000F01CF8294604462846EAF7B1FB68B9AD
:102A500000212846EAF784FB40B1FFF789F92123DA
:102A6000002103600846EAF791FA0446204638BD83
:102A700041F0004000F58010C00F704720F0004288
:102A8000B2F1FF4F2DE9F041034604460AD3014657
:102A9000EAF7C8F901462046EAF7BCF804462046A2
:102AA000BDE8F081002AFAD0002806DA0146EAF7EC
:102AB000AFF80146EAF76AFAF0E710F0FF413CD0C0
:102AC000C2150024192026464FF08071C3F3160367
:102AD000A2F17F0543F40003D20758BF5B006D10DD
:102AE0005B0072189A42CFBF1A46561864189A1A99
:102AF00001384FEA42034FEA5101F2D1BAB1154E03
:102B0000154F30683968EAF783F8D6F80080014637
:102B10004046EAF72FFB50B130683968EAF77AF897
:102B2000366801463046EAF71BFB70B10234641088
:102B300004F17C5404EBC554B1E75B0018020A466B
:102B400001F10101F9D55242BBE7013424F001043F
:102B5000EDE700BF604102085C410208C0F3C753C3
:102B60007F3B162B014610B514DC002B07DA01332E
:102B700000F0004101D141F07E51084610BD084AE5
:102B80001A410242F9D04FF480011941014421EA6F
:102B90000201F2E7802BF0D1EAF73CF80146ECE7BE
:102BA000FFFF7F00000000002DE9F04F91B0CDE95C
:102BB00000238B46DDE9001828F00047824657EADB
:102BC000010012D153468BF40022DB185241984287
:102BD000934B934180F0CD84DDE900235046594664
:102BE000E9F734FB11B0BDE8F08F8E4B2BF00045B8
:102BF0009D425E46D1460BD805D1BAF1000FEBD10C
:102C0000AF42E9D801E09F4202D89F420FD171B193
:102C100006F1404606F5801656EA0906DCD1DDE9E4
:102C20000032DB1882F4002252419E42D0E7002E8F
:102C30002B4642DA7C4A974256D8A2F15472974208
:102C400040F2A6843A15A2F2FF32142A18DDC2F12E
:102C5000340221FA02F404FA02F28A4240F0988423
:102C600004F00104C4F10204002959D1B8F1804FE5
:102C700049D152465B4650465946E9F79DFCB1E7BB
:102C800000294CD1C2F1140247FA02F404FA02F20C
:102C9000BA4240F07A8404F00104C4F10204634AA9
:102CA0009742E3D1B8F1000F80F26B8452465B4645
:102CB00000205E49E9F7AAFD94E7002481BB594A48
:102CC0009742ECD105F1404303F5801353EA090321
:102CD00000F04F84564B9D4208D9B8F1000F80F2A6
:102CE0004C84002000217DE70224E7E7B8F1000FC3
:102CF0004FF000004FF00001BFF674AFDDE90003B4
:102D000003F100416EE74B4A904509D1002E07DBE5
:102D10005046594611B0BDE8F04F00F0A7BE002460
:102D200050465946029300F069FC029BB9F1000F2E
:102D300027D13E4A26F0404C944500D00DBBB8F157
:102D4000000F05DA02460B4600203849E9F75EFD20
:102D5000002EBFF647AF05F1404505F58015254328
:102D600008D102460B4610461946E9F76DFA0246AD
:102D70000B469FE7012C7FF435AF01F10043194664
:102D800030E7F20F013A52EA040C02D152465B4698
:102D9000E9E74FF00009013C144314BFDFF88CA0B1
:102DA000DFF894A0B7F1844FCDE9029A40F2048194
:102DB000224B9F421E4B13D99D4208D8B8F1000FF9
:102DC00008DA002011B0BDE8F04F00F049BEB8F1BC
:102DD000000FF6DC002011B0BDE8F04F00F03BBE64
:102DE0009D420CD2DDE9020100220023E9F756FEE4
:102DF000003818BF0120B8F1000FECDAE2E70B4B06
:102E000000229D421CD9DDE902010023E9F746FEBC
:102E1000003818BF0120B8F1000FD3DCDBE700BF9A
:102E20000000F0FF0000F07FFFFF3F430000F03F95
:102E3000FFFFEF3F0000E03F0000F0BF0000F04365
:102E4000594BE9F701FA50A3D3E9002304460D4694
:102E5000E9F7B2FB4EA3D3E9002306460F4620460E
:102E60002946E9F7A9FB002282468B4620462946DF
:102E70004E4BE9F7A1FB02460B4647A1D1E9000101
:102E8000E9F7E2F922462B46E9F796FB02460B46A4
:102E900000204749E9F7D8F92246804689462B4663
:102EA00020462946E9F788FB02460B46404649463C
:102EB000E9F782FB3AA3D3E90023E9F77DFB024659
:102EC0000B4650465946E9F7BFF9002402460B4627
:102ED0008046894630463946E9F7B8F932463B46DE
:102EE00020460D46E9F7B0F902460B4640464946F2
:102EF000E9F7AAF9DDE90023CDE9042300230493CF
:102F0000DDE904AB06460F46DDE900015B465246AB
:102F1000E9F79AF922462B46E9F74EFBDDE9002353
:102F20008046894630463946E9F746FB02460B465D
:102F300040464946E9F78AF95B4606460F4652463F
:102F400020462946E9F738FB0B460246804689466B
:102F500030463946E9F77AF9164B044699420D4650
:102F60008B4640F3FD8101F13F4303F5E00303434A
:102F700000F0DC81DDE9020100220023E9F78EFD8B
:102F8000003818BF01201DE7000000604715F73F1B
:102F900044DF5DF80BAE543E555555555555D53F5C
:102FA000FE822B654715F73F0000F03F0000D03F41
:102FB0000000E03FFFFF8F40D34A3240002A40F03C
:102FC0007A81D24B0022E9F7F7FA6FF034040B460E
:102FD0001A15A2F2FF3222440A92CD4AC3F3130318
:102FE00043F07F55934245F4401508DDC94A9342AA
:102FF00040F363810A9BA5F5801501330A930026EF
:10300000F3000B93C44B294603EBC603D3E900340A
:103010001A46CDE9083423468246E9F715F95246A7
:103020002B46CDE90C01DDE90801E9F70FF902466D
:103030000B460020B949E9F7E9FB02460B46CDE90A
:103040000E01DDE90C01E9F7B7FACDE90601DDE98A
:103050000634CDE9043400230022AB466D1045F060
:103060000055049305F50025DDE9048905EB864349
:103070004046494614461D46E9F79EFA02460B466D
:10308000DDE90C01E9F7E0F8DDE9082306460F4623
:1030900020462946E9F7D8F802460B4650465946DD
:1030A000E9F7D2F842464B46E9F786FA02460B4664
:1030B00030463946E9F7C8F8DDE90E23E9F77CFA2E
:1030C000DDE90623CDE9080110461946E9F774FA4F
:1030D0007BA3D3E9002304460D46E9F76DFA7AA3F2
:1030E000D3E90023E9F7B2F822462B46E9F764FA60
:1030F00077A3D3E90023E9F7A9F822462B46E9F79D
:103100005BFA75A3D3E90023E9F7A0F822462B4622
:10311000E9F752FA72A3D3E90023E9F797F82246B8
:103120002B46E9F749FA70A3D3E90023E9F78EF8B3
:10313000224606460F462B4620462946E9F73CFA2A
:1031400002460B4630463946E9F736FA04460D4644
:10315000DDE9060142464B46E9F778F8DDE9082348
:10316000E9F72AFA22462B46E9F770F842468246EA
:103170008B464B4640464946E9F71EFA0022684B0B
:1031800006460F46E9F762F852465B46E9F75EF8F5
:1031900000240D4622460B4640464946E9F70CFA04
:1031A000002280468946204629465D4BE9F74CF8C7
:1031B00032463B46E9F748F802460B465046594628
:1031C000E9F742F8DDE90623E9F7F6F92246064673
:1031D0000F46DDE908012B46E9F7EEF902460B46FA
:1031E00030463946E9F732F8002406460F460246D3
:1031F0000B4640464946E9F729F83DA3D3E90023A9
:1032000020460D46E9F7D8F942464B46CDE906017E
:1032100020462946E9F718F802460B46304639465B
:10322000E9F712F834A3D3E90023E9F7C5F934A389
:10323000D3E9002306460F4620462946E9F7BCF9A4
:1032400002460B4630463946E9F700F80B9A354BF3
:1032500000241344D3E90023E8F7F8FF82460A98D4
:103260008B46E9F73FF906460F460B9A2E4B13445F
:10327000D3E900895246DDE906015B46E8F7E6FF3F
:1032800042464B46E8F7E2FF32463B46E8F7DEFFB0
:1032900032463B4620460D46E8F7D6FF42464B46AF
:1032A000E8F7D2FFDDE90623E8F7CEFF02460B463A
:1032B000504659461CE600248AE60126A0E600BFD7
:1032C000EF4E454A287ECA3F65DBC9934A86CD3F0B
:1032D00001411DA96074D13F4D268F515555D53FF1
:1032E000FFAB6FDBB66DDB3F033333333333E33F89
:1032F000000000E009C7EE3FFD033ADC09C7EE3FDE
:10330000F5015B14E02F3EBE0000F07F000040435B
:103310008E98030079B60B00884102080000F03F48
:103320000000084068410208784102089AA3D3E9E6
:10333000002330463946E8F789FF4246CDE90001CF
:103340004B4620462946E8F77FFF02460B46DDE95B
:103350000001E9F7C1FB00287FF40CAEA04B22E08E
:10336000A04C21F00043A34219D99F4B0B440343C7
:1033700009D0DDE9020100220023E9F78FFB0038C4
:1033800018BF012027E542464B46E8F75DFF32466D
:103390003B46E9F797FB0028EBD1944B03E0944AB6
:1033A000934240F2E1804FF4801A1B15A3F2FE33E2
:1033B0004AFA03FADA44CAF30A518E48A1F2FF31FD
:1033C000084100EA0A03CAF3130AC1F114014AF4DE
:1033D000801A40464AFA01FABBF1000F49464FF005
:1033E0000002B8BFCAF1000AE8F72EFF80468946FE
:1033F000002432463B4640464946E8F727FF68A38B
:10340000D3E9002320460D46E9F7D6F842464B465D
:10341000CDE9000120462946E8F716FF02460B4693
:1034200030463946E8F710FF5FA3D3E90023E9F7F8
:10343000C3F85FA3D3E90023804689462046294686
:10344000E9F7BAF802460B4640464946E8F7FEFE61
:1034500004460D4602460B46DDE90001E8F7F6FE9C
:10346000DDE9002380468946E8F7EEFE02460B467A
:1034700020462946E8F7E8FE424606460F464B46F8
:1034800040464946E9F798F84BA3D3E900230446A0
:103490000D46E9F791F84AA3D3E90023E8F7D4FEF3
:1034A00022462B46E9F788F847A3D3E90023E8F73B
:1034B000CDFE22462B46E9F77FF845A3D3E900234A
:1034C000E8F7C2FE22462B46E9F776F842A3D3E995
:1034D0000023E8F7BBFE22462B46E9F76DF80246CB
:1034E0000B4640464946E8F7AFFE04460D46024605
:1034F0000B4640464946E9F75FF80022CDE9000156
:103500004FF0804320462946E8F79EFE02460B46D0
:10351000DDE90001E9F77AF9324604460D463B46FB
:1035200040464946E9F748F832463B46E8F78EFE02
:1035300002460B4620462946E8F786FE42464B46A1
:10354000E8F782FE02460B4600202B49E8F77CFE96
:1035500001EB0A54B4F5801F09DA524600F0ECF989
:10356000DDE90223FFF789BBDDF810A040E7214623
:10357000F6E700202049FFF735BBDDE90001FFF742
:1035800031BB50465946FFF72DBB0C46FFF787BBB2
:103590000024FFF769BB00BFFE822B654715973CEF
:1035A00000000000432EE63FEF39FAFE422EE63FD0
:1035B000396CA80C615C20BED0A4BE726937663E2F
:1035C000F16BD2C541BDBB3E2CDE25AF6A56113F23
:1035D00093BDBE166CC1663F3E5555555555C53F0A
:1035E00000009040FFCB904000346F3F00CC9040F3
:1035F0000000E03F0000F0FF0000F03F21F000433A
:1036000019467047F8B521F00046B6F1FF4F034662
:1036100005D820F00042B2F1FF4F074604D9184602
:10362000E9F7F8FA034610E0B1F17E5F03D1BDE897
:10363000F84000F06FB88C1704F0020444EAD0742C
:103640002AB9022C4BD0032C4BD01846F8BD1EB91A
:10365000002F4CDB274BF8E7B6F1FF4F0ED1B2F14C
:10366000FF4F04F1FF3405D1022C3CD8224B53F814
:103670002430EAE7022C38D8204BF8E7B2F1FF4FAC
:10368000E6D0921BB2F1F45F4FEAE25017DA00295C
:1036900001DA3C3015DB1846E9F778FC00F046F912
:1036A00000F038F80346012C0DD0022C0ED0002C6F
:1036B000CBD013491846E9F7ADFA12490CE00D4B8F
:1036C000F1E70023EFE703F10043BEE70C4918469A
:1036D000E9F7A0FA01460B48E9F79AFAA2E7094B85
:1036E000B3E7094BB1E7094BAFE70023ADE7084B60
:1036F000ABE700BFDB0FC93FA441020898410208B5
:103700002EBDBB33DB0F4940DB0F49C0DB0F493F08
:10371000DB0FC9BF2DE9F04120F00045B5F1A14F05
:10372000044680460ED3B5F1FF4F04D90146E9F7B0
:1037300071FA044603E0002840F3CE80674C20462F
:10374000BDE8F081664B9D420ED8B5F1445F08D2CA
:103750006449E9F75FFA4FF07E51E9F71FFD002851
:10376000EDD14FF0FF361CE000F0E0F85E4B044670
:103770009D427CD8A3F5D0039D4267D80146E9F766
:1037800049FA4FF07E51E9F743FA4FF08041054680
:103790002046E9F73FFA01462846E9F7F7FB0026FD
:1037A000044621462046E9F73DFB01460746E9F776
:1037B00039FB05464D49E9F735FB4D49E9F72AFA4A
:1037C0002946E9F72FFB4B49E9F724FA2946E9F79F
:1037D00029FB4949E9F71EFA2946E9F723FB47493E
:1037E000E9F718FA2946E9F71DFB4549E9F712FA06
:1037F0003946E9F717FB434907462846E9F712FB24
:103800004149E9F705FA2946E9F70CFB3F49E9F791
:10381000FFF92946E9F706FB3D49E9F7F9F9294699
:10382000E9F700FB3B49E9F7F3F92946E9F7FAFA2A
:1038300001463846E9F7EEF92146E9F7F3FA731C39
:10384000014633D12046E9F7E3F972E74FF07E51A4
:10385000E9F7DEF94FF07E5105462046E9F7DAF93F
:1038600001462846E9F792FB0126044699E72A4BD0
:103870009D4214D84FF07F51E9F7CAF94FF07F51BC
:1038800005462046E9F7CEFA4FF07E51E9F7C2F936
:1038900001462846E9F77AFB0226044681E70146FD
:1038A0001E48E9F773FB032604467AE71C4B53F8DE
:1038B0002610E9F7ADF92146E9F7AAF9194B0146B7
:1038C00053F82600E9F7A4F9B8F1000F0446BFF653
:1038D00036AF00F1004432E7134C30E7DB0FC93F4D
:1038E000FFFFDF3ECAF24971FFFF973FD769853C72
:1038F00059DA4B3D356B883D6E2EBA3D2549123E57
:10390000ABAAAA3E21A215BD6BF16E3D95879D3DE8
:10391000388EE33DCDCC4C3EFFFF1B40000080BF06
:10392000B0410208C0410208DB0FC9BF20F00040CF
:1039300070470000000000002DE9F0481646C1F372
:103940000A5283468C460B4682B921F0004303435A
:1039500035D02D4B0022E8F72FFE2C4B83469E429C
:103960008C460DDA24A3D3E9002319E040F2FF7757
:10397000BA4209D10246E8F769FC83468C461EE04C
:103980000B46C1F30A52363A4CF250318E420ADDF0
:103990001BA3D3E90023654663F31E0529461C4893
:1039A000E8F70AFEE9E740F2FE7132448A42EFDCB2
:1039B000002A08DD6FF31E5343EA0255AC46584611
:1039C0006146BDE8F08812F1350F09DA0CF00043CA
:1039D00043F0D27141F4B7310E4841F01F01C1E705
:1039E00036326FF31E5343EA0255584629460022E9
:1039F000094BD5E7AFF3008059F3F8C21F6EA5015C
:103A00009C7500883CE4377E00005043B03CFFFFCB
:103A10009C75008859F3F8C20000903C70B50446CC
:103A20000D461646FEF7A4F929460660204670BDED
:103A300013B50446194610460CB103F10043CDE915
:103A40000023DDE90023E8F7B7FD222202B0BDE83C
:103A50001040FFF7E3BF00224FF08053FFF7E8BFAD
:103A600000224FF0E043FFF7E3BF0000654A2DE975
:103A7000F84F8A4306460F460B4604460ED10246CF
:103A8000E8F79AFD02460B4630463946E8F7DEFB7A
:103A900006460F4630463946BDE8F88F00290CDC53
:103AA00021F000420243F5D089B10246E8F7CCFB91
:103AB00002460B46E8F7AAFEEAE70A1515D10021EF
:103AC00009E0E30A153A6405002BFAD0F7E70A4645
:103AD000FAE75B000131D802FBD5481E121AC1F18A
:103AE000200024FA00F003438C400027A2F2FF38A4
:103AF0001621D2074FF400103A46C3F3130343F4E0
:103B000080135CBF5B0003EBD4734FEA430358BFE1
:103B1000640003EBD4734FEA6808640015189D42F3
:103B2000DEBF2A185B1B3F18E50F013905EB430385
:103B30004FEA44044FEA5000F0D10D4620264FF0E2
:103B40000040934200EB010C02DC13D1A44511D8D4
:103B5000BCF1000F0CEB00013EDA00293CDB02F166
:103B6000010E9B1A7246A44588BF03F1FF33A4EBF4
:103B70000C0405444FEAD47C013E0CEB43034FEAAE
:103B800044044FEA5000DCD11C431AD01E4CDFF82D
:103B90007C90D4E90001D9E90023E8F755FBD4E98A
:103BA00000AB02460B4650465946E8F781FF40B14C
:103BB000D4E90001D9E90023B5F1FF3F0ED1354624
:103BC00001377B1003F17F5303F5001303EB08511A
:103BD0006B0843EAC7705BE79646C2E7E8F736FB37
:103BE000D4E900AB02460B4650465946E8F756FF6B
:103BF00020B1AB1C08BF01370235E2E76B1C23F094
:103C00000105DEE70000F07FD8410208D04102083C
:103C1000F8B500BFF8BC08BC9E467047F8B500BFB9
:083C2000F8BC08BC9E46704789
:103C2800494D555F526561645461736B0000000033
:103C3800253032582E253032582E25303258000083
:103C480030312E30322E303000000000686561744B
:103C58005461736B00000000686561745175657587
:103C6800650000006C6564517565756500000000AD
:103C78004C45445461736B00000C01400010030371
:103C880000000000000C01400020030300000000B9
:103C980064656661756C745461736B005744546154
:103CA800736B000050435F5253545461736B0000B0
:103CB800627574746F6E5461736B0000627574740E
:103CC8006F6E53656D000000666C61736854696DB2
:103CD8006572000073656E735461736B00000000B9
:103CE80073656E7353656D00636F6E73756D5461A4
:103CF800736B0000536D616C6C5F456467655F565C
:103D0800325F4672656552544F5300004D6F746FB1
:103D1800725461736B0000004D6F746F725175655A
:103D2800756500004D6F746F7253656D446F6E65F5
:103D38000000000049444C4500000000546D72200A
:103D480053766300546D725100000000517565751B
:103D5800654D6F6462757354656C656772616D005B
:103D68005461736B4D6F64627573536C6176650053
:103D78005461736B4D6F646275734D6173746572D2
:103D8800000000004D6F6442757353706872000044
:103D98007854696D657254696D656F7574000000BB
:103DA80054696D65725433350000000050400208B4
:103DB8005340020856400208283C02080000000050
:103DC80000000000000000000000000000040000E7
:103DD800180000000000000000000000543C020829
:103DE80000000000000000000000000000000000CB
:103DF80000020000180000000000000000000000A1
:103E0800603C020800000000000000000000000004
:103E18000000000000000000983C020800000000BC
:103E28000000000000000000000000000008000082
:103E3800180000000000000000000000A43C020878
:103E4800000000000000000000000000000000006A
:103E58000002000031000000000000000000000027
:103E6800AC3C020800000000000000000000000058
:103E780000000000000200001A000000000000001E
:103E880000000000B83C020800000000000000002C
:103E98000000000000000000000200001800000000
:103EA8000000000000000000C43C02080000000000
:103EB8000000000000000000DC3C020800000000D8
:103EC80000000000000000000000000000030000E7
:103ED800180000000000000000000000E83C020894
:103EE800000000000000000000000000F03C020894
:103EF80000000000000000000000000000000000BA
:103F0800000200001800000000000000000000008F
:103F1800143D02080000000000000000000000003E
:103F2800000000000002000018000000000000006F
:103F380000000000203D0208000000000000000012
:103F48000000000000000000000000002C3D0208F6
:103F58000000000000000000000000000101000156
:103F68000000010001010100000000010101010041
:103F78000000000101010001000001000000000034
:103F88000000000001020304060708090000000001
:103F98000102030402030405060708090A0B0C0DB5
:103FA8000E0F10100102000002030405060708099D
:103FB8000A0B0C0D0E0F101001020000543D0208F0
:103FC80000000000000000000000000000000000E9
:103FD80000000000683D020800000000000000002A
:103FE8000000000000000000000400001A000000AB
:103FF8000000000000000000783D020800000000FA
:1040080000000000000000000000000000020000A6
:104018001A00000000000000000000008C3D0208AB
:10402800000000000000000000000000010203047E
:104038000506686C4C00412D46612D6638393031D3
:104048003233343536375D002B2D00303000785848
:104058000000202020202020202020282828282870
:104068002020202020202020202020202020202048
:1040780020208810101010101010101010101010A0
:1040880010100404040404040404040410101010A0
:10409800101010414141414141010101010101015B
:1040A80001010101010101010101010101101010CB
:1040B800101010424242424242020202020202022E
:1040C800020202020202020202020202021010109E
:1040D80010200000000000000000000000000000A8
:1040E80000000000000000000000000000000000C8
:1040F80000000000000000000000000000000000B8
:1041080000000000000000000000000000000000A7
:104118000000000000000000000000000000000097
:104128000000000000000000000000000000000087
:104138000000000000000000000000000000000077
:104148000000000000000000000000000000000067
:10415800000000006042A20D0000803F0000000047
:10416800000000000000000006D0CF43EBFD4C3EED
:1041780000000000000000000000004003B8E23F1B
:10418800000000000000F03F000000000000F83FC1
:1041980000000080DB0F4940DB0F49C0DB0F49BF3F
:1041A800E4CB1640E4CB16C06937AC316821223322
:1041B800B40F14336821A2333863ED3EDA0F493F58
:1041C8005E987B3FDA0FC93F59F3F8C21F6EA5010D
:0841D800000000000000F03FB0
:0841E0005080FE7F0100000089
:0441E80015C20008F4
:0441EC00F1C1000815
:1041F00000E8070800004600FBFF55000A00020027
:10420000983A04293200204E050005000000010004
:10421000282301000000010000004600FBFF5500BC
:104220000A000200983A04293200204E05000500D9
:104230000000010028230100000001000024F40018
:104240001000000001000000AAAAAAAA6000002035
:1042500000000000986700200068002068680020C7
:10426000000000000000000000000000000000004E
:10427000000000000000000000000000000000003E
:10428000000000000000000000000000000000002E
:0C42900000000000000000000000000022
:04000005080172CDAF
:00000001FF
