:020000040804EE
:1000000000000120CDB204082DB0040835B004086A
:100010003DB0040845B004084DB0040800000000DD
:100020000000000000000000000000004140050842
:1000300055B0040800000000214205086942050887
:1000400015B3040815B3040815B3040815B3040860
:1000500015B3040815B3040815B3040815B3040850
:1000600015B3040815B3040815B3040815B3040840
:1000700015B3040815B3040815B3040815B3040830
:1000800015B3040815B3040815B3040815B3040820
:1000900015B3040815B3040815B3040815B3040810
:1000A00015B3040815B3040815B3040815B3040800
:1000B00061B00408C9B0040815B3040815B30408F6
:1000C00015B3040815B3040815B3040815B30408E0
:1000D00015B30408DDB0040815B30408F1B0040832
:1000E00015B3040815B3040815B3040815B30408C0
:1000F00005B1040815B3040815B3040815B30408C2
:1001000015B3040815B3040811B1040815B30408A5
:1001100015B3040815B3040815B3040879B104082D
:1001200015B3040815B3040815B3040815B304087F
:1001300000000000000000000000000000000000BF
:1001400000000000000000000000000000000000AF
:10015000000000000000000000000000000000009F
:10016000000000000000000000000000000000008F
:10017000000000000000000000000000000000007F
:10018000000000000000000000000000000000006F
:10019000000000000000000000000000000000005F
:1001A000000000000000000000000000000000004F
:1001B000000000000000000000000000000000003F
:1001C000000000000000000000000000000000002F
:1001D000000000000000000000000000000000001F
:0401E0005FF8E0F1F3
:1001F00010B5054C237833B9044B13B10448AFF361
:1002000000800123237010BDB0000020000000001A
:10021000107C050808B5034B1BB103490348AFF335
:10022000008008BD00000000B4000020107C05081C
:10023000034613F8012B002AFBD1181A0138704726
:1002400081F0004102E000BF83F0004330B54FEA87
:1002500041044FEA430594EA050F08BF90EA020FF4
:100260001FBF54EA000C55EA020C7FEA645C7FEA87
:10027000655C00F0E2804FEA5454D4EB5555B8BFAA
:100280006D420CDD2C4480EA020281EA030382EA1B
:10029000000083EA010180EA020281EA0303362DAD
:1002A00088BF30BD11F0004F4FEA01314FF4801C80
:1002B0004CEA113102D0404261EB410113F0004F92
:1002C0004FEA03334CEA133302D0524263EB430349
:1002D00094EA050F00F0A780A4F10104D5F1200EE7
:1002E0000DDB02FA0EFC22FA05F2801841F1000142
:1002F00003FA0EF2801843FA05F359410EE0A5F116
:1003000020050EF1200E012A03FA0EFC28BF4CF046
:10031000020C43FA05F3C01851EBE37101F00045FC
:1003200007D54FF0000EDCF1000C7EEB00006EEB09
:100330000101B1F5801F1BD3B1F5001F0CD3490893
:100340005FEA30004FEA3C0C04F101044FEA4452EA
:1003500012F5800F80F09A80BCF1004F08BF5FEA71
:10036000500C50F1000041EB045141EA050130BD51
:100370005FEA4C0C404141EB0101013C28BFB1F563
:10038000801FE9D291F0000F04BF01460020B1FAAE
:1003900081F308BF2033A3F10B03B3F120020CDA81
:1003A0000C3208DD02F1140CC2F10C0201FA0CF05F
:1003B00021FA02F10CE002F11402D8BFC2F1200CC4
:1003C00001FA02F120FA0CFCDCBF41EA0C0190407A
:1003D000E41AA2BF01EB0451294330BD6FEA0404C3
:1003E0001F3C1CDA0C340EDC04F11404C4F12002AE
:1003F00020FA04F001FA02F340EA030021FA04F3C0
:1004000045EA030130BDC4F10C04C4F1200220FA16
:1004100002F001FA04F340EA0300294630BD21FA54
:1004200004F0294630BD94F0000F83F4801306BF1A
:1004300081F480110134013D4EE77FEA645C18BF0E
:100440007FEA655C29D094EA050F08BF90EA020FA5
:1004500005D054EA000C04BF1946104630BD91EA9D
:10046000030F1EBF0021002030BD5FEA545C05D1A0
:100470004000494128BF41F0004130BD14F58004DF
:100480003CBF01F5801130BD01F0004545F0FE4153
:1004900041F470014FF0000030BD7FEA645C1ABF88
:1004A000194610467FEA655C1CBF0B46024650EABF
:1004B000013406BF52EA033591EA030F41F40021EB
:1004C00030BD00BF90F0000F04BF0021704730B571
:1004D0004FF4806404F132044FF000054FF0000146
:1004E00050E700BF90F0000F04BF0021704730B507
:1004F0004FF4806404F1320410F0004548BF4042DC
:100500004FF000013EE700BF42004FEAE2014FEA30
:1005100031014FEA02701FBF12F07F4393F07F4F0B
:1005200081F06051704732F07F4208BF704793F00E
:100530007F4F04BF41F40021704730B54FF4607421
:1005400001F0004521F000411CE700BF50EA010224
:1005500008BF704730B54FF000050AE050EA0102CD
:1005600008BF704730B511F0004502D5404261EB3D
:1005700041014FF4806404F132045FEA915C3FF47E
:10058000D8AE4FF003025FEADC0C18BF03325FEA1B
:10059000DC0C18BF033202EBDC02C2F1200300FACC
:1005A00003FC20FA02F001FA03FE40EA0E0021FAF1
:1005B00002F11444BDE600BF70B54FF0FF0C4CF4DF
:1005C000E06C1CEA11541DBF1CEA135594EA0C0F91
:1005D00095EA0C0F00F0DEF82C4481EA030621EACC
:1005E0004C5123EA4C5350EA013518BF52EA033507
:1005F00041F4801143F4801338D0A0FB02CE4FF0B9
:100600000005E1FB02E506F00042E0FB03E54FF0E8
:100610000006E1FB03569CF0000F18BF4EF0010EE0
:10062000A4F1FF04B6F5007F64F5407404D25FEADC
:100630004E0E6D4146EB060642EAC62141EA55518F
:100640004FEAC52040EA5E504FEACE2EB4F1FD0CD1
:1006500088BFBCF5E06F1ED8BEF1004F08BF5FEA4F
:10066000500E50F1000041EB045170BD06F0004601
:1006700046EA010140EA020081EA0301B4EB5C04AE
:10068000C2BFD4EB0C0541EA045170BD41F48011A6
:100690004FF0000E013C00F3AB8014F1360FDEBFCB
:1006A000002001F0004170BDC4F10004203C35DAA7
:1006B0000C341BDC04F11404C4F1200500FA05F32A
:1006C00020FA04F001FA05F240EA020001F00042CB
:1006D00021F0004110EBD37021FA04F642EB060141
:1006E0005EEA430E08BF20EAD37070BDC4F10C046B
:1006F000C4F1200500FA04F320FA05F001FA04F22F
:1007000040EA020001F0004110EBD37041F100011A
:100710005EEA430E08BF20EAD37070BDC4F1200525
:1007200000FA05F24EEA020E20FA04F301FA05F28D
:1007300043EA020321FA04F001F0004121FA04F235
:1007400020EA020000EBD3705EEA430E08BF20EA05
:10075000D37070BD94F0000F0FD101F0004640003F
:1007600041EB010111F4801F08BF013CF7D041EAC1
:10077000060195F0000F18BF704703F000465200C5
:1007800043EB030313F4801F08BF013DF7D043EA96
:100790000603704794EA0C0F0CEA135518BF95EA4C
:1007A0000C0F0CD050EA410618BF52EA4306D1D1D3
:1007B00081EA030101F000414FF0000070BD50EAF2
:1007C000410606BF1046194652EA430619D094EA7C
:1007D0000C0F02D150EA013613D195EA0C0F05D166
:1007E00052EA03361CBF104619460AD181EA0301BA
:1007F00001F0004141F0FE4141F470014FF0000072
:1008000070BD41F0FE4141F4780170BD70B54FF00C
:10081000FF0C4CF4E06C1CEA11541DBF1CEA13558C
:1008200094EA0C0F95EA0C0F00F0A7F8A4EB05046E
:1008300081EA030E52EA03354FEA013100F0888065
:100840004FEA03334FF0805545EA131343EA12632E
:100850004FEA022245EA111545EA10654FEA0026E3
:100860000EF000419D4208BF964244F1FD0404F59C
:10087000407402D25B084FEA3202B61A65EB0305F8
:100880005B084FEA32024FF480104FF4002CB6EBB5
:10089000020E75EB030E22BFB61A754640EA0C0035
:1008A0005B084FEA3202B6EB020E75EB030E22BF75
:1008B000B61A754640EA5C005B084FEA3202B6EBB6
:1008C000020E75EB030E22BFB61A754640EA9C0075
:1008D0005B084FEA3202B6EB020E75EB030E22BF45
:1008E000B61A754640EADC0055EA060E18D04FEA03
:1008F000051545EA16754FEA06164FEAC30343EAA3
:1009000052734FEAC2025FEA1C1CC0D111F4801F6F
:100910000BD141EA00014FF000004FF0004CB6E768
:1009200011F4801F04BF01430020B4F1FD0C88BF07
:10093000BCF5E06F3FF6AFAEB5EB030C04BFB6EB12
:10094000020C5FEA500C50F1000041EB045170BD05
:100950000EF0004E4EEA113114EB5C04C2BFD4EB32
:100960000C0541EA045170BD41F480114FF0000EB6
:10097000013C90E645EA060E8DE60CEA135594EA32
:100980000C0F08BF95EA0C0F3FF43BAF94EA0C0F35
:100990000AD150EA01347FF434AF95EA0C0F7FF4AA
:1009A00025AF104619462CE795EA0C0F06D152EAFE
:1009B00003353FF4FDAE1046194622E750EA4106E2
:1009C00018BF52EA43067FF4C5AE50EA41047FF4F3
:1009D0000DAF52EA43057FF4EBAE12E74FF0FF3C58
:1009E00006E000BF4FF0010C02E000BF4FF0010C29
:1009F0004DF804CD4FEA410C7FEA6C5C4FEA430CA2
:100A000018BF7FEA6C5C1BD001B050EA410C0CBFF0
:100A100052EA430C91EA030F02BF90EA020F002052
:100A2000704710F1000F91EA030F58BF994208BFB9
:100A300090422CBFD8176FEAE37040F00100704776
:100A40004FEA410C7FEA6C5C02D150EA013C07D1CD
:100A50004FEA430C7FEA6C5CD6D152EA033CD3D018
:100A60005DF8040B704700BF8446104662468C4612
:100A70001946634600E000BF01B5FFF7B7FF002845
:100A800048BF10F1000F01BD4DF808EDFFF7F4FF6E
:100A90000CBF012000205DF808FB00BF4DF808EDF9
:100AA000FFF7EAFF34BF012000205DF808FB00BF1C
:100AB0004DF808EDFFF7E0FF94BF012000205DF83E
:100AC00008FB00BF4DF808EDFFF7CEFF94BF0120F3
:100AD00000205DF808FB00BF4DF808EDFFF7C4FFEC
:100AE00034BF012000205DF808FB00BF4FEA410C35
:100AF0007FEA6C5C02D150EA013C0AD14FEA430C18
:100B00007FEA6C5C02D152EA033C02D14FF0000054
:100B100070474FF0010070474FEA410212F5001292
:100B200015D211D56FF47873B3EB625212D94FEA34
:100B3000C12343F0004343EA505311F0004F23FA1E
:100B400002F018BF404270474FF00000704750EA73
:100B5000013005D111F0004008BF6FF00040704730
:100B60004FF00000704700BF4FEA4102B2F1E0438E
:100B700024BFB3F5001CDCF1FE5C0DD901F0004C84
:100B80004FEAC0024CEA5070B2F1004F40EB8300D4
:100B900008BF20F00100704711F0804F21D113F100
:100BA0003872BCBF01F00040704741F480114FEA39
:100BB0005252C2F11802C2F1200C10FA0CF320FAC2
:100BC00002F018BF40F001004FEAC1234FEAD323DF
:100BD00003FA0CFC40EA0C0023FA02F34FEA430349
:100BE000CCE77FEA625307D150EA01331EBF4FF0D2
:100BF000FE4040F44000704701F0004040F0FE40ED
:100C000040F40000704700BF80F0004002E000BFE9
:100C100081F0004142001FBF5FEA410392EA030FE7
:100C20007FEA226C7FEA236C6AD04FEA1262D2EB31
:100C30001363C1BFD218414048404140B8BF5B4236
:100C4000192B88BF704710F0004F40F4000020F0CF
:100C50007F4018BF404211F0004F41F4000121F0E5
:100C60007F4118BF494292EA030F3FD0A2F101022F
:100C700041FA03FC10EB0C00C3F1200301FA03F16D
:100C800000F0004302D5494260EB4000B0F5000F90
:100C900013D3B0F1807F06D340084FEA310102F14F
:100CA0000102FE2A51D2B1F1004F40EBC25008BF01
:100CB00020F0010040EA03007047490040EB0000CB
:100CC000013A28BFB0F5000FEDD2B0FA80FCACF1CC
:100CD000080CB2EB0C0200FA0CF0AABF00EBC250F9
:100CE00052421843BCBFD0401843704792F0000FE7
:100CF00081F4000106BF80F400000132013BB5E73A
:100D00004FEA41037FEA226C18BF7FEA236C21D0AF
:100D100092EA030F04D092F0000F08BF0846704714
:100D200090EA010F1CBF0020704712F07F4F04D1E2
:100D3000400028BF40F00040704712F100723CBFF5
:100D400000F50000704700F0004343F0FE4040F41F
:100D5000000070477FEA226216BF08467FEA2363DD
:100D60000146420206BF5FEA412390EA010F40F4C8
:100D7000800070474FF0000304E000BF10F0004314
:100D800048BF40425FEA000C08BF704743F09643FB
:100D900001464FF000001CE050EA010208BF704716
:100DA0004FF000030AE000BF50EA010208BF70479D
:100DB00011F0004302D5404261EB41015FEA010CB2
:100DC00002BF84460146002043F0B64308BFA3F1AA
:100DD0008053A3F50003BCFA8CF2083AA3EBC2538C
:100DE00010DB01FA02FC634400FA02FCC2F12002AB
:100DF000BCF1004F20FA02F243EB020008BF20F0E2
:100E00000100704702F1200201FA02FCC2F1200247
:100E100050EA4C0021FA02F243EB020008BF20EA3C
:100E2000DC7070474FF0FF0C1CEAD0521EBF1CEA6A
:100E3000D15392EA0C0F93EA0C0F6FD01A4480EA58
:100E4000010C400218BF5FEA41211ED04FF0006341
:100E500043EA501043EA5111A0FB01310CF000406D
:100E6000B1F5000F3EBF490041EAD3715B0040EA93
:100E7000010062F17F02FD2A1DD8B3F1004F40EB63
:100E8000C25008BF20F00100704790F0000F0CF036
:100E9000004C08BF49024CEA502040EA51207F3AFA
:100EA000C2BFD2F1FF0340EAC250704740F40000D5
:100EB0004FF00003013A5DDC12F1190FDCBF00F0C6
:100EC00000407047C2F10002410021FA02F1C2F174
:100ED000200200FA02FC5FEA310040F1000053EA10
:100EE0004C0308BF20EADC70704792F0000F00F05E
:100EF000004C02BF400010F4000F013AF9D040EA64
:100F00000C0093F0000F01F0004C02BF490011F4F7
:100F1000000F013BF9D041EA0C018FE70CEAD153F5
:100F200092EA0C0F18BF93EA0C0F0AD030F0004C75
:100F300018BF31F0004CD8D180EA010000F0004029
:100F4000704790F0000F17BF90F0004F084691F0E7
:100F5000000F91F0004F14D092EA0C0F01D1420221
:100F60000FD193EA0C0F03D14B0218BF084608D1EA
:100F700080EA010000F0004040F0FE4040F4000034
:100F8000704740F0FE4040F4400070474FF0FF0CC7
:100F90001CEAD0521EBF1CEAD15392EA0C0F93EA0E
:100FA0000C0F69D0A2EB030280EA010C49024FEA60
:100FB000402037D04FF0805343EA111143EA101319
:100FC0000CF000408B4238BF5B0042F17D024FF4D1
:100FD000000C8B4224BF5B1A40EA0C00B3EB510FAC
:100FE00024BFA3EB510340EA5C00B3EB910F24BF95
:100FF000A3EB910340EA9C00B3EBD10F24BFA3EB1A
:10100000D10340EADC001B0118BF5FEA1C1CE0D1E1
:10101000FD2A3FF650AF8B4240EBC25008BF20F094
:10102000010070470CF0004C4CEA50207F32C2BFE8
:10103000D2F1FF0340EAC250704740F400004FF085
:101040000003013A37E792F0000F00F0004C02BFB6
:10105000400010F4000F013AF9D040EA0C0093F080
:10106000000F01F0004C02BF490011F4000F013BDA
:10107000F9D041EA0C0195E70CEAD15392EA0C0F42
:1010800008D142027FF47DAF93EA0C0F7FF470AF7A
:10109000084676E793EA0C0F04D14B023FF44CAFBD
:1010A00008466EE730F0004C18BF31F0004CCAD152
:1010B00030F000427FF45CAF31F000437FF43CAF8E
:1010C0005FE700BF4FF0FF3C06E000BF4FF0010CB0
:1010D00002E000BF4FF0010C4DF804CD4FEA400292
:1010E0004FEA41037FEA226C18BF7FEA236C11D0DC
:1010F00001B052EA530C18BF90EA010F58BFB2EB8F
:10110000030088BFC81738BF6FEAE17018BF40F00E
:10111000010070477FEA226C02D15FEA402C05D1C2
:101120007FEA236CE4D15FEA412CE1D05DF8040B47
:10113000704700BF844608466146FFE70FB5FFF7DA
:10114000C9FF002848BF10F1000F0FBD4DF808ED92
:10115000FFF7F4FF0CBF012000205DF808FB00BF83
:101160004DF808EDFFF7EAFF34BF012000205DF8DD
:1011700008FB00BF4DF808EDFFF7E0FF94BF01202A
:1011800000205DF808FB00BF4DF808EDFFF7D2FF27
:1011900094BF012000205DF808FB00BF4DF808ED6A
:1011A000FFF7C8FF34BF012000205DF808FB00BF37
:1011B0004FEA40024FEA41037FEA226C02D15FEA24
:1011C000402C08D17FEA236C02D15FEA412C02D186
:1011D0004FF0000070474FF0010070474FEA4002A7
:1011E000B2F1FE4F0FD34FF09E03B3EB12620DD955
:1011F0004FEA002343F0004310F0004F23FA02F0BF
:1012000018BF404270474FF00000704712F1610F65
:1012100001D1420205D110F0004008BF6FF000403C
:1012200070474FF00000704742000ED2B2F1FE4FFF
:101230000BD34FF09E03B3EB126209D44FEA0023A5
:1012400043F0004323FA02F070474FF0000070476C
:1012500012F1610F01D1420202D14FF0FF3070470D
:101260004FF00000704700BF80B588B004AF7860D1
:101270000B46FB70FB78302B05D0302B06DC102B97
:1012800001D0202B02D1FB78FB7301E00023FB731C
:10129000282302930123019307F10F0300930123F5
:1012A0007F22D02178680BF039FB034618461037AF
:1012B000BD4680BD80B590B004AF78603960002332
:1012C000FB73002387F82E3005E000BF97F82E301F
:1012D000013387F82E3097F82E30312BF5D90021C5
:1012E0007868FFF7C1FF034687F82F3097F82F3053
:1012F000002B04D0B64B02221A7000F055BC00231C
:1013000087F82D3005E000BF97F82D30013387F8BE
:101310002D3097F82D30312BF5D928230293012356
:10132000019307F10F03009301230022D021786875
:101330000BF0EEFB034687F82F3097F82F30002B89
:1013400002D1FB7BEA2B04D0A14B03221A7000F0E0
:101350002BBC0023FB73002387F82C3005E000BF73
:1013600097F82C30013387F82C3097F82C30312B3C
:10137000F5D9282302930123019307F10F0300936A
:1013800001230622D02178680BF0C2FB034687F8C0
:101390002F30FB7B63F07F03DBB2FB7397F82F30BA
:1013A000002B1ED1002387F82B3005E000BF97F8F3
:1013B0002B30013387F82B3097F82B30312BF5D9B0
:1013C000282302930123019307F10F0300930123C4
:1013D0000622D02178680BF0A1FA034687F82F3057
:1013E00046E00023FB73002387F82A3005E000BFA6
:1013F00097F82A30013387F82A3097F82A30312BB2
:10140000F5D9282302930123019307F10F030093D9
:1014100001230622D02178680BF07AFB034687F877
:101420002F30FB7B63F07F03DBB2FB7397F82F3029
:10143000002B1DD1002387F8293005E000BF97F865
:101440002930013387F8293097F82930312BF5D925
:10145000282302930123019307F10F030093012333
:101460000622D02178680BF059FA034687F82F300E
:1014700097F82F30002B03D0554B04221A7093E3BA
:10148000642009F07BFF0023FB73282302930123D0
:10149000019307F10F03009301230622D0217868FE
:1014A0000BF036FB034687F82F30FB7B23F0070356
:1014B000DBB2FB73FB7B43F00103DBB2FB73FB7B13
:1014C00023F00803DBB2FB7397F82F30002B1DD1FC
:1014D000002387F8283005E000BF97F82830013353
:1014E00087F8283097F82830312BF5D92823029334
:1014F0000123019307F10F03009301230622D0215A
:1015000078680BF00BFA034687F82F3097F82F30E6
:10151000002B03D02E4B05221A7045E30023FB73EA
:10152000002387F8273005E000BF97F82730013304
:1015300087F8273097F82730312BF5D928230293E5
:101540000123019307F10F03009301230622D02109
:1015500078680BF0DDFA034687F82F30FB7B03F049
:101560004003002B26D0FB7B23F04003DBB2FB7350
:1015700097F82F30002B1DD1002387F8263005E087
:1015800000BF97F82630013387F8263097F82630C9
:10159000312BF5D9282302930123019307F10F037F
:1015A000009301230622D02178680BF0B7F9034697
:1015B00087F82F3097F82F30002B03D0044B0622EA
:1015C0001A70F1E20023FB73002387F8253007E04F
:1015D000D000002000BF97F82530013387F8253070
:1015E00097F82530312BF5D9282302930123019355
:1015F00007F10F03009301230322D02178680BF039
:1016000087FA034687F82F30FB7B03F01003002B8B
:1016100026D0FB7B23F01003DBB2FB7397F82F304F
:10162000002B1DD1002387F8243005E000BF97F878
:101630002430013387F8243097F82430312BF5D942
:10164000282302930123019307F10F030093012341
:101650000322D02178680BF061F9034687F82F3018
:1016600097F82F30002B03D0A54B07221A709BE26E
:10167000002387F8233005E000BF97F823300133BB
:1016800087F8233097F82330312BF5D9202178685B
:10169000FFF7EAFD034687F82F3097F82F30002B2D
:1016A00014D0002387F8223005E000BF97F82230DD
:1016B000013387F8223097F82230312BF5D92021D9
:1016C0007868FFF7D1FD034687F82F3097F82F3061
:1016D000002B03D08A4B08221A7065E20023FB73AB
:1016E000002387F8213005E000BF97F8213001334F
:1016F00087F8213097F82130312BF5D92823029330
:101700000123019307F10F03009301230022D0214D
:1017100078680BF0FDF9034687F82F30FB7BFF2B31
:1017200023D0FF23FB7397F82F30002B1DD100230C
:1017300087F8203005E000BF97F82030013387F8A4
:10174000203097F82030312BF5D92823029301233C
:10175000019307F10F03009301230022D021786841
:101760000BF0DCF8034687F82F3097F82F30002B6A
:1017700003D0634B09221A7016E20023FB7328235F
:1017800002930123019307F10F0300930123012228
:10179000D02178680BF0BCF9034687F82F3000237E
:1017A000FB7703E000BFFB7F0133FB77FB7F312B2F
:1017B000F8D9FB7B03F00103002B09D0FB7B03F07E
:1017C0000603042B04D1FB7B03F03803202B27D026
:1017D000FB7B23F03F03DBB2FB73FB7B43F0250372
:1017E000DBB2FB7397F82F30002B19D1282302931B
:1017F0000123019307F10F03009301230122D0215C
:1018000078680BF08BF8034687F82F300023BB77FE
:1018100003E000BFBB7F0133BB77BB7F312BF8D91F
:1018200097F82F30002B03D0354B0A221A70BBE1FA
:101830000023FB73282302930123019307F10F0375
:10184000009301230222D02178680BF061F903464E
:1018500087F82F3000237B7703E000BF7B7F0133C5
:101860007B777B7F312BF8D9FB7B03F00703072BBA
:1018700027D0FB7B23F00703DBB2FB73FB7B43F03A
:101880000703DBB2FB7397F82F30002B19D1282305
:1018900002930123019307F10F0300930123022216
:1018A000D02178680BF03AF8034687F82F300023F0
:1018B0003B7703E000BF3B7F01333B773B7F312B1E
:1018C000F8D997F82F30002B03D00D4B0B221A704C
:1018D0006AE10023BB8100233B823223029302236F
:1018E000019307F10C03009301231022D0217868A3
:1018F0000BF00EF9034687F82F300023FB7605E046
:10190000D000002000BFFB7E0133FB76FB7E312B35
:10191000F8D93B7B1BB21B021AB27B7B1BB2134371
:101920001BB23B823B8AC3F30B03FF2B28D03B7BCC
:1019300023F00F03DBB23B7300237B733B7B3B73D2
:10194000FF237B7397F82F30002B19D1322302939A
:101950000223019307F10C03009301231022D021ED
:1019600078680AF0DBFF034687F82F300023BB7648
:1019700003E000BFBB7E0133BB76BB7E312BF8D9C1
:101980000023FB73282302930123019307F10F0324
:10199000009301231422D02178680BF0B9F8034694
:1019A00087F82F3000237B7603E000BF7B7E013376
:1019B0007B767B7E312BF8D9FB7B03F00103002B78
:1019C00009D0FB7B03F00603042B04D1FB7B03F05F
:1019D0003803202B27D0FB7B23F03F03DBB2FB73C4
:1019E000FB7B43F02503DBB2FB7397F82F30002B12
:1019F00019D1282302930123019307F10F030093C8
:101A000001231422D02178680AF088FF034687F862
:101A10002F3000233B7603E000BF3B7E01333B7653
:101A20003B7E312BF8D997F82F30002B03D0604B39
:101A30000D221A70B8E00023FB73282302930123C0
:101A4000019307F10F03009301231522D021786839
:101A50000BF05EF8034687F82F300023FB7503E098
:101A600000BFFB7D0133FB75FB7D312BF8D9FB7B80
:101A700003F00303032B27D0FB7B23F00303DBB22C
:101A8000FB73FB7B43F00303DBB2FB7397F82F3050
:101A9000002B19D1282302930123019307F10F038F
:101AA000009301231522D02178680AF037FF0346FE
:101AB00087F82F300023BB7503E000BFBB7D0133E7
:101AC000BB75BB7D312BF8D997F82F30002B03D095
:101AD000374B0E221A7067E000217868FFF7C4FBCD
:101AE000034687F82F3000237B7503E000BF7B7D22
:101AF00001337B757B7D312BF8D997F82F30002B84
:101B000003D02B4B0F221A704EE00023FB732823C7
:101B100002930123019307F10F030093012307228E
:101B2000D02178680AF0F4FF034687F82F300023AD
:101B30003B7503E000BF3B7D01333B753B7D312BA3
:101B4000F8D9FB7B002B1FD00023FB7397F82F30B5
:101B5000002B19D1282302930123019307F10F03CE
:101B6000009301230722D02178680AF0D7FE0346AC
:101B700087F82F300023FB7403E000BFFB7C0133A8
:101B8000FB74FB7C312BF8D997F82F30002B03D056
:101B9000074B10221A7007E0054B01221A70102221
:101BA0000021044814F07EF83037BD4680BD00BFE8
:101BB000D0000020D4000020F0B58FB004AF7860D2
:101BC0007B683B62FA23FB83FB8B4FF47A7202FB48
:101BD00003F3A84AA2FB03239B09BB61012387F8F7
:101BE0002730B8690FF01AF8A34B1B78012B40F08F
:101BF0003D8107F108030C220021184614F052F829
:101C00000021386AFFF730FB034687F8273097F842
:101C10002730002B0FD1642302930C23019307F18B
:101C20000803009301232D22D021386A0AF070FFA7
:101C3000034687F8273097F82730002B40F01881AB
:101C40008E4B1B781B018E4A13447B613B7A1BB27F
:101C50001B021AB27B7A1BB213431AB27B691A8039
:101C6000BB7A1BB21B021AB2FB7A1BB213431AB225
:101C70007B695A803B7B1BB21B021AB27B7B1BB277
:101C800013431AB27B699A80BB7B1BB21B021AB248
:101C9000FB7B1BB213431AB27B69DA803B7C1BB21D
:101CA0001B021AB27B7C1BB213431AB27B691A81E6
:101CB000BB7C1BB21B021AB2FB7C1BB213431AB2D1
:101CC0007B695A817B69B3F900301A46642302FBB1
:101CD00003F3002B01DA03F6FF731B131AB27B69BF
:101CE0001A807B69B3F902301A46642302FB03F3BE
:101CF000002B01DA03F6FF731B131AB27B695A80BB
:101D00007B69B3F904301A46642302FB03F3002B0A
:101D100001DA03F6FF731B131AB27B699A807B69A1
:101D2000B3F906301A4613469B0013445B00554A2C
:101D300082FB0312D211DB17D31A1AB27B69DA8045
:101D40007B69B3F908301A4613469B0013445B00C5
:101D50004C4A82FB0312D211DB17D31A1AB27B69E9
:101D60001A817B69B3F90A301A4613469B00134463
:101D70005B00444A82FB0312D211DB17D31A1AB25A
:101D80007B695A817B69B3F900301846FEF7F6FF8C
:101D9000034683F000447B69B3F902301846FEF72E
:101DA000EDFF05467B69B3F902301846FEF7E6FF02
:101DB000034619462846FFF735F803461E467B6959
:101DC000B3F904301846FEF7D9FF05467B69B3F92D
:101DD00004301846FEF7D2FF034619462846FFF79F
:101DE00021F8034619463046FEF714FF034618460D
:101DF00014F024FE03461946204614F01DFE034647
:101E000021491846FFF70EF8034620491846FFF708
:101E1000BDF803461846FFF7E1F903461AB27B699D
:101E2000DA817B69B3F902301846FEF7A7FF044652
:101E30007B69B3F904301846FEF7A0FF0346194644
:101E4000204614F0F9FD03460F491846FEF7EAFF55
:101E500003460E491846FFF799F803461846FFF760
:101E6000BDF903461AB27B699A81BAE600BFB8E6AB
:101E700000BFB6E6D34D6210D0000020D100002094
:101E8000D40000203F06E76300003443DB0F4940E5
:101E900080B58CB000AF7860844BDB69834A43F037
:101EA0008053D361814BDB6903F080533B623B6A13
:101EB0007E4BDB697D4A43F00063D3617B4BDB697A
:101EC00003F00063FB61FB690BF0BCFE774B1B6A00
:101ED00003F00203002B1AD109F046FAF862734BA3
:101EE0001B6A724A43F0010313620AE009F03CFAEC
:101EF0000246FB6AD31AB3F5487F02D30BF0AEFE5D
:101F0000D0E06A4B1B6A03F00203002BEED0674B54
:101F10001B6ABB62BB6A03F44073B3F5807F0AD0CF
:101F2000BB6A23F44073BB62BB6A43F48073BB6239
:101F30005E4ABB6A1362BB6A03F40043002B05D1FF
:101F40005A4B1B6A594A43F400431362584B1B6BAC
:101F5000574A23F001031363554B5B6B544A23F03C
:101F6000040353637B68534A1A607B684FF0FF3267
:101F70005A607B6800229A60786808F0F3F903469B
:101F8000002B02D00BF06AFE8CE00A21786808F082
:101F9000B3FF03464AF2A552934240D007F118031B
:101FA00000210A461A800A469A7000237B610023AA
:101FB0003B7600237B760023BB7607F118030022D3
:101FC0001946786808F063FA0346002B02D00BF03C
:101FD00045FE67E001237B750123BB750023FB757C
:101FE00007F1140300221946786808F0BFFB034686
:101FF000002B02D00BF032FE54E0786900F05CF860
:102000000346BB84BB8C1A460921786808F05AFF46
:102010004AF2A5520A21786808F054FF40E007F11F
:10202000100300210A461A800A469A700023FB60BA
:1020300007F1100300221946786808F0BFFA03463A
:10204000002B2DD107F10C0300221946786808F007
:1020500043FC0346002B23D17B7B012B20D1BB7B90
:10206000012B1DD1FB7B002B1AD10023FB840921FE
:10207000786808F041FF0346FB84FB8C002B0FD0EF
:102080000023BB6007F10802FB8C1146184600F0E4
:1020900031F807F1080300221946786808F066FB5A
:1020A0000BF0DCFD3037BD4680BD00BF00100240A4
:1020B000006C00400028004080B483B000AF78601E
:1020C000FB791BB25B021AB27B791BB25B011BB2BC
:1020D00003F4F0731BB213431AB2BB791BB203F0C3
:1020E0001F031BB213431BB29BB218460C37BD46ED
:1020F00080BC704780B483B000AF03463960FB807A
:10210000FB885B0A9BB2DBB203F07F03DAB23B6869
:10211000DA70FB885B099BB2DBB203F00F03DAB223
:102120003B685A70FB88DBB203F01F03DAB23B68EE
:102130009A7000BF0C37BD4680BC704780B586B032
:1021400000AF0023FB75434B434A1A6000233B61F9
:1021500030E0404B1B68BB60BB681B884FF6FF72CA
:1021600093421FD1BB6802331B884FF6FF72934224
:1021700018D1BB6804331B884FF6FF72934211D10C
:10218000BB6806331B884FF6FF7293420AD1314B6E
:102190001B68314A934211D10123FB752D4B2F4A05
:1021A0001A600BE02B4B1B6880332A4A13603B6993
:1021B00001333B613B690F2BCBD900E000BF274BBC
:1021C0007B60244B1B687A689A423FD10023FB60F6
:1021D00037E0204B1B683B603B681B884FF6FF7263
:1021E000934226D13B6802331B884FF6FF7293421D
:1021F0001FD13B6804331B884FF6FF72934218D1FE
:102200003B6806331B884FF6FF72934211D1114B86
:102210001B687A689A4218D1FB7D002B15D00D4BB4
:102220000D4A1A6010210E4809F0B1FE00F06EF957
:102230000BE0084B1B688033064A1360FB680133D0
:10224000FB60FB680F2BC4D900E000BF00BF18374C
:10225000BD4680BD0000002000E8070800F0070828
:1022600000080140F0B400AF2B4A2C4B104603F19C
:10227000200402461946D1F800C04E688D68C9682E
:10228000C2F800C056609560D16010331030A34290
:10229000EFD102461B681360204B00221A801F4BAF
:1022A00046225A801D4B4FF6FB729A801B4B5522DB
:1022B000DA801A4B0A221A81184B02225A81174BD4
:1022C00043F698229A81154B42F60412DA81134B99
:1022D00032221A82114B44F620625A820F4B052299
:1022E0009A820E4B0522DA820C4B00221A830B4B8A
:1022F00001225A83094B42F228329A83074B01226A
:10230000DA83064B00221A84044B01225A8400BF50
:10231000BD46F0BC704700BF28000020040000202C
:1023200080B48BB000AF00237B62744B1B68744A8F
:10233000934202D1734B7B6203E0704B1B68803B7E
:102340007B627B6A1B887B84B7F92230B3F1FF3F45
:1023500002D06D4A7B8C13807B6A02331B883B84DE
:10236000B7F92030B3F1FF3F02D0674A3B8C53806E
:102370007B6A04331B88FB83B7F91E30B3F1FF3F40
:1023800002D0614AFB8B93807B6A06331B88BB8338
:10239000B7F91C30B3F1FF3F02D05B4ABB8BD3804F
:1023A0007B6A08331B887B83B7F91A30B3F1FF3F90
:1023B00002D0554A7B8B13817B6A0A331B883B838F
:1023C000B7F91830B3F1FF3F02D04F4A3B8B53812E
:1023D0007B6A0C331B88FB82B7F91630B3F1FF3FE1
:1023E00002D0494AFB8A93817B6A0E331B88BB82E9
:1023F000B7F91430B3F1FF3F02D0434ABB8AD3810F
:102400007B6A10331B887B827B8A4FF6FF72934274
:1024100002D03D4A7B8A13827B6A12331B883B823F
:102420003B8A4FF6FF72934202D0374A3B8A53826F
:102430007B6A14331B88FB81B7F90E30B3F1FF3F81
:1024400002D0314AFB8993827B6A16331B88BB8199
:10245000B7F90C30B3F1FF3F02D02B4ABB89D382CE
:102460007B6A18331B887B817B894FF6FF7293420E
:1024700002D0254A7B8913837B6A1A331B883B81F0
:102480003B894FF6FF72934202D01F4A3B89538328
:102490007B6A1C331B88FB80B7F90630B3F1FF3F22
:1024A00002D0194AFB8893837B6A1E331B88BB804A
:1024B000BB884FF6FF72934202D0134ABB88D38386
:1024C0007B6A20331B887B807B884FF6FF729342A8
:1024D00002D00D4A7B8813847B6A22331B883B80A1
:1024E0003B884FF6FF72934202D0074A3B885384E1
:1024F00000BF2C37BD4680BC704700BF00000020E5
:1025000000E8070880F70708040000202DE9B04F15
:10251000A6B000AF002387F897300023C7F88C30AF
:102520000023FB67AD4BC7F884300123C7F8883020
:1025300011F01CFE72B600BF09F0D6F9034687F809
:10254000973097F89730002B40F03A8107F18C02D2
:1025500007F17C031146184609F0AEFA034687F8E6
:102560009730D7F88C30B3F1FF3F02D0012387F8C2
:10257000973097F89730002B40F02281974BC7F89F
:102580009030D7F890301946954B1B881BB21BB280
:10259000DA171C46154622462B46012009F034F96D
:1025A000D7F89030023319468D4B5B881BB21BB2B3
:1025B000DA179846914642464B46012009F024F925
:1025C000D7F8903004331946854B9B881BB21BB259
:1025D000DA179A46934652465B46012009F014F9F1
:1025E000D7F89030063319467D4BDB881BB21BB2FF
:1025F000DA173B677A67D7E91C23012009F004F951
:10260000D7F8903008331946754B1B891BB21BB2A3
:10261000DA17BB66FA66D7E91A23012009F0F4F845
:10262000D7F890300A3319466D4B5B891BB21BB249
:10263000DA173B667A66D7E91823012009F0E4F837
:10264000D7F890300C331946654B9B891BB21BB2EF
:10265000DA17BB65FA65D7E91623012009F0D4F82B
:10266000D7F890300E3319465D4BDB891BB21BB295
:10267000DA173B657A65D7E91423012009F0C4F81D
:10268000D7F8903010331946554B1B8A9BB29BB23A
:102690000022BB64FA64D7E91223012009F0B4F8E0
:1026A000D7F89030123319464D4B5B8A9BB29BB2E0
:1026B00000223B647A64D7E91023012009F0A4F8D2
:1026C000D7F8903014331946454B9B8A1BB21BB286
:1026D000DA17BB63FA63D7E90E23012009F094F8F7
:1026E000D7F89030163319463D4BDB8A1BB21BB22C
:1026F000DA173B637A63D7E90C23012009F084F8E9
:10270000D7F8903018331946354B1B8B9BB29BB2D0
:102710000022BB62FA62D7E90A23012009F074F8AB
:10272000D7F890301A3319462D4B5B8B9BB29BB276
:1027300000223B627A62D7E90823012009F064F89D
:10274000D7F890301C331946254B9B8B1BB21BB21C
:10275000DA17BB61FA61D7E90623012009F054F8C2
:10276000D7F890301E3319461D4BDB8B9BB29BB2C2
:1027700000223B617A61D7E90423012009F044F883
:10278000D7F8903020331946154B1B8C9BB29BB267
:102790000022BB60FA60D7E90223012009F034F877
:1027A000D7F89030223319460D4B5B8C9BB29BB20D
:1027B00000223B607A60D7E90023012009F024F869
:1027C00009F0B8F862B600BF11F000FD97F8973035
:1027D00018469837BD46BDE8B08F00BF00E807082F
:1027E000040000202DE9B04390B000AF78600023D2
:1027F00087F83F300023FB610023FB600123BB61AE
:1028000011F0B4FC72B600BF09F06EF8034687F809
:102810003F3097F83F30002B06D062B600BF11F072
:10282000D5FC97F83F3017E17B687B628D4B1B68C6
:102830008D4A934205D28B4B1B6812338A4A9342CE
:1028400002D3884B894A1A600023BB631CE0BB6B30
:102850005A00844B1B68D118BB6B5B007A6A134427
:102860001B889BB200229846914642464B46012067
:1028700008F0CAFF034687F83F3097F83F30002B37
:1028800006D1BB6B0133BB63BB6B112BDFD900E0FF
:1028900000BF97F83F30002B5BD0724B1B6823F4CE
:1028A000FF6323F007033B623B6A7B616D4A3B6A2F
:1028B000136007F11C0207F10C031146184609F0DA
:1028C000FBF8034687F83F30FB69B3F1FF3F17D0B1
:1028D000002387F837300FE007F11C0207F10C03E3
:1028E0001146184609F0E8F8034687F83F3097F894
:1028F0003730013387F8373097F83730022BEBD970
:1029000097F83F30002B24D100233B631CE03B6B46
:102910005A00544B1B68D1183B6B5B007A6A134416
:102920001B889BB200221C46154622462B460120DE
:1029300008F06AFF034687F83F3097F83F30002BD6
:1029400006D13B6B01333B633B6B112BDFD900E0BE
:1029500000BF97F83F30002B76D1424B1B68424AAC
:10296000934202D33F4B414A1A600023FB623D4B26
:102970001B683E4A934204D13D4B7B613C4BFB625A
:1029800008E0384B1B683A4A934203D1374B7B61CE
:10299000364BFB62FB6A002B51D0FB6A1B884FF65B
:1029A000FF7293424BD0FB6A02331B884FF6FF72D3
:1029B000934244D0FB6A04331B884FF6FF72934264
:1029C0003DD0FB6A06331B884FF6FF72934236D028
:1029D00007F11C0207F10C031146184609F06CF8C8
:1029E000034687F83F30FB69B3F1FF3F17D0002360
:1029F00087F82B300FE007F11C0207F10C0311469A
:102A0000184609F059F8034687F83F3097F82B30FD
:102A1000013387F82B3097F82B30022BEBD997F83E
:102A20003F30002B03D1FB69B3F1FF3F07D008F023
:102A300081FF62B600BF11F0C9FB01230CE0094B16
:102A40001B688033074A136008F074FF62B600BF4A
:102A500011F0BCFB97F83F3018464037BD46BDE843
:102A6000B08300BF0000002000F8070800E8070856
:102A700000F0070880B500AFFFF7F4FB0248FFF74E
:102A8000B1FE0346184680BD040000202DE9F04F3A
:102A900091B002AF6B461E46402387F82F308F4B14
:102AA0001B7887F82E30FF2387F83730FF2387F80D
:102AB0003630FF2387F835304FF0FF33FB614FF09E
:102AC000FF33BB614FF0FF337B6197F82E30002B53
:102AD0000CD1834B1B7887F83730824B1B7887F8F3
:102AE0003630814B1B7887F8353012E097F82E305E
:102AF000012B0CD17D4B1B7887F837307C4B1B7832
:102B000087F836307B4B1B7887F8353001E002239D
:102B1000DEE007F1180107F11C0207F1140300932E
:102B20000B467549754813F08FF80346032B01D007
:102B30000323CDE0FB69DBB297F837209A420DD131
:102B4000BB69DBB297F836209A4207D17B69DBB2CA
:102B500097F835209A4201D10123B9E097F82F3038
:102B6000013BBB6297F82F300022984691464FF008
:102B700000024FF000034FEAC90343EA58734FEADB
:102B8000C80297F82F3000221C4615464FF000026D
:102B90004FF00003EB0043EA5473E20097F82F3044
:102BA0000733DB08DB00ADEB030D02AB00337B62C8
:102BB00097F82F301A464949786A13F005F997F8C3
:102BC0002E30002B0CD1FB69DAB27B6ADA71BB695B
:102BD000DAB27B6A1A727B69DAB27B6A5A720FE0E8
:102BE00097F82E30012B0BD1FB69DAB27B6A5A734E
:102BF000BB69DAB27B6A9A737B69DAB27B6ADA7391
:102C0000012387F8343072B600BF08F06DFE03462A
:102C1000002B52D13B1D00221A605A609A60DA6084
:102C20002E4BFB6001233B613A463B1D1146184683
:102C300008F042FF034687F8343097F83430002B11
:102C40003BD1012387F8343000233B632EE03B6BFC
:102C500003337A6AD35C1A063B6B0233796ACB5C26
:102C60001B041A433B6B0133796ACB5C1B02134391
:102C7000796A3A6B0A44127813433B623B6B03F167
:102C8000006101F5FF213B6A00229A4693465246B5
:102C90005B46022008F0B8FD034687F8343097F809
:102CA0003430002B08D13B6B04333B6397F82F3053
:102CB0003A6B9A42CBD300E000BF08F03BFE62B60D
:102CC00000BF97F83430012B01D1052300E0042325
:102CD000B54618463C37BD46BDE8F08F00F80708FA
:102CE00007F8070808F8070809F807080DF80708A3
:102CF0000EF807080FF80708387C0508487C050817
:102D000080B584B000AF786039604FF0500383F332
:102D10001188BFF36F8FBFF34F8FFB6000BF20217F
:102D2000104809F005F90346012B04D001222021A7
:102D30000C4809F014F901224FF480510A4809F0B7
:102D40000EF901224FF40051074809F008F94FF439
:102D5000FA6008F013FB06F061F800BF1037BD46BB
:102D600080BD00BF00080140000C014080B582B06A
:102D700000AF4FF0500383F31188BFF36F8FBFF3A1
:102D80004F8F7B6000BF2021104809F0D1F8034627
:102D9000012B04D0012220210C4809F0E0F8012287
:102DA0004FF480510A4809F0DAF801224FF400513B
:102DB000074809F0D4F84FF4FA6008F0DFFA06F09B
:102DC0002DF800BF0837BD4680BD00BF0008014098
:102DD000000C014080B58AB000AF78600A23FB8404
:102DE00000233B625F4B1B685B6BFB615D4B1B68A9
:102DF0009B6BBB615C4B186807F108014FF0FF3318
:102E000000220EF08DF90346002BF3D1BB68002B96
:102E100001D1FB6900E0BB693B623B7C002B32D1F6
:102E2000524B9A68FB681340002B2CD0BB681946A4
:102E30004C480BF0F1FDBB68002B04D1494B1B68DB
:102E40003A6A5A6313E0BB68042B04D1454B1A68F5
:102E50003B6A93630BE0BB68082B04D1414B1A68B3
:102E60003B6AD36303E03F4B1A683B6A136411F07B
:102E70007DF93E4B9A68FB68DB4313403B4A936005
:102E800011F0A4F96DE03B7CFF2BB3D1374B9A686E
:102E9000FB681340002BADD17B7C1A46FB8C02FBF8
:102EA00003F31A463B6A13447B612E4BDB687A6955
:102EB0009A429FD87B7C002B24D1BB68002B06D183
:102EC000284BDA68274B1B6801325A6336E0BB682F
:102ED000042B06D1234BDB68224A1268013393632B
:102EE0002CE0BB68082B06D11E4BDB681D4A12681C
:102EF0000133D36322E01B4BDB681A4A12680133AB
:102F000013641BE0BB68002B04D1164B1B687A6965
:102F10005A6313E0BB68042B04D1124B1A687B6917
:102F200093630BE0BB68082B04D10E4B1A687B69D6
:102F3000D36303E00B4B1A687B691364BB681946C3
:102F400008480BF0AFFC0346002B7FF453AF11F0A1
:102F50000DF9064B9A68FB681343044A936011F01D
:102F600035F947E7A80100200001002020080020D3
:102F700080B586B000AF78600B46FB707B681B881D
:102F8000FB82FB8A072B02D8FB8ADBB200E003231B
:102F90007B75FB78FF2B40F0EB807B7D072B00F2ED
:102FA000488101A252F823F0C92F04080F30040809
:102FB000553004089B300408E1300408053104084A
:102FC000293104084D3104080023BB600423FB6051
:102FD000FF233B7400237B74984B186807F10801AA
:102FE0004FF0FF3300220EF027F80423BB600823C4
:102FF000FB60FF233B7400237B74904B186807F140
:1030000008014FF0FF3300220EF016F811E1002303
:10301000BB600423FB60FF233B7412237B74874B4C
:10302000186807F108014FF0FF3300220EF004F892
:103030000423BB600823FB60FF233B7400237B74E5
:103040007E4B186807F108014FF0FF3300220DF0A6
:10305000F3FFEEE00023BB600423FB60FF233B741F
:1030600000237B74754B186807F108014FF0FF339C
:1030700000220DF0E1FF0423BB600823FB60FF2367
:103080003B7412237B746D4B186807F108014FF0F5
:10309000FF3300220DF0D0FFCBE00023BB60042300
:1030A000FB60FF233B7412237B74644B186807F1A9
:1030B00008014FF0FF3300220DF0BEFF0423BB6078
:1030C0000823FB60FF233B7412237B745B4B18685F
:1030D00007F108014FF0FF3300220DF0ADFFA8E02B
:1030E0000023BB600423FB60FF233B7400237B743D
:1030F000524B186807F108014FF0FF3300220DF022
:103100009BFF96E00423BB600823FB60FF233B7416
:1031100000237B74494B186807F108014FF0FF3317
:1031200000220DF089FF84E00023BB600423FB60D4
:10313000FF233B7412237B74404B186807F108018E
:103140004FF0FF3300220DF077FF72E00423BB60E5
:103150000823FB60FF233B7412237B74374B1868F2
:1031600007F108014FF0FF3300220DF065FF60E02A
:10317000FB78002B5DD17B7D072B5AD801A252F83A
:1031800023F000BFA5310408A5310408A5310408C7
:10319000A5310408EB3104080F320408EB310408B0
:1031A0000F3204080023BB600423FB6000233B7440
:1031B00000237B74214B186807F108014FF0FF339F
:1031C00000220DF039FF0423BB600823FB600023BD
:1031D0003B7400237B74194B186807F108014FF00A
:1031E000FF3300220DF028FF23E00023BB600423FF
:1031F000FB6000233B7400237B74104B186807F1BD
:1032000008014FF0FF3300220DF016FF11E00423F8
:10321000BB600823FB6000233B7400237B74074BD7
:10322000186807F108014FF0FF3300220DF004FF8A
:1032300000BF00BF1837BD4680BD00BF00010020A1
:1032400080B592B000AF07F1280300221A605A60DF
:103250009A60DA601A615A61224BBB6207F1280357
:103260001A460C2104200DF061FE03461E4A13602D
:103270001D4B1B68002B0BD14FF0500383F31188BB
:10328000BFF36F8FBFF34F8F7B6400BF00BFFDE7BD
:103290003B1D24220021184612F004FD134B7B60D5
:1032A0004FF40073BB611823FB613B1D1A460021DC
:1032B0000F480DF009FC03460E4A13600D4B1B68C6
:1032C000002B0BD14FF0500383F31188BFF36F8FA6
:1032D000BFF34F8F3B6400BF00BFFDE700BF48371F
:1032E000BD4680BD6C7C050804010020787C050883
:1032F000B93304080801002080B586B000AF7860BB
:103300000B46FB700023FB6000233B82FB78BB7401
:103310000323FB7400233B7500237B757B68B3F5A7
:10332000802F04D07B68B3F5002F06D03DE0204B02
:10333000FB604FF480533B8205E01D4BFB604FF474
:1033400000533B8200BFBB7C052B2BD801A252F857
:1033500023F000BF853304086D3304087333040879
:1033600085330408793304087F33040801237B750F
:1033700009E000237B7506E004233B7503E0082386
:103380003B7500E000BFFB68002B0DD03B8A002B93
:103390000AD0084B186807F10C01002300220DF039
:1033A0004BFE02E000BF00E000BF1837BD4680BD05
:1033B000000C014004010020B0B58EB000AF786071
:1033C000FA233B63C84B07F10C041D460FCD0FC415
:1033D00095E8030084E80300002387F837301CE0F9
:1033E00097F8372013465B0013449B0038333B4467
:1033F0002C3B186897F8372013465B0013449B005A
:1034000038333B44283B1B880022194608F0A7FDAF
:1034100097F83730013387F8373097F83730012B7A
:10342000DED921E1002387F8363018E197F83620FD
:1034300013465B0013449B0038333B442C3B1B6812
:10344000002B00F0008197F8362013465B001344F0
:103450009B0038333B44283B1B88002B00F0F38053
:1034600097F8362013465B0013449B0038333B44E7
:103470002C3B1A687B6A9A4240F0EC8097F8362021
:1034800013465B0013449B0038333B44283B1A88A7
:103490003B8D9A4240F0DE8097F8361097F8362040
:1034A0000B465B000B449B0038333B44263B1978AA
:1034B00013465B0013449B0038333B44253B0A46CC
:1034C0001A7097F8362097F82A1013465B001344B9
:1034D0009B0038333B44263B0A461A7097F8362047
:1034E00097F82C1013465B0013449B0038333B4481
:1034F000243B0A461A7097F8362097F82D10134689
:103500005B0013449B0038333B44233B0A461A704C
:1035100097F8362013465B0013449B0038333B4436
:10352000263B1B78052B00F2908001A252F823F075
:103530007B3504084935040849350408E135040899
:10354000493504084935040897F8362013465B00CE
:1035500013449B0038333B442C3B186897F83620C3
:1035600013465B0013449B0038333B44283B1B88C5
:103570000022194608F0F3FC6CE097F83620134659
:103580005B0013449B0038333B442C3B186897F88E
:10359000362013465B0013449B0038333B44283BE2
:1035A0001B88194608F0C4FC0346012B4FD097F83E
:1035B000362013465B0013449B0038333B442C3BBE
:1035C000186897F8362013465B0013449B00383385
:1035D0003B44283B1B880122194608F0C0FC36E01A
:1035E00097F8362013465B0013449B0038333B4466
:1035F0002C3B186897F8362013465B0013449B0059
:1036000038333B44283B1B88194608F091FC03469D
:10361000002B1ED097F8362013465B0013449B0006
:1036200038333B442C3B186897F8362013465B0030
:1036300013449B0038333B44283B1B880022194627
:1036400008F08DFC05E000BF04E000BF02E000BF11
:1036500000E000BF97F83630013387F8363097F82E
:103660003630012B7FF6E2AE204B186807F12401BB
:10367000002300220DF054FD0346002B3FF4D2AE90
:10368000002387F8353061E197F8352013465B0059
:1036900013449B0038333B442C3B1B68002B00F049
:1036A0004B8197F8352013465B0013449B00383359
:1036B0003B44283B1B88002B00F03E8197F83520C7
:1036C00013465B0013449B0038333B44263B1B7876
:1036D000052B00F33381042B0ADA012B00F0D9808B
:1036E000022B00F0118129E1807C050804010020F3
:1036F00097F8352013465B0013449B0038333B4456
:10370000243B1B78002B40F0978097F83520134618
:103710005B0013449B0038333B44253B1B78002B54
:103720003ED197F8352013465B0013449B00383395
:103730003B44263B00221A7097F8352013465B0065
:1037400013449B0038333B442C3B186897F83520D2
:1037500013465B0013449B0038333B44283B1B88D3
:10376000194608F0E5FB0346012B00F0E98097F8C5
:10377000352013465B0013449B0038333B442C3BFD
:10378000186897F8352013465B0013449B003833C4
:103790003B44283B1B880122194608F0E0FBCFE0A0
:1037A00097F8352013465B0013449B0038333B44A5
:1037B000253B1B78032B40F0C38097F83520134638
:1037C0005B0013449B0038333B44263B03221A70B2
:1037D00097F8352013465B0013449B0038333B4475
:1037E0002C3B186897F8352013465B0013449B0068
:1037F00038333B44283B1B88194608F099FB0346A5
:10380000002B00F09D8097F8352013465B00134491
:103810009B0038333B442C3B186897F835201346FF
:103820005B0013449B0038333B44283B1B88002239
:10383000194608F094FB83E097F8352013465B00A7
:1038400013449B0038333B442C3B186897F83520D1
:1038500013465B0013449B0038333B44283B1B88D2
:10386000194608F094FB97F8352013465B00134483
:103870009B0038333B44243B1B78013BD9B21346B1
:103880005B0013449B0038333B44243B0A461A70C8
:1038900057E097F8352013465B0013449B003833FC
:1038A0003B44233B1B78002B22D097F8352013464E
:1038B0005B0013449B0038333B442C3B186897F85B
:1038C000352013465B0013449B0038333B44283BB0
:1038D0001B88194608F05BFB97F8352013465B0000
:1038E00013449B0038333B44233B00221A7028E0EA
:1038F00097F8352013465B0013449B0038333B4454
:10390000233B01221A701CE097F8352013465B0018
:1039100013449B0038333B442C3B186897F8352000
:1039200013465B0013449B0038333B44283B1B8801
:10393000194608F02CFB04E000BF02E000BF00E0E5
:1039400000BF97F83530013387F8353097F83530B8
:10395000012B7FF699AE386B0DF060F984E600BF5D
:1039600080B483B000AF0346FB7197F90730002B9A
:103970000CDBFB7903F01F02074997F907305B095D
:10398000012000FA02F2603341F8232000BF0C3717
:10399000BD4680BC704700BF00E100E080B400AFCE
:1039A000BFF34F8F00BF064BDB6803F4E0620449AE
:1039B000044B1343CB60BFF34F8F00BF00BFFDE745
:1039C00000ED00E00400FA0580B584B000AFA64B1E
:1039D00000229A6007F0A0FC00F042FA00F044FDDB
:1039E00000F0E6FC00F096FB00F07EFA00F012FD1D
:1039F00000F02CFB00F0A6FA00F012FC00F046FCF0
:103A000010219A4808F0C3FA642007F0B7FC01229D
:103A10002021974808F0A3FA1021944808F0B7FA3B
:103A200000224FF40041924808F099FA0A2007F06A
:103A3000A5FC01224FF400418D4808F090FA8A4B12
:103A40009B6843F01003884A93601021874808F070
:103A50009EFA03F071FA874B1B6819468648FDF7FA
:103A600029FC1021814808F092FA03F065FA824897
:103A700005F008FE10217D4808F089FA03F05CFA91
:103A80007D4805F03DFD03461A46774B5A831021C9
:103A9000764808F07CFA03F04FFA88227749764896
:103AA00005F01EFF034676491846FDF7BBF90346AD
:103AB0001846FDF793FB03461AB26B4B1A80102190
:103AC0006A4808F064FA03F037FA89226B496A48B9
:103AD00005F006FF03466A491846FDF7A3F90346B9
:103AE0001846FDF7A1FB03469AB25F4B5A8010219E
:103AF0005E4808F04CFA03F01FFA002200215E48ED
:103B000005F08EFC03461A46574BDA8010215748C1
:103B100008F03DFA03F010FA574805F017FD386039
:103B20003B6804331B68184613F018F80346184620
:103B3000FDF77AFB03469AB24B4B5A8310214B4850
:103B400008F025FA03F0F8F94E4B03221A704D4B9A
:103B50004D4A5A604B4B30221A724A4B40F6B832EB
:103B6000A3F82221474B0022DA60464B474AC3F8AC
:103B70001821444B0422A3F82421424B012283F84C
:103B80004422404810F0A6FE3E4810F04DFF404B46
:103B900003221A703E4B3F4A5A603D4B30221A7244
:103BA0003B4B40F6B832A3F82221394B304ADA6059
:103BB000374B4FF480621A82354B374AC3F81821CD
:103BC000334B0422A3F82421314B012283F84422F1
:103BD0002F4810F07FFE2E4810F026FF10212348BA
:103BE00008F0D5F9FFF72CFB1021204808F0CFF999
:103BF0000023FB600023BB6013E020211B4808F07A
:103C000097F90346002B02D0BB680133BB60BB6849
:103C1000052B03DD144B01221A7605E0FB68013306
:103C2000FB60FB68092BE8DD1021104808F0AFF9B4
:103C3000FEF784FA10210D4808F0A9F9FEF770FB91
:103C400010210A4808F0A3F9FEF720FF03461A46A0
:103C5000124B1A701021054808F099F91048FEF728
:103C600017F90023FB8021E0200800200008014014
:103C7000000C0140080800200C010020D40800209E
:103C800000007A445C030020C8020020A405002044
:103C9000A805002010030020F0070020F8000020F5
:103CA000E400002000BFFB880133FB80FB88632B0E
:103CB000F8D9424B4FF461725A821021404808F003
:103CC00066F905F0B1F83F480AF03CFD03F07AFAD6
:103CD0000CF094FE3C4A002101200CF0CDFF03467D
:103CE0003A4A13603A4A012101200CF0C5FF03460D
:103CF000384A1360384A002101200CF0BDFF03460A
:103D0000364A1360364A0C2101200DF00FF90346A4
:103D1000344A1360344A062108200DF007F903469F
:103D2000324A1360324A002132480CF0CDFE03467D
:103D3000314A1360314A002131480CF0C5FE034678
:103D4000304A1360304A002130480CF0BDFE034673
:103D50002F4A13602F4A00212F480CF0B5FE03466E
:103D60002E4A13602E4A00212E480CF0ADFE034669
:103D70002D4A13602D4A00212D480CF0A5FE034664
:103D80002C4A13602C4A00212C480CF09DFE03465F
:103D90002B4A13602B4A2C492C480CF095FE034605
:103DA0002B4A13602B4A00212B480CF08DFE034652
:103DB0002A4A13600CF054FE00BFFDE720080020E3
:103DC0000008014038020020B07E050800080020ED
:103DD000E47E050808080020547F0508C408002078
:103DE000087E0508000100203C7F0508C00800206F
:103DF000207E0508A18B040858030020447E050896
:103E0000A1710408F4070020687E0508658A04088B
:103E1000F8070020E47D0508D52D0408FC000020EB
:103E20008C7E0508C18A0408FC070020C07E0508B6
:103E3000696C040804080020F47E05083571040844
:103E40000C080020C07D05080C010020B91B0408E7
:103E5000CC000020187F05085D8F0408BC080020F6
:103E600080B590B000AF07F1180328220021184652
:103E700011F018FF3B1D00221A605A609A60DA6048
:103E80001A610123BB614FF48033FB6100233B6265
:103E90000123BB6202237B634FF48033BB634FF487
:103EA0008023FB6307F11803184609F0E3FE03467D
:103EB000002B01D004F0B2FF0F237B600223BB6014
:103EC0000023FB6000233B6100237B613B1D00213D
:103ED00018460AF051F90346002B01D004F09EFF6A
:103EE00000BF4037BD4680BD80B500AF124B134ABE
:103EF0001A60114B124A5A600F4B00229A600E4B07
:103F00000022DA600C4B4FF480421A610A4B002207
:103F10005A61094B00229A61074B0022DA61064B75
:103F200000221A62044808F04BF80346002B01D027
:103F300004F074FF00BF80BD0C010020005400405D
:103F4000A086010080B58EB000AF07F130030022DB
:103F50001A605A6007F1200300221A605A609A60C2
:103F6000DA603B1D00221A605A609A60DA601A61BA
:103F70005A619A61344B4FF080421A60324B1722DB
:103F80005A60314B00229A602F4B40F6B732DA600C
:103F90002D4B00221A612C4B80229A612A480AF08C
:103FA000ABFD0346002B01D004F038FF26480AF091
:103FB00029FC0346002B01D004F030FF08212248E1
:103FC0000AF004FF0346002B01D004F027FF202352
:103FD0003B6300237B6307F1300319461A480BF05B
:103FE0003DFD0346002B01D004F018FF00233B6287
:103FF00001237B620023BB620423FB6207F12003E1
:104000000422194610480BF042F80346002B01D059
:1040100004F004FF60237B600023BB600023FB608F
:1040200004237B613B1D0C22194607480BF0CCF89A
:104030000346002B01D004F0F1FE034806F00EF811
:1040400000BF3837BD4680BD6001002080B58AB012
:1040500000AF07F1200300221A605A603B1D0022C6
:104060001A605A609A60DA601A615A619A61274B45
:10407000274A1A60254B17225A60244B00229A6067
:10408000224B40F2E732DA60204B00221A611F4BCC
:1040900080229A611D480AF0B5FB0346002B01D02F
:1040A00004F0BCFE00233B6200237B6207F1200387
:1040B000194616480BF0D2FC0346002B01D004F041
:1040C000ADFE60237B606423BB600023FB600023A4
:1040D0007B613B1D002219460C480BF075F8034626
:1040E000002B01D004F09AFE3B1D0422194607481C
:1040F0000BF06AF80346002B01D004F08FFE034852
:1041000005F0ACFF00BF2837BD4680BDA8010020E8
:104110000008004080B58EB000AF07F130030022E8
:104120001A605A6007F1200300221A605A609A60F0
:10413000DA603B1D00221A605A609A60DA601A61E8
:104140005A619A61344B354A1A60334B17225A60D0
:10415000314B00229A60304B40F6B732DA602E4B7A
:1041600000221A612C4B80229A612B480AF0C4FC71
:104170000346002B01D004F051FE27480AF042FB11
:104180000346002B01D004F049FE082122480AF022
:104190001DFE0346002B01D004F040FE20233B63AC
:1041A00000237B6307F1300319461B480BF056FCD4
:1041B0000346002B01D004F031FE00233B620123B3
:1041C0007B620023BB620423FB6207F12003002211
:1041D000194611480AF05BFF0346002B01D004F09A
:1041E0001DFE60237B600023BB600023FB60042373
:1041F0007B613B1D0422194607480AF0E5FF034690
:10420000002B01D004F00AFE034805F027FF00BF91
:104210003837BD4680BD00BFF0010020000C0040D3
:1042200080B582B000AF3B4600221A605A60154B41
:10423000154A1A60134B17225A60124B00229A60DB
:10424000104B4FF6FF72DA600E4B80229A610D48D8
:104250000AF028FA0346002B01D004F0DFFD2023EA
:104260003B6000237B603B46194606480BF0F6FB9B
:104270000346002B01D004F0D1FD00BF0837BD4636
:1042800080BD00BF380200200014004080B592B00D
:1042900000AF07F1400300221A605A6007F12403BF
:1042A00000221A605A609A60DA601A615A619A6153
:1042B0003B1D20220021184611F0F4FC3A4B3B4AEA
:1042C0001A60394B17225A60374B00229A60364BDE
:1042D00040F2E732DA60344B00221A61324B00229E
:1042E0005A61314B80229A612F480AF08BFA0346BB
:1042F000002B01D004F092FD20233B6400237B645B
:1043000007F14003194628480BF0A8FB0346002B91
:1043100001D004F083FD60237B620023BB62002395
:10432000FB6208233B6300237B630023BB63002302
:10433000FB6307F12403002219461B480AF044FFDF
:104340000346002B01D004F069FD07F12403042289
:10435000194615480AF038FF0346002B01D004F037
:104360005DFD4FF400637B604FF48063BB6000230E
:10437000FB6000233B6100237B614FF40053BB6172
:1043800000233B623B1D194607480BF0D3FB034655
:10439000002B01D004F042FD034805F05FFE00BF92
:1043A0004837BD4680BD00BF800200200034014078
:1043B00080B500AF154B164A1A60144B4FF4964265
:1043C0005A60124B00229A60104B0022DA600F4BA9
:1043D00000221A610D4B0C225A610C4B00229A618B
:1043E0000A4B0022DA6109480BF007FC0346002B58
:1043F00001D004F013FD054B1B685A69034B1B6881
:1044000042F001025A6100BF80BD00BFC802002017
:104410000038014080B500AF114B124A1A60104BB2
:104420004FF496425A600E4B00229A600C4B0022C9
:10443000DA600B4B00221A61094B0C225A61084BBF
:1044400000229A61064B0022DA6105480BF0D5FB89
:104450000346002B01D004F0E1FC00BF80BD00BF8B
:10446000100300200048004080B588B000AF07F17D
:10447000100300221A605A609A60DA60774B9B69D9
:10448000764A43F010039361744B9B6903F0100369
:10449000FB60FB68714B9B69704A43F0200393619A
:1044A0006E4B9B6903F02003BB60BB686B4B9B6941
:1044B0006A4A43F004039361684B9B6903F0040369
:1044C0007B607B68654B9B69644A43F0080393619A
:1044D000624B9B6903F008033B603B68002242F299
:1044E0000F215F4807F03BFD002241F210115D48AB
:1044F00007F035FD012220215A4807F030FD002247
:1045000043F22241584807F02AFD01224CF21001E3
:10451000554807F024FD01224FF48051504807F020
:104520001EFD01220421514807F019FD4FF40853E4
:104530003B6101237B610023BB610223FB6107F127
:1045400010031946464807F05FFB41F20F033B6139
:1045500011237B610023BB610223FB6107F1100380
:1045600019463F4807F050FB48F644033B610023DF
:104570007B610023BB6107F110031946394807F03E
:1045800043FB41F210133B6101237B610023BB61BC
:104590000223FB6107F110031946324807F034FB90
:1045A00020233B6111237B610023BB610223FB615C
:1045B00007F1100319462B4807F026FB4FF49873B8
:1045C0003B6100237B610023BB6107F110031946A7
:1045D000234807F019FB43F202433B6101237B614F
:1045E0000023BB610223FB6107F1100319461E483B
:1045F00007F00AFB40F604033B6100237B610023C4
:10460000BB6107F110031946174807F0FDFA4CF299
:1046100030033B6111237B610023BB610223FB61FB
:1046200007F110031946104807F0EEFA04233B6126
:1046300011237B610023BB610223FB6107F110039F
:1046400019460A4807F0E0FA094B9B6843F4806377
:10465000074A936000BF2037BD4680BD001002406E
:104660000010014000080140000C0140001401400E
:104670002008002080B483B000AF03460A46FB80C8
:104680001346BB80FB880F2B0FDC002B11DB1A4677
:104690004CF28703D34003F00103002B14BF012326
:1046A0000023DBB2002B06D103E0A3F54053042B1B
:1046B00001D9022309E000BFBB88002B02D0BB88D0
:1046C0007D2B01D9032300E0002318460C37BD469B
:1046D00080BC704780B483B000AF03460A46FB80BD
:1046E0001346BB80FB88022B02DC002B05DA02E0BC
:1046F000043B012B01D9022309E000BFBB88002B3A
:1047000002D0BB887D2B01D9032300E0002318468B
:104710000C37BD4680BC704780B483B000AF034601
:104720000A46FB801346BB80FB885C2B1BDC502BAE
:104730002ADA3D2B17DC242B04DA052B10DC002BA6
:1047400022DA10E0243B234A22FA03F303F00103A8
:10475000002B14BF01230023DBB2002B14D102E095
:10476000143B072B10D9FB885F2B02D9FB886B2BDE
:104770000CD9FB88B3F55A4F04D3FB884DF62022A1
:10478000934205D9022320E000BF02E000BF00E011
:1047900000BFFB88B3F55A4F0ED3FB884DF620229D
:1047A000934209D8BB88002B02D0BB88152B01D9B6
:1047B00003230AE0002308E0BB88002B02D0BB885B
:1047C0007D2B01D9032300E0002318460C37BD469A
:1047D00080BC704777FFFF0380B483B000AF03460F
:1047E0000A46FB801346BB80FB884FF6FF7293425C
:1047F00031D0FB881B0A9BB2DBB2902B2BD0FB88FD
:104800001B0A9BB2DBB2802B25D0FB881B0A9BB214
:10481000DBB2822B1FD0FB881B0A9BB2DBB28A2B38
:1048200019D0FB881B0A9BB2DBB2EC2B13D0FB88A0
:104830001B0A9BB2DBB2442B0DD0FB881B0A9BB238
:10484000DBB2D02B07D0FB881B0A9BB2DBB2292B33
:1048500001D002234EE0FB884FF6FF72934204D151
:10486000BB88012B45D0032344E0FB881B0A9BB285
:10487000DBB2902B05D1FB88DBB2002B39D00323B0
:1048800038E0FB881B0A9BB2DBB2802B0BD0FB8885
:104890001B0A9BB2DBB2822B05D0FB881B0A9BB2A2
:1048A000DBB28A2B25D1FB88DBB2882B21D0FB8899
:1048B000DBB2572B1DD0FB88DBB2582B19D0FB88FD
:1048C000DBB2D12B15D0FB88DBB2892B11D0FB8852
:1048D000DBB28C2B0DD0FB88DBB24A2B09D0FB88D6
:1048E000DBB2972B05D0FB88DBB26B2B01D0032307
:1048F00000E0002318460C37BD4680BC704780B4EA
:1049000083B000AF03460A46FB801346BB80FB889A
:1049100043F20402934209DCB3F5405F08DA002B4E
:1049200006D0002B02DB053B022B01D9022323E03A
:1049300000BFFB8843F20302934204D0FB8843F29A
:10494000040293420DD1BB881B0A9BB2DBB2FF2B42
:1049500010D0BB881B0A9BB2DBB2002B0AD003230A
:104960000AE0BB88B3F57F4F05D0BB88002B02D08F
:10497000032301E000BF002318460C37BD4680BC6E
:104980007047000080B485B000AF03460A46FB8044
:104990001346BB80FB8843F20202934200F3C580BA
:1049A000B3F5405F80F2C38042F24202934200F3CB
:1049B000BC80B3F5005F0CDC5C2B00F3B6805A2B97
:1049C00080F2B5801B2B00F3AC80002B80F29C8022
:1049D000ABE0A3F50053013B412B00F2A68001A2FE
:1049E00052F823F02F4B04082F4B04082B4B0408DC
:1049F0002B4B04082B4B04082B4B04082B4B0408AF
:104A00002B4B04082B4B04082B4B04082B4B04089E
:104A10002B4B04082B4B04082B4B04082B4B04088E
:104A20002B4B04082F4B04082F4B04082B4B040876
:104A30002B4B04082B4B04082B4B04082B4B04086E
:104A40002B4B04082B4B04082B4B04082B4B04085E
:104A50002B4B04082B4B04082B4B04082B4B04084E
:104A60002B4B04082F4B04082F4B04082B4B040836
:104A70002B4B04082B4B04082B4B04082B4B04082E
:104A80002B4B04082B4B04082B4B04082B4B04081E
:104A90002B4B04082B4B04082B4B04082B4B04080E
:104AA0002B4B04082F4B04082F4B04082B4B0408F6
:104AB0002B4B04082B4B04082B4B04082B4B0408EE
:104AC0002B4B04082B4B04082B4B04082B4B0408DE
:104AD0002B4B04082B4B04082B4B04082B4B0408CE
:104AE0002B4B04082F4B04082F4B0408243BD84AB7
:104AF00022FA03F303F00103002B14BF0123002368
:104B0000DBB2002B13D110E01A46D24BD34003F096
:104B10000103002B14BF01230023DBB2002B06D1BD
:104B200003E03A2B01DC242BE0DA02238EE200BF03
:104B3000FB8843F20202934200F38782B3F5405FA1
:104B400080F242815C2B00F32D81132B80F28E804A
:104B50007BE2A3F50053013B412B00F2768201A2D8
:104B600052F823F0DF4D0408DF4D04084B500408D1
:104B70004B5004084B5004084B5004084B50040899
:104B80004B5004084B5004084B5004084B50040889
:104B90004B5004084B5004084B5004084B50040879
:104BA0004B500408EB4D0408EB4D04084B5004082F
:104BB0004B5004084B5004084B5004084B50040859
:104BC0004B5004084B5004084B5004084B50040849
:104BD0004B5004084B5004084B5004084B50040839
:104BE0004B500408EB4D0408EB4D04084B500408EF
:104BF0004B5004084B5004084B5004084B50040819
:104C00004B5004084B5004084B5004084B50040808
:104C10004B5004084B5004084B5004084B500408F8
:104C20004B500408EB4D0408EB4D04084B500408AE
:104C30004B5004084B5004084B5004084B500408D8
:104C40004B5004084B5004084B5004084B500408C8
:104C50004B5004084B5004084B5004084B500408B8
:104C60004B500408EB4D0408EB4D0408133B492B53
:104C700000F2EB8101A252F823F000BFB94D040805
:104C80001D4E04081D4E04081D4E04081D4E040848
:104C90004B5004081D4E0408074F0408314F040808
:104CA0004B5004084B5004084B5004084B50040868
:104CB0004B5004084B5004084B5004084B50040858
:104CC000574F04086B4F04084B5004084B5004081E
:104CD0001D4E04081D4E04084B5004084B50040898
:104CE0004B5004084B5004084B5004084B50040828
:104CF0004B5004084B5004084B5004084B50040818
:104D00004B5004087F4F04084B5004084B500408D4
:104D10004B500408F34F04087F4F04084B5004081D
:104D20004B5004084B5004084B5004084B500408E7
:104D30004B5004084B5004084B5004084B500408D7
:104D40004B5004084B5004084B5004084B500408C7
:104D50004B5004084B5004084B5004084B500408B7
:104D60004B5004084B5004084B5004084B500408A7
:104D70004B5004084B5004084B5004084B50040897
:104D80004B5004084B5004084B5004084B50040887
:104D90004B5004084B5004088F4F0408B54F0408CB
:104DA000DB4F040842F24202934200F34E81B3F516
:104DB000005F3FF7CEAE48E1BB8840F21F2293422E
:104DC00000F01C81032341E1BB88B3F57F4F00F065
:104DD0001781BB88002B00F01381032336E1BB88C9
:104DE000052B40F20F81032330E1BB881B0A9BB2E5
:104DF000FB73BB88BB73BB7B002B01D1032325E175
:104E000097F90F30002B80F2FF80BB7B072B03D973
:104E1000BB7B0F2B40F2F880032317E1BB883B815B
:104E2000B7F908307D2B06DDB7F9083013F1370FDD
:104E300001DA03230AE1FB88142B0FD1064B5B88B0
:104E40001BB2B7F908209A42C0F2E0800323FDE0CC
:104E5000FB0062000100F80E04000020FB88152B07
:104E600009D17D4B1B881BB2B7F908209A4200F389
:104E7000CF800323EAE0FB88162B09D1764BDB8831
:104E80001BB2B7F908209A42C0F2C4800323DDE0C8
:104E9000FB88172B09D1704B9B881BB2B7F90820F0
:104EA0009A4200F3B9800323D0E0FB88282B02D07C
:104EB000FB88292B18D1B7F90830674A528912B2FA
:104EC0001344654AD28812B293420BDCB7F908301A
:104ED000614A528912B29B1A5F4A928812B2934277
:104EE00080F29C800323B1E0FB88192B40F098806E
:104EF000B7F90830072B04DCB7F90830002B00F3B2
:104F000091800323A2E0BB8841F65732934200F21E
:104F10008B80BB8844F25062934240F28580BA880D
:104F20004D4BDB891BB202339A427DDC03238DE0BB
:104F3000BB8841F65732934278D8BB8844F250621E
:104F4000934273D9444B9B891BB25A1EBB889A4229
:104F50006CDD03237AE0404B5B8A9BB2A3F16302D2
:104F6000BB889A4264DC032370E03B4B1B8A9BB2F4
:104F700003F16302BB889A425CDB032366E0BB88D3
:104F8000002B02D0BB880A2B56D903235EE0BB88D6
:104F90001B0A9BB2FB72BB88BB72FB7A632B01D9E5
:104FA000032353E0BB7A002B02D0BB7A0C2B45D9EC
:104FB00003234BE0BB881B0A9BB27B73BB883B730C
:104FC0007B7B002B02D07B7B1F2B01D903233DE091
:104FD0003B7B172B34D9032338E0BB881B0A9BB2D9
:104FE000DBB23B2B03DCBB88DBB23B2B2ADD03238C
:104FF0002CE0BB88072B27D9032327E000BF24E040
:1050000000BF22E000BF20E000BF1EE000BF1CE0A8
:1050100000BF1AE000BF18E000BF16E000BF14E0B8
:1050200000BF12E000BF10E000BF0EE000BF0CE0C8
:1050300000BF0AE000BF08E000BF06E000BF04E0D8
:1050400000BF02E000BF00E000BF00231846143795
:10505000BD4680BC704700BF0400002080B584B00E
:1050600000AF786039600023FB730223BB73002319
:105070007B737B68042283F813213B689B88DB08E1
:105080009BB2DAB23B689B8803F007039BB2002B0C
:1050900014BF01230023DBB21846BB7B591CB97334
:1050A00019461318DAB27B680B44DA743B685B88E4
:1050B0007B813EE07B7B082B14D1BB7B5A1CBA73EF
:1050C0001A467B681344FA7BDA747B6893F81331D1
:1050D0000133DAB27B6883F813210023FB730023CA
:1050E0007B7302E0FB7B5B08FB733B681B78012B47
:1050F0000AD17B89184600F0E7FA0346002B14BF5B
:1051000001230023DBB209E07B89184600F0ACFBE9
:105110000346002B14BF01230023DBB2002B02D077
:10512000FB7B803BFB737B7B01337B737B89013390
:105130007B817A893B685B8819463B689B880B4476
:105140009A42B7DB7B7B002B0BD0FA7B7B7BC3F1D6
:10515000080342FA03F3FB73BB7B7A681344FA7BC0
:10516000DA747B6893F813310233DBB27B7297F900
:10517000093018461037BD4680BD80B584B000AFF9
:10518000786039600223FB737B68032283F8132164
:105190003B689B88DAB2FB7B591CF97319465300B4
:1051A000DAB27B680B44DA743B685B88BB8125E02C
:1051B000BB89184600F0A6FB03463B81B7F90830CF
:1051C0001B121AB2FB7B591CF9731946D2B27B68C9
:1051D0000B44DA74FB7B5A1CFA7319463B89DAB22A
:1051E0007B680B44DA747B6893F813310233DAB2CC
:1051F0007B6883F81321BB890133BB81BA893B6883
:105200005B8819463B689B880B449A42D0DB7B68DD
:1052100093F813310233DBB2FB7297F90B30184667
:105220001037BD4680BD000080B58CB004AF7860FB
:1052300039600023FB773B685B884FF6FF7293422F
:1052400011D13B689B88012B0DD17B6802225A75D6
:105250007B6820229A757B680022DA757B680522BC
:1052600083F81321E9E13B685B881B0A9BB2DBB240
:10527000EC2B00F0D581EC2B00F3DF81D02B00F07C
:10528000FD80D02B00F3D981902B00F3D681802BA9
:1052900006DA292B00F0C681442B00F08381CCE193
:1052A000803B102B00F2C98101A252F823F000BF0D
:1052B0004F5304083B560408CD5304083B560408DA
:1052C0003B5604083B5604083B5604083B5604086A
:1052D0003B5604083B560408255404083B56040872
:1052E0003B5604083B5604083B5604083B5604084A
:1052F000F55204083B685B887B777B680022DA758F
:105300007B6800221A76A04B1B68052118460BF01B
:105310004FFD0346002B40F087813B689A887B7FD6
:1053200019469A4804F07CF803467B83964B1B6829
:1053300018460BF0A3FDB7F91A301B121BB2DAB2F4
:105340007B68DA757B8BDAB27B681A766CE17B68F6
:105350000022DA757B6800221A763B685B88DBB234
:10536000862B0DD17B681733894A12691A607B68D6
:1053700093F813310233DAB27B6883F8132155E1D5
:10538000814B1B68052118460BF012FD0346002BCC
:1053900040F04C813B685B88DBB21A467D497B4814
:1053A00004F09EFA0346FB60774B1B6818460BF02F
:1053B00065FD7B681733FA681A607B6893F81331D0
:1053C0000233DAB27B6883F813212FE17B68002275
:1053D000DA757B6800221A766B4B1B68052118462C
:1053E0000BF0E6FC0346002B40F022813B685B8813
:1053F000DBB21A466849654804F072FA0346FB605E
:10540000614B1B6818460BF039FD7B681733FA684F
:105410001A607B6893F813310233DAB27B6883F841
:10542000132105E17B680022DA757B6800221A7679
:10543000554B1B68052118460BF0BAFC0346002BA0
:1054400040F0F8803B685B88DBB21A4653494F480E
:1054500004F046FA0346FB604B4B1B6818460BF002
:105460000DFD7B681733FA681A607B6893F8133177
:105470000233DAB27B6883F81321DBE00023FB728E
:105480007B68042283F81321FB7F0133FB77FB7FCA
:105490000233434A11787A6813440A46DA743A4B65
:1054A0001B68052118460BF083FC0346002B66D1D0
:1054B00000213648FBF7D8FE0346BB77BB7F002BA5
:1054C00021D0FB7F0133FB77FB7F02337A681344E3
:1054D000FF22DA747B6893F813310133DAB27B6808
:1054E00083F81321FB7F0133FB77FB7F02337A685C
:1054F0001344B022DA747B6893F813310133DAB2C3
:105500007B6883F813210023FB7264230293012339
:10551000019307F10B03009301230622D0211B48BE
:1055200007F0F6FA0346BB77174B1B6818460BF0DB
:10553000A5FCBB7F002B22D0FB7F0133FB77FB7FD9
:1055400002337A6813440622DA747B6893F81331C5
:105550000133DAB27B6883F81321FB7F0133FB77D9
:10556000FB7F0233F97A7A6813440A46DA747B685F
:1055700093F813310133DAB27B6883F813217B6827
:10558000FA7F5A7559E000BF080800200C0100207E
:105590001C090020D4080020EC0800200409002089
:1055A000D00000202B4B5B8B9BB2012B44D07B683F
:1055B0000022DA757B6800221A76274B1B680521CA
:1055C00018460BF0F5FB0346002B35D1234803F0BA
:1055D000BDFF7861204B1B6818460BF04FFC7B68C1
:1055E00017337A6912681A607B6893F813310233B3
:1055F000DAB27B6883F813217B6893F81331103398
:105600007A68134403337A69043212681A607B683B
:1056100093F813310433DAB27B6883F813210BE07B
:1056200000BF0AE000BF08E000BF06E000BF04E0E2
:1056300000BF02E000BF00E000BF7B6893F81331B9
:105640000233DBB2FB7497F9133018462037BD469E
:1056500080BD00BF20080020080800200C010020A9
:1056600080B584B000AF786039603B685A883B6889
:105670009B881946104600F0B1FD7B6893F8133102
:105680000233DBB2FB7397F90F3018461037BD4673
:1056900080BD80B584B000AF786039603B685A88BF
:1056A0003B689B881BB21946104600F073FE7B686E
:1056B00093F813310233DBB2FB7397F90F301846BE
:1056C0001037BD4680BD000080B582B000AF0346F4
:1056D000FB80FB880F2B3BDC002B13DAB8E0A3F533
:1056E0004053042B00F2B48001A252F823F000BF13
:1056F000E5570408FD5704081558040829580408FC
:105700003D5804080F2B00F2A38001A252F823F0A9
:10571000615704087557040889570408515804084C
:10572000515804089D570408C7570408B557040882
:105730005158040851580408515804085158040895
:105740005158040851580408DD570408E15704086B
:1057500043F2040293427BDCB3F5405FBFDA77E0AB
:105760003E4B9B6803F01003002B14BF0123002362
:10577000DBB26EE0394B9B6803F00403002B14BFCF
:1057800001230023DBB264E0344B9B6803F0080381
:10579000002B14BF01230023DBB25AE04FF4007149
:1057A0002F4806F0C5FB0346002B14BF012300233E
:1057B000DBB24EE0294B1B7DDBB2002B14BF012373
:1057C0000023DBB245E02021264806F0B1FB03466A
:1057D000002B14BF01230023DBB23AE0002338E0A2
:1057E000002336E04FF400511D4806F0A1FB0346AC
:1057F000002B14BF01230023DBB22AE04FF48051B9
:10580000184806F095FB0346002B14BF0123002324
:10581000DBB21EE0114B9B6803F48063002B14BFC6
:1058200001230023DBB214E00C4B9B6803F004035C
:10583000002B14BF01230023DBB20AE0074B9B6857
:1058400003F00803002B14BF01230023DBB200E0A8
:10585000002318460837BD4680BD00BF2008002041
:10586000001001400008014080B582B000AF03463F
:10587000FB80FB88072B3BD801A252F823F000BF26
:10588000A1580408A5580408B7580408CF580408BC
:10589000D3580408D7580408E9580408ED580408F8
:1058A000012326E0154BDB7DDBB2002B14BF012367
:1058B0000023DBB21DE04FF48071114806F038FB85
:1058C0000346002B14BF01230023DBB211E00023A9
:1058D0000FE000230DE0094B5B7DDBB2002B14BF12
:1058E00001230023DBB204E0002302E0002300E0F8
:1058F000002318460837BD4680BD00BF20080020A1
:105900000010014080B58AB000AF0346FB80FB88E1
:105910006B2B00F30181002B20DA00F024BCA3F5EF
:105920005A430A2B00F21F8401A252F823F000BF51
:10593000E35E0408FF5E04081B5F0408375F040889
:10594000535F04086F5F04088B5F0408A75F0408B7
:10595000C35F0408DF5F0408356004086B2B00F2A6
:10596000028401A252F823F02D5B0408375B04087F
:105970007F5B0408C75B0408CF5B0408DF5B040897
:1059800067610408676104086761040867610408C7
:1059900067610408676104086761040867610408B7
:1059A00067610408676104086761040867610408A7
:1059B0006761040867610408F35B0408FB5B040883
:1059C000035C04080B5C0408135C04081B5C0408FB
:1059D000235C04082B5C0408676104086761040801
:1059E0006761040867610408676104086761040867
:1059F0006761040867610408335C04083D5C0408BF
:105A0000475C0408676104084D5C0408555C0408A1
:105A10005D5C040867610408675C0408715C040845
:105A20007B5C0408855C04088F5C0408995C0408AE
:105A3000A35C0408AD5C0408B55C0408B95C040808
:105A4000C35C0408CF5C0408D95C0408E15C04086A
:105A5000EB5C0408F55C0408015D04080B5D0408B8
:105A600067610408676104086761040867610408E6
:105A700067610408676104086761040867610408D6
:105A800067610408676104086761040867610408C6
:105A900067610408676104086761040867610408B6
:105AA0006761040867610408135D04081B5D04084E
:105AB000255D04082F5D0408895D0408B15D0408B4
:105AC000D75D0408FF5D0408095E0408115E040840
:105AD0001B5E04084F5E0408A55E040867610408A5
:105AE00067610408676104084F6004085760040890
:105AF000636004086D600408776004089960040816
:105B0000B5600408D1600408ED6004080961040868
:105B100025610408416104084DF60A22934200F30E
:105B20002283B3F55A4FBFF6FAAE1CE3894B5B8A6A
:105B30009BB21BB248E30023FB84002387F8253087
:105B400016E097F825309BB21846FFF78DFE034606
:105B5000002B08D097F82530012202FA03F39AB2FD
:105B6000FB8C1344FB8497F82530013387F82530EC
:105B700097F825300F2BE4D9B7F9263024E300231A
:105B8000FB84002387F8243016E097F824309BB27A
:105B90001846FFF799FD0346002B08D097F82430EC
:105BA000012202FA03F39AB2FB8C1344FB8497F8A8
:105BB0002430013387F8243097F824300F2BE4D9B0
:105BC000B7F9263000E3634B1B881BB2FCE2614B44
:105BD000DB881BB29BB25B009BB21BB2F4E25D4B55
:105BE0005B889BB25C4AA2FB0323DB089BB21BB21F
:105BF000EAE25A4B1B881BB2E6E2584B5B881BB2A9
:105C0000E2E2564B9B881BB2DEE2544BDB881BB2B0
:105C1000DAE2524B1B891BB2D6E2504B5B891BB2B6
:105C2000D2E24E4B9B891BB2CEE24C4BDB891BB2BE
:105C3000CAE24A4B1B8A9BB21BB2C5E2474B5B8A46
:105C40009BB21BB2C0E240F6BB33BDE2434B9B8A22
:105C50001BB2B9E2414BDB8A1BB2B5E23F4B1B8B57
:105C60009BB21BB2B0E23E4B1B889BB21BB2ABE2B5
:105C70003C4B1B889BB21BB2A6E23B4B1B889BB2E2
:105C80001BB2A1E2394B1B889BB21BB29CE2384B82
:105C90001B889BB21BB297E2364B1B889BB21BB290
:105CA00092E22E4B5B8B9BB21BB28DE22B4B9B8BFC
:105CB0001BB289E2002387E2284BDB8B9BB21BB22D
:105CC00082E22D4B93F83830DBB21BB27CE22A4BD8
:105CD0005B78DBB21BB277E2274B1B781BB273E217
:105CE0001E4B1B8C9BB21BB26EE21C4B5B8C9BB29F
:105CF0001BB269E2214B93F83830DBB21BB263E28E
:105D00001E4B5B78DBB21BB25EE21C4B1B781BB2F6
:105D10005AE2104BDB681BB256E20E4BDB681B0CE1
:105D20001BB251E20B4B1B8A9BB21BB24CE2144BD1
:105D30001B6914491846FBF775F803464FF07C5170
:105D40001846FAF767FF03461846FBF76DFA034655
:105D50001BB239E220080020CDCCCCCC04000020BE
:105D6000E8F7FF1FEAF7FF1FECF7FF1FEEF7FF1F33
:105D7000F0F7FF1FF2F7FF1F400800207C0800200B
:105D80001C09002000007A449B4B1B699B49184664
:105D9000FBF748F803464FF07C511846FAF73AFFF4
:105DA00003461846FBF740FA03461B0C1BB20BE2F6
:105DB000914BDB6891491846FBF734F803464FF0E6
:105DC0007C511846FAF726FF03461846FBF72CFAD3
:105DD00003461BB2F8E1884BDB6888491846FBF79D
:105DE00021F803464FF07C511846FAF713FF03469B
:105DF0001846FBF719FA03461B0C1BB2E4E1804B73
:105E00005B8B9BB21BB2DFE17D4BDB691BB2DBE13D
:105E10007B4BDB691B141BB2D6E10023FB84002300
:105E20007B6107F1140300221946764804F054FD03
:105E30000346002B08D1FB7D1BB21B021AB27B7DEF
:105E40001BB213431BB2FB84B7F92630BCE100231D
:105E5000FB8400233B6107F10C0300210A461A80F2
:105E60000A469A7007F10C0300221946654804F0AF
:105E7000A5FB0346002B12D107F11003002219469F
:105E8000604804F029FD0346002B08D1BB7C1BB2FF
:105E90001B021AB23B7B1BB213431BB2FB84B7F944
:105EA000263091E10023FB8407F1080300210A4614
:105EB0001A800A469A7007F10803002219465148D1
:105EC00004F07CFB0346002B08D17B7A1BB21B023B
:105ED0001AB2BB7A1BB213431BB2FB84B7F926304C
:105EE00072E1494B1B88FB84FB8C1B0A9BB21AB2E4
:105EF000B7F926301B021BB213431BB264E1434BBC
:105F00001B88FB84FB8C1B0A9BB21AB2B7F92630A4
:105F10001B021BB213431BB256E13D4B1B88FB8493
:105F2000FB8C1B0A9BB21AB2B7F926301B021BB2BC
:105F300013431BB248E1374B1B88FB84FB8C1B0AC5
:105F40009BB21AB2B7F926301B021BB213431BB225
:105F50003AE1314B1B88FB84FB8C1B0A9BB21AB2C3
:105F6000B7F926301B021BB213431BB22CE12B4B9B
:105F70001B88FB84FB8C1B0A9BB21AB2B7F9263034
:105F80001B021BB213431BB21EE1254B1B88FB8473
:105F9000FB8C1B0A9BB21AB2B7F926301B021BB24C
:105FA00013431BB210E11F4B1B88FB84FB8C1B0AA5
:105FB0009BB21AB2B7F926301B021BB213431BB2B5
:105FC00002E1194B1B88FB84FB8C1B0A9BB21AB2A3
:105FD000B7F926301B021BB213431BB2F4E0134B7C
:105FE0001B88FB84B7F926301B021AB2104B1B78B2
:105FF0001BB213431BB2E7E01C09002000007A44E7
:1060000020080020E400002000F8070802F8070834
:1060100004F8070806F8070808F807080AF8070848
:106020000CF807080EF8070810F8070812F8070818
:10603000F800002016237B847B8C5B089AB27B8C53
:1060400003F001039BB213449BB21BB2BCE0604B54
:106050001B781BB2B8E042F24F63FB84B7F92630DD
:10606000B2E06423FB84B7F92630ADE00123FB8462
:10607000B7F92630A8E0564B1B78012B03D0544BC0
:106080001B78112B06D1524B11221A70514BB3F9C8
:10609000003099E0002397E04D4B1B78012B03D093
:1060A0004B4B1B78112B03D14A4BB3F902308BE0D9
:1060B000002389E0464B1B78012B03D0444B1B780F
:1060C000112B03D1434BB3F904307DE000237BE077
:1060D0003F4B1B78012B03D03D4B1B78112B03D179
:1060E0003C4BB3F906306FE000236DE0384B1B7872
:1060F000012B03D0364B1B78112B03D1354BB3F951
:10610000083061E000235FE0314B1B78012B03D0A6
:106110002F4B1B78112B03D12E4BB3F90A3053E0D0
:10612000002351E02A4B1B78012B03D0284B1B780E
:10613000112B03D1274BB3F90C3045E0002343E08A
:10614000234B1B78012B03D0214B1B78112B08D13B
:10615000204BDB893B841E4B01221A70B7F920309B
:1061600032E0002330E0FB884DF60A2293422AD920
:10617000FB884DF62022934225D8FB8803F5175360
:106180003533FB83FB8BDBB25B007B777B7F162B8E
:1061900003D87B7F104AD35C00E000233B777B7FF2
:1061A0000133162B04D87B7F01330B4AD35C00E00C
:1061B0000023FB763B7F1BB21B021AB2FB7E1BB295
:1061C00013431BB200E0002318462837BD4680BDAC
:1061D000D0000020D4000020FC7C050880B58CB0E5
:1061E00002AF03460A46FB801346BB80FB88072BA1
:1061F0002ADC002B12DABEE0A3F54053042B00F298
:10620000BA8001A252F823F0E9620408F962040896
:10621000096304081963040849630408072B00F2A2
:10622000AA8001A252F823F05B6204087763040895
:1062300077630408776304087763040871620408CD
:1062400081620408B162040843F20402934200F33D
:106250009280B3F5405FCFDA8DE0B88810230093C9
:106260004FF480434FF40042454900F09BFC82E02C
:10627000B88880234FF40072424900F013FC7AE0A2
:10628000414B1B7EDBB2002B74D0BB88B3F57F4F34
:1062900005D1012220213D4805F061FE6AE0BB885E
:1062A000002B67D100222021384805F058FE61E01C
:1062B000002387F82730BB88B3F57F4F03D1012334
:1062C00087F8273005E0BB88002B02D1002387F830
:1062D00027302D4A97F8273013752B4B01225A751A
:1062E000294B01229A7546E0B88801234FF40052E9
:1062F000244900F0D7FB3EE0B88802234FF48052D7
:10630000224900F0CFFB36E0B8884FF480630222C8
:106310001B4900F0C7FB2EE00023BB610423FB6197
:10632000BB881B0A9BB2DBB287F82030BB88DBB28C
:1063300087F82130164B186807F118014FF0FF332A
:1063400000220AF079FE16E00423FB6008233B617B
:10635000BB881B0A9BB2DBB23B75BB88DBB27B758B
:106360000B4B186807F10C014FF0FF3300220AF0C5
:1063700063FE00E000BF00BF2837BD4680BD00BF00
:10638000000C0140001001402008002000080140DE
:1063900000010020B0B590B000AF03460A46FB8074
:1063A0001346BB80FB8843F20202934200F08A81CD
:1063B00043F20202934200F36A8343F201029342E2
:1063C00000F0788143F20102934200F36083B3F559
:1063D000405F00F06781B3F5405F00F358835C2BAA
:1063E00000F35281002B80F28F8050E3A3F500531D
:1063F000013B412B00F24B8301A252F823F000BF76
:10640000D5660408E56604088F6A04088F6A0408E4
:106410008F6A04088F6A04088F6A04088F6A040868
:106420008F6A04088F6A04088F6A04088F6A040858
:106430008F6A04088F6A04088F6A04088F6A040848
:106440000D670408F56604088F6A04088F6A04085B
:106450008F6A04088F6A04088F6A04088F6A040828
:106460008F6A04088F6A04088F6A04088F6A040818
:106470008F6A04088F6A04088F6A04088F6A040808
:1064800001670408196704088F6A04088F6A040802
:106490008F6A04088F6A04088F6A04088F6A0408E8
:1064A0008F6A04088F6A04088F6A04088F6A0408D8
:1064B0008F6A04088F6A04088F6A04088F6A0408C8
:1064C0000D670408F56604088F6A04088F6A0408DB
:1064D0008F6A04088F6A04088F6A04088F6A0408A8
:1064E0008F6A04088F6A04088F6A04088F6A040898
:1064F0008F6A04088F6A04088F6A04088F6A040888
:1065000001670408196704085C2B00F2C08201A22D
:1065100052F823F09D6604088F6A04088F6A040805
:106520008F6A04088F6A04088F6A04088F6A040857
:106530008F6A04088F6A04088F6A04088F6A040847
:106540008F6A04088F6A04088F6A04088F6A040837
:106550008F6A04088F6A04088F6A04088F6A040827
:106560008F6A0408256704082D6704083567040846
:106570003D6704088F6A0408556704085D670408CE
:10658000656704088F6A04088F6A04088F6A040824
:106590008F6A04088F6A04088F6A04088F6A0408E7
:1065A0008F6A04086D670408756704088F6A040819
:1065B0007D670408456704084D670408D36704082D
:1065C000AD6704088F6A04088F6A04088F6A04089C
:1065D0008F6A04088F6A04088F6A04088F6A0408A7
:1065E0008F6A04088F6A0408EF6704088F6A04083A
:1065F0008F6A04088F6A0408796A0408F767040838
:106600008F6A04088F6A04088F6A04088F6A040876
:106610008F6A04088F6A04088F6A04088F6A040866
:106620008F6A04088F6A04088F6A04088F6A040856
:106630008F6A04088F6A04088F6A04088F6A040846
:106640008F6A04088F6A04088F6A04088F6A040836
:106650008F6A04088F6A04088F6A04088F6A040826
:106660008F6A04088F6A04088F6A04088F6A040816
:106670008F6A04088F6A04088F6A0408FF67040899
:10668000D9680408F969040842F24202934200F30F
:10669000FE81B3F5005F3FF7A9AEF8E1864B7822A3
:1066A0005A82F4E1B88801234FF40052834900F084
:1066B000F9F9ECE1B88802234FF48052804900F0E8
:1066C000F1F9E4E1B8884FF4806302227D4900F0DB
:1066D000E9F9DCE1BB88DBB219464FF48020FCF716
:1066E0000BFED4E1BB88DBB219464FF40020FCF767
:1066F00003FECCE1BB881946012002F0EBFBC6E1AA
:10670000BB881946022002F0E5FBC0E1BB881946B0
:10671000032002F0DFFBBAE1BB881946042002F037
:10672000D9FBB4E1684ABB881380B0E1664ABB88F4
:106730005380ACE1644ABB889380A8E1624ABB887D
:10674000D380A4E1604ABB889382A0E15E4ABB8803
:10675000D3829CE15C4ABB88538198E15A4ABB884A
:10676000938194E1584ABB88D38190E1BA88564B13
:106770001A828CE1BA88544B5A8288E1FCF77AF984
:10678000034687F83B3097F83B30002B00F07881C8
:106790004D4A4E4B14461D460FCD0FC40FCD0FC4AE
:1067A0002B6823604848FCF71DF869E180234FF40B
:1067B000007242494FF47F4000F074F964200AF0FF
:1067C0002DFA80234FF400723C49002000F06AF952
:1067D0005DE13E4A3C4B14461D460FCD0FC40FCD24
:1067E0000FC42B6823603848FBF7FCFF4FE1BA88E1
:1067F000354BDA834BE1BA88334B5A8447E10023A7
:106800007B6307F1340300221946314804F064F831
:106810000346002B40F03681B7F904301B121BB23F
:10682000DBB287F83730BB88DBB287F83530294BCD
:10683000DB69284A43F08053D361264BDB6903F0C0
:1068400080537B627B6A234BDB69224A43F00063FF
:10685000D361204BDB6903F000633B623B6A07F0C6
:10686000F1F907F1340300221946194803F07EFFBD
:106870000023BB8797F837301BB25B021AB297F838
:1068800035301BB25B011BB203F4F0731BB2134330
:106890001AB297F836301BB203F01F031BB2134332
:1068A0001BB2BB87BB8F1A460921094804F00AFBBB
:1068B00007F0D4F9E6E000BF2008002000100140F6
:1068C00000080140000C01400400002028000020C6
:1068D000E40000200010024000233B6307F12C037A
:1068E00000210A461A800A469A7007F12C030022FA
:1068F0001946694803F062FE0346002B26D1BB8887
:10690000DBB287F82C30654BDB69644A43F0805377
:10691000D361624BDB6903F08053FB61FB695F4B22
:10692000DB695E4A43F00063D3615C4BDB6903F0D3
:106930000063BB61BB6907F085F907F12C030022F6
:106940001946554803F0A3FD07F088F907F1300315
:1069500000221946504803F0BFFF0346002B40F0C9
:106960009380B7F904301B121BB2DBB287F83230C8
:106970004A4BDB69494A43F08053D361474BDB699B
:1069800003F080537B617B69444BDB69434A43F0EE
:106990000063D361414BDB6903F000633B613B69FA
:1069A00007F050F907F13003002219463A4803F086
:1069B000DDFE0023FB8797F833301BB25B021AB26F
:1069C00097F831301BB25B011BB203F4F0731BB2BA
:1069D00013431AB297F832301BB203F01F031BB2F5
:1069E00013431BB2FB87FB8F1A4609212A4804F088
:1069F00069FA07F033F947E007F1280300210A4656
:106A00001A800A469A7007F1280300221946224884
:106A100003F0D4FD0346002B38D1B7F904301B1224
:106A20001BB2DBB287F82930BB88DBB287F82A308B
:106A30001A4BDB69194A43F08053D361174BDB696A
:106A400003F08053FB60FB68144BDB69134A43F08F
:106A50000063D361114BDB6903F00063BB60BB686B
:106A600007F0F0F807F12803002219460A4803F05E
:106A70000EFD07F0F3F809E0BA88094B1A8406E026
:106A800000BF04E000BF02E000BF00E000BF00BFA5
:106A90004037BD46B0BD00BFE400002000100240FA
:106AA0000400002080B584B000AFB9607B6003466D
:106AB000FB811346BB817B68B3F5806F35D1FB89C1
:106AC000B3F57F4F16D1364B9A687B681340002B85
:106AD00010D1BB8900221946B86805F040FA0DF0C4
:106AE00045FB2F4B9A687B6813432D4A93600DF04A
:106AF0006DFB50E0FB89002B4DD1294B9A687B68D8
:106B00001340002B47D0BB8901221946B86805F015
:106B100026FA0DF02BFB224B9A687B68DB4313406F
:106B20001F4A93600DF052FB35E0FB89B3F57F4FB0
:106B300016D11B4B9A687B681340002B10D1BB8980
:106B400001221946B86805F00AFA0DF00FFB144B44
:106B50009A687B681343124A93600DF037FB1AE082
:106B6000FB89002B17D10E4B9A687B681340002BD2
:106B700011D0BB8900221946B86805F0F0F90DF074
:106B8000F5FA074B9A687B68DB431340044A93602D
:106B90000DF01CFBFFE700BF1037BD4680BD00BFF6
:106BA0002008002080B586B000AFB96011461A46B3
:106BB0000346FB810B46BB811346FB800323FB7519
:106BC0000DF0D4FAFB89B3F57F4F0ED1254B9A68AF
:106BD0003B6A1340002B08D1224B9A683B6A13434F
:106BE000204A93600123FB7511E0FB89002B0ED135
:106BF0001C4B9A683B6A1340002B08D0194B9A68CB
:106C00003B6ADB431340174A93600023FB750DF08A
:106C1000DDFAFB7D012B0FD1BB8900221946B86834
:106C200005F09DF90A2009F0F9FFBB8901221946F8
:106C3000B86805F094F911E0FB7D002B0ED1FB88BC
:106C400000221946B86805F08AF90A2009F0E6FF23
:106C5000FB8801221946B86805F081F900BF183792
:106C6000BD4680BD2008002080B586B000AF7860AA
:106C70004FF4FA737B6114233B610023FB72394BA1
:106C80001B68396918460AF093F80346002B30D187
:106C900007F10B03184600F06FF80346002B23D0D2
:106CA00088223149314802F01BFE0346304918461C
:106CB000FAF7B8F803461846FAF790FA03461AB2FC
:106CC0002C4B1A8089222849284802F009FE0346E5
:106CD00027491846FAF7A6F803461846FAF7A4FA21
:106CE00003469AB2234B5A801E4B1B6818460AF083
:106CF000C5F8786909F092FF1A4B1B683969184684
:106D00000AF056F80346002B27D107F10B0318466B
:106D100000F032F80346002B1AD00022002113485D
:106D200002F07EFB03461A46124BDA800F4802F04F
:106D30000DFCF860FB6804331B6818460FF00EFF6B
:106D400003461846FAF770FA03469AB2094B5A837B
:106D5000044B1B6818460AF091F8786909F05EFF49
:106D60008DE700BF08080020D40800200C01002097
:106D700000007A442008002080B588B000AF786019
:106D80004FF48071694805F0D3F80346BB774FF4A0
:106D90000071664805F0CCF803467B77BB7F012B7A
:106DA00007D17B7F012B04D17B6800221A7001235D
:106DB000B7E07B681B78FF2B05D07B681B7801331D
:106DC000DAB27B681A707B681B78032B01D800232A
:106DD000A7E07B6800221A70554B1B681A68544B59
:106DE0001B6822F001021A6007F10C0300221A60EE
:106DF0005A609A60DA6011233B6100237B610323B0
:106E0000BB614FF48073FB6007F10C0319464748E0
:106E100004F0FAFE4FF40073FB6007F10C0319460F
:106E2000424804F0F1FE01224FF480713F4805F022
:106E300096F801224FF400713C4805F090F83C2090
:106E400009F0ECFE4FF40071384805F071F8034684
:106E5000002B24D10023FB771CE000224FF480712B
:106E6000324805F07CF83C2009F0D8FE01224FF4AE
:106E700080712E4805F073F83C2009F0CFFE4FF4E6
:106E800000712A4805F054F80346012B06D0FB7F19
:106E90000133FB77FB7F082BDFD900E000BF002226
:106EA0004FF40071214805F05AF83C2009F0B6FE75
:106EB00001224FF480711D4805F051F83C2009F083
:106EC000ADFE01224FF40071184805F048F83C204F
:106ED00009F0A4FE12233B614FF48073FB6007F1BD
:106EE0000C031946114804F08FFE4FF40073FB6049
:106EF00007F10C0319460D4804F086FE0D4B1B6983
:106F00000C4A43F4001313613C2009F087FE094B3F
:106F10001B69084A23F400131361054805F050F873
:106F2000012318462037BD4680BD00BF000C01403C
:106F30000C0100200010024080B588B000AF002393
:106F4000FB7703E000BFFB7F0133FB77FB7F632B05
:106F5000F8D94FF48071744804F0EAFF0346BB751A
:106F60004FF40071704804F0E3FF03467B75BB7D6E
:106F7000012B03D17B7D012B00F0D1806B4B1B6873
:106F80001A686A4B1B6822F001021A603B1D00223E
:106F90001A605A609A60DA601123BB600023FB60BC
:106FA00003233B614FF480737B603B1D19465E48B1
:106FB00004F02AFE4FF400737B603B1D19465A48CB
:106FC00004F022FE01224FF48071574804F0C7FFFD
:106FD00001224FF40071544804F0C1FF0023BB7735
:106FE00003E000BFBB7F0133BB77BB7F3B2BF8D9EE
:106FF0004FF400714C4804F09BFF0346002B32D144
:1070000000237B772AE000224FF48071464804F089
:10701000A6FF00233B7703E000BF3B7F01333B77B4
:107020003B7F3B2BF8D901224FF480713E4804F09E
:1070300096FF0023FB7603E000BFFB7E0133FB7667
:10704000FB7E3B2BF8D94FF40071374804F070FFFA
:107050000346012B06D07B7F01337B777B7F082B98
:10706000D1D900E000BF00224FF400712E4804F097
:1070700076FF0023BB7603E000BFBB7E0133BB7607
:10708000BB7E3B2BF8D901224FF48071264804F0D7
:1070900066FF00237B7603E000BF7B7E01337B76B7
:1070A0007B7E3B2BF8D901224FF400711E4804F07F
:1070B00056FF00233B7603E000BF3B7E01333B7667
:1070C0003B7E3B2BF8D91223BB604FF480737B606F
:1070D0003B1D1946144804F097FD4FF400737B6084
:1070E0003B1D1946104804F08FFD114B1B69104AD7
:1070F00043F4001313610023FB7503E000BFFB7D25
:107100000133FB75FB7D3B2BF8D9094B1B69084A02
:1071100023F400131361054804F052FF00E000BFA0
:107120002037BD4680BD00BF000C01400C0100208F
:107130000010024080B586B000AF78604EF6602344
:107140003B611423FB600023BB6000237B61386933
:1071500009F064FD0D4B1B68F968184609F028FE1C
:107160000B4BDA687B69D31ABB60094BDB687B6128
:10717000BB68084A0849094802F080FC034B1B68B9
:10718000184609F07BFE00BFE1E700BF08080020B9
:10719000200800201C090020D40800200C01002039
:1071A00080B584B000AF7860C823FB60102104482C
:1071B00004F0EDFEF86809F031FD00BFF6E700BF0E
:1071C0000008014080B500AF2A4801F0B9FB2A4809
:1071D00001F0B6FB274B01221A70274B02221A70CE
:1071E000264B1B68264A1A61244B1B68DA69234B1D
:1071F0001B6842F40062DA61204B1B681A681F4B5F
:107200001B6842F004021A6002211C4801F01EFAB9
:107210001A4B1B68DA68194B1B6842F00402DA60EB
:107220000421164807F0B8FC164B1B68164A1A6171
:10723000144B1B689A69134B1B6842F400629A61F5
:10724000104B1B681A680F4B1B6842F004021A604F
:1072500001210C4801F0FAF90A4B1B68DA68094B66
:107260001B6842F00202DA600021064807F094FC35
:1072700000BF80BD400800207C0800206001002085
:10728000FBFBFFFFF0010020FDFDFFFF80B582B09A
:1072900000AF174B00221A60164BDB8BFB80FB887C
:1072A000DAB2154B83F82920FB88012B06D10C2379
:1072B000114A2021114800F061F808E0FB88012BF9
:1072C00005D90C230C4A20210C4800F051F9084B39
:1072D0001B68002B07D00A4B4FF080521A60BFF397
:1072E0004F8FBFF36F8F00BF0837BD4680BD00BF13
:1072F0001008002004000020400800206001002049
:1073000004ED00E080B582B000AF174B00221A6098
:10731000164B5B8CFB80FB88DAB2154B83F8292077
:10732000FB88012B06D10423114A0221114800F0E9
:1073300025F808E0FB88012B05D904230C4A02211B
:107340000C4800F015F9084B1B68002B07D00A4BBE
:107350004FF080521A60BFF34F8FBFF36F8F00BFA3
:107360000837BD4680BD00BF14080020040000207F
:107370007C080020F001002004ED00E080B586B01C
:1073800000AFF860B9607A603B607B681B78FB7582
:10739000FB7D012B03D0FB7D022B40F0E0807B685E
:1073A0005B78DBB2002B02D0786801F0D5F9FB687E
:1073B0001B681A6ABB681340002B40F09C80FB6876
:1073C0001B68DA68FB681B6822F00102DA60FB6860
:1073D0001B6800225A62FB7D012B12D14FF08043C3
:1073E0001B6A4FF0804243F4805313624FF0804396
:1073F000DB6923F4E0434FF0804243F4A043D361C0
:1074000010E0FB7D022B0DD1574B1B6A564A43F00F
:1074100010031362544B9B6923F4E043524A43F434
:10742000A0439361FB681B6801225A61FB7D002128
:10743000184601F0C1F8FB681B686FF001021A6181
:10744000FB7D012B03D11C20FCF78AFA05E0FB7DB4
:10745000022B02D13220FCF783FAFB681B68DA6842
:10746000FB681B6842F00102DA60FB681B681A685F
:10747000FB681B6842F001021A60FB7D012B1BD1E7
:107480007B6893F83830DBB283F00203DAB27B68B2
:1074900083F838200821354804F04AFD0346012BC3
:1074A0005ED17B6893F83830DBB283F02003DAB228
:1074B0007B6883F8382053E0FB7D022B50D17B683A
:1074C00093F83830DBB283F00103DAB27B6883F8DB
:1074D00038200221254804F02BFD0346012B3FD123
:1074E0007B6893F83830DBB283F01003DAB27B6844
:1074F00083F8382034E0FB681B68DA68FB681B6897
:1075000022F00102DA60FB681B686FF001021A6169
:10751000FB681B6800225A62FB7D012B0AD14FF0E9
:107520008043DB6923F4E0434FF0804243F480431F
:10753000D3610AE0FB7D022B07D10B4B9B6923F43F
:10754000E043094A43F480439361FB681B680122CE
:107550005A61FB7D0121184601F02EF800E000BFC2
:107560001837BD4680BD00BF000C00400008014038
:1075700090B587B000AFF860B9607A603B607B6817
:107580001B78FB75FB7D012B03D0FB7D022B40F0AC
:10759000F881FB681B681A6ABB681340002B40F037
:1075A000B9817B685B78DBB2062B02D17B68042251
:1075B0005A70FB7D012B09D17B6893F83830DBB220
:1075C00083F00203DAB27B6883F83820FB7D022B5C
:1075D00009D17B6893F83830DBB283F00103DAB26B
:1075E0007B6883F838207B685B78DBB2042B09D09A
:1075F000042B00F3C881002B00F00581022B00F062
:107600001781C0E17B6893F83830DBB203F00803E0
:10761000002B00F0BA817B6893F82830DBB21C465F
:1076200000F0C0F901467A68A31D9B00134459601D
:10763000FB681B68DA68FB681B6822F00102DA60ED
:10764000FB681B686FF001021A61FB681B681A680F
:10765000FB681B6822F002021A60FB7D012B0AD135
:107660004FF08043DB6923F4E0434FF0804243F462
:10767000C043D3610AE0FB7D022B07D1984B9B6985
:1076800023F4E043964A43F4C0439361FB681B68CC
:1076900017229A62FB681B687A68126BDA627B6851
:1076A0001A6BFB68DA603B68002B06D17B689B8D08
:1076B0009AB2FB681B685A631CE03B68042B07D135
:1076C0007B689B8D99B2FB681A680B46936311E047
:1076D0003B68082B07D17B689B8D99B2FB681A68C1
:1076E0000B46D36306E07B689B8D99B2FB681A68F2
:1076F0000B461364FB681B6800225A62FB681B6818
:1077000001225A61FB681B686FF001021A61FB7D60
:10771000012B08D14FF080431B6A4FF0804243F4A5
:107720008053136208E0FB7D022B05D16C4B1B6A72
:107730006B4A43F0100313627B6893F82930DBB285
:10774000013BDAB27B6883F82A207B6893F83830F3
:10775000DBB203F03F03DAB27B6883F83820FB7DAD
:107760000021184600F028FFFB681B686FF001023B
:107770001A61FB7D012B03D11C20FCF7F1F805E019
:10778000FB7D022B02D13220FCF7EAF8FB681B6874
:10779000DA68FB681B6842F00102DA60FB681B686C
:1077A0001A68FB681B6842F001021A60FB7D012B1E
:1077B00011D108214B4804F0BBFB0346012B1ED11D
:1077C0007B6893F83830DBB283F02003DAB27B6851
:1077D00083F8382013E0FB7D022B10D102214148B1
:1077E00004F0A6FB0346012B09D17B6893F83830DF
:1077F000DBB283F01003DAB27B6883F838207B6851
:1078000005225A70C6E07B6893F82830DBB21C462C
:1078100000F0C8F801467A68A30013445960FB7D64
:107820000021184600F0C8FE7B6801225A70B1E0C2
:107830007B6893F82830DBB2022B18D87B6893F86A
:107840002830DBB21C4600F0ADF801467A68A31D73
:107850009B00134459607B6893F82830DBB20133F6
:10786000DAB27B6883F828207B6800225A707B6834
:1078700093F82830DBB2022B40F289807B6800222B
:1078800083F82820FB7D012B08D1174B1B68DA6891
:10789000154B1B6822F00402DA600AE0FB7D022B24
:1078A00007D1124B1B68DA68104B1B6822F00202EA
:1078B000DA607B6803225A70786800F059FBFB7D20
:1078C000012B17D1084B1B68094A1A61064B1B682C
:1078D000DA68054B1B6842F00402DA6059E000BF29
:1078E000000C00400008014060010020F001002071
:1078F000FBFBFFFFFB7D022B4BD1284B1B68284A6B
:107900001A61264B1B68DA68244B1B6842F002029E
:10791000DA603EE07B685B78DBB2012B16D0052B8A
:1079200029D17B6893F82830DBB21C4600F03AF886
:1079300001467B68221D43F82210FB7D0121184679
:1079400000F03AFE786800F0CBFC23E07B6893F807
:107950002830DBB21C4600F025F801467B68221D6A
:1079600043F82210FB7D0121184600F025FE7B68BC
:1079700002225A700EE0FB7D0121184600F01CFE29
:1079800008E000BF06E000BF04E000BF02E000BF67
:1079900000E000BF1C37BD4690BD00BFF0010020D5
:1079A000FDFDFFFF80B483B000AF0D4B1B687B6013
:1079B0000C4B5B6A7B800B4B1B6903F00103002BB4
:1079C00006D07B6803F580337B60064B5B6A7B8067
:1079D0007A887B68134418460C37BD4680BC7047D4
:1079E000B80800200014004080B582B000AFAE4B54
:1079F00000221A60AD4B93F82930DBB2FB80FB8884
:107A0000012B22D1A94B5B78DBB2002B02D0A74817
:107A100000F0A2FE4FF08043DB6923F4E0434FF017
:107A2000804243F48043D3614FF0804301225A6186
:107A30009F4B1B686FF001021A611C20FBF790FF3F
:107A40000121012000F0B8FD1DE1FB88012B40F26F
:107A50001A814FF08043DB6923F4E0434FF080420A
:107A600043F4C043D361914B93F83830DBB203F059
:107A70000803002B15D18D4B5B78DBB2002B02D0B5
:107A80008A4800F069FE884B1B68002B00F00881D3
:107A9000884B4FF080521A60BFF34F8FBFF36F8F48
:107AA000FEE0824B93F82A30DBB2012B25D97F4BC5
:107AB00093F82A30DBB2013BDAB27C4B83F82A2000
:107AC0007B4B1B6800225A624FF080431B6A4FF0C9
:107AD000804243F480531362754B1B686FF00102C0
:107AE0001A611C20FBF73CFF4FF080431B684FF0EE
:107AF000804243F001031360C5E06C4B93F82A30D9
:107B0000DBB2012B5BD1694B93F83830DBB203F069
:107B1000C003002B53D1654B93F82A30DBB2013BF5
:107B2000DAB2624B83F82A204FF080431B684FF093
:107B3000804243F0020313605D4B1B6800225A62CF
:107B40005A4B5B6B9AB25A4B1B68DA62574B5B6BB2
:107B50009BB21A46564BDA604FF080431B684FF0D9
:107B6000804223F0020313604FF0804301225A61E8
:107B70004F4B1B6800221A644FF080431B6A4FF082
:107B8000804243F480531362494B1B686FF001023B
:107B90001A611C20FBF7E4FE4FF080431B684FF096
:107BA000804243F001031360404B93F83830DBB25E
:107BB00043F04003DAB23D4B83F8382063E03B4B9F
:107BC00093F82A30DBB2002B4ED1384B93F8383083
:107BD000DBB203F04003002B46D0344B93F838302F
:107BE000DBB25BB2002B3FDB4FF080431B684FF0F2
:107BF000804243F0020313602D4B1B68EF229A6210
:107C00002B4B1B6800225A62294B1B6842F20F72F1
:107C1000DA62274B42F20F72DA604FF080431B6842
:107C20004FF0804223F0020313604FF080430122A3
:107C30005A611F4B1B686FF001021A611C20FBF791
:107C40008FFE4FF080431B684FF0804243F00103EA
:107C50001360164B93F83830DBB263F07F03DAB26F
:107C6000124B83F838200EE0104B93F83830DBB21B
:107C700003F0C003002B03D00C4800F06DFD02E0C0
:107C80000A4800F069FD084B1B68002B09D0094B1E
:107C90004FF080521A60BFF34F8FBFF36F8F00E039
:107CA00000BF0837BD4680BD1808002040080020EE
:107CB0006001002004ED00E080B582B000AF9A4B77
:107CC00000221A60994B1B686FF001021A61984BF1
:107CD00093F82930DBB2FB80FB88012B1FD1944B3A
:107CE0005B78DBB2002B02D0914800F035FD914B60
:107CF0009B6923F4E0438F4A43F4804393618D4BA7
:107D000001225A61894B1B686FF001021A6132200F
:107D1000FBF726FE0121022000F04EFC11E1FB885A
:107D2000012B40F20E81834B9B6923F4E043814A8F
:107D300043F4C04393617E4B93F83830DBB203F0D9
:107D40000803002B15D17A4B5B78DBB2002B02D0F5
:107D5000774800F001FD744B1B68002B00F0FE809B
:107D6000754B4FF080521A60BFF34F8FBFF36F8F88
:107D7000F4E06F4B93F82A30DBB2012B21D96C4B26
:107D800093F82A30DBB2013BDAB2694B83F82A2040
:107D9000664B1B6800225A62664B1B6A654A43F0B9
:107DA00010031362614B1B686FF001021A613220ED
:107DB000FBF7D6FD5F4B1B685E4A43F0010313607F
:107DC000BFE05B4B93F82A30DBB2012B52D1584B0A
:107DD00093F83830DBB203F0C003002B4AD1544B88
:107DE00093F82A30DBB2013BDAB2514B83F82A20F8
:107DF000504B1B684F4A43F0020313604B4B1B6808
:107E000000225A624A4B5B6B9AB2484B1B68DA629B
:107E1000474B5B6B9BB21A46444BDA60454B1B6881
:107E2000444A23F002031360424B01225A613F4B44
:107E30001B6800229A633F4B1B6A3E4A43F01003C3
:107E400013623A4B1B686FF001021A613220FBF794
:107E500087FD384B1B68374A43F001031360344BEE
:107E600093F83830DBB243F04003DAB2304B83F89A
:107E7000382066E02E4B93F82A30DBB2002B47D136
:107E80002B4B93F83830DBB203F04003002B3FD08C
:107E9000274B93F83830DBB25BB2002B38DB254B35
:107EA0001B68244A43F002031360204B1B68EF2237
:107EB0009A621E4B1B6800225A621C4B1B6842F2DE
:107EC0000F72DA62194B42F20F72DA60194B1B68BB
:107ED000184A23F002031360164B01225A61134B18
:107EE0001B686FF001021A613220FBF739FD114B5C
:107EF0001B68104A43F0010313600D4B93F83830B0
:107F0000DBB263F07F03DAB2094B83F8382018E064
:107F1000074B93F83830DBB203F0C003002B0DD0D1
:107F2000034800F019FC0CE01C080020F0010020C0
:107F30007C080020000C004004ED00E0094800F03F
:107F40000BFC094B1B68002B09D0084B4FF08052EB
:107F50001A60BFF34F8FBFF36F8F00E000BF083789
:107F6000BD4680BD7C0800201C08002004ED00E018
:107F700080B598B000AF78607B685B78DBB2032B8C
:107F800003D0786800F0DCFCA4E1002387F85F30C0
:107F90000023BB6500237B65002387F853302EE068
:107FA00097F853307A689B0013445B68BB6297F87C
:107FB00053207B68043253F822307B6297F85330A9
:107FC0007A6806339B0013445B683B6297F8533032
:107FD000796ABA6A8A1A9B0060333B4443F84C2C96
:107FE00097F85330396ABA6A8A1A9B0060333B4467
:107FF00043F8582C97F85330013387F8533097F8EB
:108000005330022BCCD9002387F85230C9E097F8BF
:1080100052309B0060333B4453F84C3C002B00F043
:10802000BA8097F852309B0060333B4453F8583C79
:10803000002B00F0B08097F852309B0060333B4437
:1080400053F84C2C13469B001344A44AA2FB032371
:108050005B09BB6497F852309B0060333B4453F894
:10806000582C13469B0013449C4AA2FB03235B0934
:108070007B64002387F8513087E097F8522097F807
:1080800051309A427BD097F852309B0060333B448A
:1080900053F84C2C97F851309B0060333B4453F815
:1080A0004C3C9A420FD997F852309B0060333B44C6
:1080B00053F84C2C97F851309B0060333B4453F8F5
:1080C0004C3CD31A0EE097F851309B0060333B4490
:1080D00053F84C2C97F852309B0060333B4453F8D4
:1080E0004C3CD31A3B6497F852309B0060333B44BE
:1080F00053F8582C97F851309B0060333B4453F8A9
:10810000583C9A420FD997F852309B0060333B4459
:1081100053F8582C97F851309B0060333B4453F888
:10812000583CD31A0EE097F851309B0060333B4423
:1081300053F8582C97F852309B0060333B4453F867
:10814000583CD31AFB633A6CBB6C9A4218D8FA6B52
:108150007B6C9A4214D897F852309B0060333B44B2
:1081600053F84C3CBB6597F852309B0060333B445E
:1081700053F8583C7B65012387F85F300CE000BF63
:1081800097F85130013387F8513097F85130022B6E
:108190007FF673AF00E000BF97F85230013387F8E5
:1081A000523097F85230022B04D897F85F30002BEA
:1081B0003FF42DAF97F85F30002B03D1786800F0C3
:1081C000BFFB87E0BB6D002B06D07B6D002B03D07F
:1081D000BA6D7B6D9A4203D3786800F0B1FB79E009
:1081E0007B6893F82930DBB2BB63BB6B012B02D9F0
:1081F000BB6B0A2B03D9786800F0A2FB6AE07B6DA9
:1082000042F20F72934203D8786800F099FB61E064
:10821000BB6D40F6B732934202D940F6B733BB6527
:108220007A6DBB6BB2FBF3F37B637B6B5B083B63E9
:108230007B6B002B04D07B6B4FF23022934203D92F
:10824000786800F07DFB45E0BA6D7B6B9A4203D302
:10825000786800F075FB3DE0BA6D3B6B9A4201D93E
:108260003B6BBB65BB6D0133BA6B02FB03F37A6DED
:108270009A4203D8786800F063FB2BE07B6B9B0885
:10828000FB64FB6C042B01D80523FB643A6BFB6C8D
:108290001344FB627B6B053BFA6A9A4203D378680E
:1082A00000F05AFA16E0BB6D9AB27B689A857B683B
:1082B0007A6B1A637B68FA6A5A637B6893F8383082
:1082C000DBB243F00803DAB27B6883F838207B68BE
:1082D00004225A706037BD4680BD00BF1F85EB5138
:1082E00080B596B000AF78607B6893F83830DBB229
:1082F00003F00803002B03D1786800F02DFA58E151
:10830000002387F84B30002387F84A3000237B6432
:1083100000233B647B6893F8283087F84B3097F84C
:108320004B309A1C9A4B83FB0231D317C91A0B4668
:108330005B000B44D11A0B4687F84A3097F84B3054
:108340007A6806339B0013445B68FB6397F84B2005
:108350007B68043253F82220FB6BD31A7B6497F8B6
:108360004A307A6806339B0013445B68FA6BD31A71
:108370003B647B6C002B02D03B6C002B03D17B68F1
:1083800004225A7015E17B6893F82830DBB25A1C3E
:108390007F4B83FB0231D317C91A0B465B000B449A
:1083A000D11ACAB27B6883F828207B689B8D9BB268
:1083B000BB637B681B6B7B637B6893F82930DBB204
:1083C0003B633B6B012B02D93B6B0A2B03D97868CB
:1083D00000F0C2F9EDE03A6C3B6BB2FBF3F37B6566
:1083E00042F210723B6BB2FBF3F3FB627A6DFB6AF5
:1083F0009A4203D2786800F0AFF9DAE07B6B5B0059
:10840000644AA2FB03235B09BB627A6D7B6B9A42D1
:1084100003D97A6D7B6BD31A02E07A6B7B6DD31A2A
:108420007B627A6ABB6A9A422ED97B6AB3F57A7FFD
:108430000BD27B6AC72B06D87B6A092B01D905238F
:1084400004E0012302E00A2300E064233B627A6D2A
:108450007B6B9A420CD97A6B3B6A13447B657B6DCC
:108460004FF23022934211D9786800F075F9A0E0FC
:108470007A6B3B6AD31A7B657A6DFB6A9A4205D2A6
:10848000786800F069F994E07B6B7B650123A7F8BD
:1084900052307A6CBB6B9A4203D97A6CBB6BD31A9D
:1084A00002E0BA6B7B6CD31AFB61FB69C72B06D861
:1084B000FB69632B01D90A2302E0012300E01423A6
:1084C000BB617B6D5B087B617A6CBB6B9A4203D1AD
:1084D0007B6CA7F8523036E07A6CBB6B9A4221D99C
:1084E000BA6BBB691344FB60FA687B699A420CD98A
:1084F000FB6840F6B732934202D87B699BB201E039
:1085000040F6B733A7F852301DE0FB6840F6B732AB
:10851000934202D8FB689BB201E040F6B733A7F85C
:10852000523010E0BA6BBB69D31A3B613A69BB6B3E
:108530009A4202D83B699BB203E0BB6B9BB2013B02
:108540009BB2A7F85230B7F85230002B02D101236A
:10855000A7F85230B7F852307A6D9A4203D878684B
:1085600000F0FAF825E07B6D9B08FB64FB6C042BA4
:1085700001D80523FB647A69FB6C1344BB607B6DF7
:10858000053BBA689A4207D3786800F0E5F810E036
:10859000565555551F85EB517B68B7F852209A8583
:1085A0007B687A6D1A637B68BA685A637B680422B9
:1085B0005A705837BD4680BD80B582B000AF0346C3
:1085C0000A46FB711346BB71BB79012B17D1FB79AE
:1085D000012B08D1194B1B68194A1A61022117484F
:1085E00000F034F825E0FB79022B22D1154B1B68F3
:1085F000154A1A610121134800F028F819E0BB79E7
:10860000002B16D1FB79012B08D10C4B1B680C4AAF
:108610001A610221094800F05CF80AE0FB79022B9C
:1086200007D1084B1B68084A1A610121054800F070
:1086300050F800BF0837BD4680BD00BF6001002074
:10864000FBFBFFFFF0010020FDFDFFFF80B483B0C6
:1086500000AF78600B46FB70FB78012B02D0022B39
:1086600019D031E07B681B681A6A7B681B6822F0AE
:1086700001021A627B681B681A6A7B681B6822F019
:1086800002021A627B681B681A6A7B681B6842F0E8
:1086900001021A6218E07B681B681A6A7B681B6813
:1086A00022F010021A627B681B681A6A7B681B68DA
:1086B00022F020021A627B681B681A6A7B681B68BA
:1086C00042F010021A6200BF00BF0C37BD4680BCEA
:1086D000704780B483B000AF78600B46FB70FB78C6
:1086E000012B02D0022B19D031E07B681B681A6A7B
:1086F0007B681B6822F001021A627B681B681A6A99
:108700007B681B6842F002021A627B681B681A6A67
:108710007B681B6842F001021A6218E07B681B68E4
:108720001A6A7B681B6822F010021A627B681B6859
:108730001A6A7B681B6842F020021A627B681B6819
:108740001A6A7B681B6842F010021A6200BF00BF01
:108750000C37BD4680BC704780B584B000AF7860F0
:108760007B681B78BB73BB7B012B3AD1704B1B68BA
:10877000DA686F4B1B6822F00402DA600C216C4847
:1087800006F04AF96A4B1B68DA68694B1B6822F0ED
:108790000102DA60664B1B6817229A62644B1B6801
:1087A00000225A62624B1B6840F6B732DA62604BB5
:1087B00040F6B732DA605E4B1B6800221A645C4BED
:1087C0001B6801225A615A4B1B685A4A1A61584B5E
:1087D0001B686FF001021A6102215548FFF736FF4E
:1087E0003CE0BB7B022B39D1534B1B68DA68524B00
:1087F0001B6822F00202DA6004214F4806F00CF9EF
:108800004D4B1B68DA684C4B1B6822F00102DA60A2
:10881000494B1B6817229A62474B1B6800225A6219
:10882000454B1B6840F6B732DA62434B40F6B7322D
:10883000DA60414B1B6800229A633F4B1B680122A0
:108840005A613D4B1B683D4A1A613B4B1B686FF0F8
:1088500001021A6101213848FFF7F8FE7B68002207
:108860005A700023FB7315E0FB7B7A689B0013446E
:1088700000225A60FA7B7B680432002143F8221000
:10888000FB7B7A6806339B00134400225A60FB7B13
:108890000133FB73FB7B022BE6D900227B68114678
:1088A00083F829107B68114683F828107B681146ED
:1088B00083F82A107B6883F838207B6800229A8529
:1088C00000237A6853637A681363BB7B012B14D14E
:1088D000174B1B68174A1A61154B1B68DA68144B53
:1088E0001B6842F00402DA60114B1B681A68104BD7
:1088F0001B6842F001021A6016E0BB7B022B13D109
:108900000D4B1B680D4A1A610B4B1B68DA680A4B4A
:108910001B6842F00202DA60074B1B681A68064BBC
:108920001B6842F001021A6000BF1037BD4680BDCF
:1089300060010020FBFBFFFFF0010020FDFDFFFFB9
:1089400080B485B000AF78607B681B78BB73BB7B5D
:10895000012B08D13F4B1B68DA683E4B1B6822F0A5
:108960000402DA600AE0BB7B022B07D13A4B1B689A
:10897000DA68394B1B6822F00202DA607B68002259
:108980005A700023FB7315E0FB7B7A689B0013444D
:1089900000225A60FA7B7B680432002143F82210DF
:1089A000FB7B7A6806339B00134400225A60FB7BF2
:1089B0000133FB73FB7B022BE6D900227B68114657
:1089C00083F829107B68114683F828107B681146CC
:1089D00083F82A107B6883F838207B6800229A8508
:1089E00000237A6853637A681363BB7B012B14D12D
:1089F000184B1B68194A1A61164B1B68DA68154B2D
:108A00001B6842F00402DA60124B1B681A68114BB3
:108A10001B6842F001021A6016E0BB7B022B13D1E7
:108A20000D4B1B680E4A1A610B4B1B68DA680A4B28
:108A30001B6842F00202DA60074B1B681A68064B9B
:108A40001B6842F001021A6000BF1437BD4680BCAB
:108A5000704700BF60010020F0010020FBFBFFFF1A
:108A6000FDFDFFFF80B586B002AF786042F2107363
:108A7000FB604FF0FF3101200AF0F4FC102300935B
:108A80004FF480434FF400420B490020FEF78AF870
:108A90000A4B4FF461725A82F86808F0BFF810234D
:108AA00000934FF480434FF4004203494FF47F405A
:108AB000FEF778F800BFDCE7000C0140200800203A
:108AC00080B584B002AF7860304B1B684FF0FF3147
:108AD000184608F06DF92E4B01225A7510230093A9
:108AE0004FF480434FF400422A494FF47F40FEF791
:108AF00059F802234FF4805227494FF47F40FDF785
:108B0000D1FF01234FF4005224494FF47F40FDF779
:108B1000C9FF44F6206008F081F805214FF4802059
:108B2000FAF7EAFB194B1B680021184608F040F9D8
:108B3000164B1B684FF0FF31184608F039F9012336
:108B40004FF4005215490020FDF7ACFF02234FF40B
:108B5000805211490020FDF7A5FF0D4B4FF46172C3
:108B60005A820B4B00225A7544F6206008F056F8E2
:108B700005214FF40020FAF7BFFB044B1B680021CE
:108B8000184608F015F900BF9EE700BF0008002056
:108B900020080020000C01400008014000100140A6
:108BA00080B586B000AF78604FF47A73FB60002325
:108BB0007B610023FB740023BB74874BDB68B3F13C
:108BC000FF3F05D0844BDB680133834AD36009E063
:108BD000814B0022DA60804B1B8A9BB201339AB230
:108BE0007D4B1A827C4B9B7DDBB2002B10D07A4BE5
:108BF00000229A75784B1B7DDBB2002B03D1764B9C
:108C000000225A7504E04FF48071744803F090F923
:108C1000714B5B8A9BB2002B0BD06F4B5B7DDBB241
:108C2000002B06D16C4B5B8A9BB2013B9AB26A4B1C
:108C30005A82694B5B8A9BB2002B0FD1684B1B6831
:108C4000002B0BD0644B5B7DDBB2002B06D1644B59
:108C500018680023022200210AF050FC0421614818
:108C600003F066F90346002B03D0BB7C0133BB74D1
:108C700001E00023BB74BB7C032B17D920215A4889
:108C800003F056F90346012B04D001222021564857
:108C900003F065F905214FF48020FAF72DFB534BC3
:108CA0001B68184608F0EAF80023BB744A4B1B887F
:108CB0001AB24F4BDB891BB29A42B4BF0123002387
:108CC000DBB21A46444BDA75434BDB881BB213F117
:108CD000360F7CDB404BDB881BB27C2B77DC3E4BBA
:108CE0001B881AB2424BDB891BB29A426FDB3A4BAC
:108CF0001B881AB23E4B9B891BB29A4267DCFB7CF5
:108D0000002B2ED1344B9B881BB21A46384B9B8AC2
:108D10001BB21946364B5B891BB20B449A420DDBE2
:108D20002D4BDB881BB21A46314B9B8A1BB219466E
:108D30002F4B5B891BB2CB1A9A4212DC09F074FEEE
:108D400002467B69D31A40F6C31293423FD8FF21F3
:108D50002848FAF70DF90123FB7409F065FE7861E4
:108D600035E0FB7C002B32D01B4BDB881BB21A4654
:108D70001F4B9B8A1BB219461D4B5B891BB20B44D0
:108D80009A4224DD09F050FE02467B69D31A40F670
:108D9000C31293421BD800211648FAF7E9F80E4B8C
:108DA0009B881BB21A46124B9B8A1BB21946104B6A
:108DB0005B891BB20B449A4204DA074BDB881AB278
:108DC000054B9A800023FB7409F02EFE7861F86849
:108DD00007F024FFF1E600BF20080020001001404A
:108DE000F8070020000C01400008014000080020A6
:108DF000040000202400002080B582B000AF78601D
:108E00007B681B68044A934201D102F09BFA00BFC1
:108E10000837BD4680BD00BF0004004080B500AFEC
:108E200072B600BFFAF7BAFD80B400AF284B1B68DA
:108E30001A6A274B1B6822F055021A62244B1B68E2
:108E40001A6A234B1B6822F0AA021A62204B1B6885
:108E50001A6A1F4B1B6842F055021A621C4B1B68B2
:108E60005A6C1B4B1B6822F400425A64184B1B6857
:108E70001A68174B1B6842F080021A60144B1B687B
:108E80006FF001021A61124B1B68DA68104B1B6805
:108E900022F00102DA600E4B1B681A6A41F21113CC
:108EA0001340002B0FD10A4B1B681A6A40F244434F
:108EB0001340002B07D1064B1B681A68044B1B6834
:108EC00022F001021A6000BFBD4680BC704700BF9F
:108ED0008002002080B584B000AF03460A46FB71D3
:108EE0001346BB8007F1080300221A609A80FB79C1
:108EF0003B72BB881B0A9BB203F00103002B01D01D
:108F0000022300E001237B723B7A032B02D141F262
:108F1000873301E040F277537B81BB881B0A9BB209
:108F200003F08003002B06D0BB88DBB2012202FADB
:108F300003F39BB202E0BB88DBB29BB2BB81064B62
:108F4000186807F108010023002208F075F800BF37
:108F50001037BD4680BD00BFC008002080B584B07A
:108F600000AF786007F1080300221A609A800F4B67
:108F7000186807F108014FF0FF33002208F0D0F81D
:108F80000346002BF3D13B7A002B04D007F10803F2
:108F9000184600F00FF800233B72054B1B684FF09A
:108FA000FF31184607F004FFE1E700BFC0080020CA
:108FB000C408002080B584B000AF78605A4B1B68AD
:108FC0001B6803F00103002B2DD0574B1B68DA6898
:108FD000554B1B6822F00102DA60534B1B681A6A7A
:108FE00041F211131340002B0FD14F4B1B681A6A2B
:108FF00040F244431340002B07D14B4B1B681A68C7
:10900000494B1B6822F001021A60002000F0A6F90B
:10901000002000F0C9F9444B1B685A6C424B1B6896
:1090200022F400425A64414B7A68106818609288B2
:109030009A803E4B0022DA807B689A883B4B1A81EB
:109040003A4B01229A727B681B780121184600F086
:1090500037F90A2007F0E2FD0023FB607B681B78EC
:10906000042B09D0042B5ADC022B02DC002B03DC7E
:1090700055E0032B09D052E07B685B78012B01D1CE
:109080002B4B00E02B4BFB6008E07B685B78012BEF
:1090900001D1294B00E0294BFB6000BF234BDB884B
:1090A0009BB25B00FA6813441878204BDB889BB2B4
:1090B0005B00FA6813445B78194600F09DF97B6801
:1090C0005A88194B1B68DA627B685B881A46164B14
:1090D000DA60154B1B6800225A62134B1B68012291
:1090E0005A61114B1B686FF001021A610E4B1B682D
:1090F000DA680D4B1B6842F00102DA600A4B1B680C
:109100005A6C094B1B6842F400425A64064B1B68B8
:109110001A68054B1B6842F001021A6000E000BFAC
:109120001037BD4680BD00BF80020020C808002067
:10913000647F05086C7F0508747F05087C7F05083F
:1091400080B582B000AF334B1B899BB2013B9BB211
:10915000304A19461181002B01D100F067F82E4BDF
:109160001B681B6903F00103012B4AD12A4B1B68C2
:109170006FF001021A61274B9B7ADBB2002B42D0C1
:1091800000237B60234B1B78DBB2042B09D0042B1C
:109190003BDC022B02DC002B03DC36E0032B0AD085
:1091A00033E01C4B5B78DBB2012B01D11B4B00E0A1
:1091B0001B4B7B6009E0174B5B78DBB2012B01D1C5
:1091C000184B00E0184B7B6000BF124BDB889BB252
:1091D00001339BB203F003039AB20E4BDA800D4BBE
:1091E000DB889BB25B007A6813441878094BDB88F4
:1091F0009BB25B007A6813445B78194600F0FCF878
:1092000004E000BF02E000BF00E000BF0837BD4639
:1092100080BD00BFC808002080020020647F0508D0
:109220006C7F0508747F05087C7F050880B500AF5A
:10923000204B1B68DA681F4B1B6822F00102DA60C2
:109240001C4B1B681A6A41F211131340002B0FD1FB
:10925000184B1B681A6A40F244431340002B07D195
:10926000144B1B681A68134B1B6822F001021A602A
:10927000104B1B6801225A610E4B1B686FF00102F4
:109280001A610C4B1B685A6C0A4B1B6822F4004293
:109290005A64094B1B78DBB20021184600F010F825
:1092A000054B00229A72054B1B68184607F0E6FD35
:1092B00000BF80BD80020020C8080020C408002034
:1092C00080B582B000AF03460A46FB711346BB71FE
:1092D000FB79013B032B3AD801A252F823F000BFDF
:1092E000F1920408099304082193040839930408AF
:1092F000BB79002B14BF01230023DBB21A460821DF
:10930000154802F02CFE23E0BB79002B14BF01238B
:109310000023DBB21A4604210F4802F020FE17E0BA
:10932000BB79002B14BF01230023DBB21A460221B4
:10933000094802F014FE0BE0BB79002B14BF012397
:109340000023DBB21A460121034802F008FE00BFE9
:109350000837BD4680BD00BF0010014080B485B015
:1093600000AF0346FB71FB79002B01D0502300E0D6
:109370004023FB600B4B1B689B6923F07001094B7A
:109380001B68FA680A439A61064B1B689A69054B89
:109390001B6842F008029A6100BF1437BD4680BCCA
:1093A000704700BF8002002080B485B000AF034644
:1093B000FB71FB79002B02D04FF4A04301E04FF486
:1093C0008043FB600B4B1B689B6923F4E041094B16
:1093D0001B68FA680A439A61064B1B689A69054B39
:1093E0001B6842F400629A6100BF1437BD4680BC1E
:1093F000704700BF8002002080B582B000AF0346F6
:109400000A46FB711346BB71FB791846FFF7A6FFAE
:10941000BB791846FFF7C8FF00BF0837BD4680BDBF
:1094200080B588B004AF78600B46FB7013463B8074
:109430000023FB81FB78002B58D13B881B0A9BB291
:10944000DBB23B733B88DBB27B73C82302930223FE
:10945000019307F10C030093012300229021786807
:1094600003F056FB0346002B01D0002340E03B7B7A
:109470007A7B1146184601F0D7FE0346FB81FB8933
:10948000DB099BB2FB81FB8903F48073002B1BD0AB
:10949000B7F90E301846F7F725F84FF00002164BD3
:1094A000F7F78AF802460B46104619464FF00002BD
:1094B000124BF6F7C9FE02460B4610461946F7F75F
:1094C0002BFB0346FB8111E0B7F90E301846F7F786
:1094D00009F84FF00002084BF7F76EF802460B460A
:1094E00010461946F7F718FB0346FB81B7F90E3013
:1094F00018461037BD4680BD0000E03F00007040B8
:1095000080B586B002AF78604AF23023BB8107F1A4
:109510000C02C823009302238821786802F094FE8D
:109520000346002B01D001230BE00023FB8103E065
:1095300000BFFB890133FB81FB89B3F5FA7FF7D3C9
:10954000002318461037BD4680BD000080B58AB0A4
:1095500002AF7860454B4FF000021A60434B4FF06A
:1095600000025A6041F22463BB8207F11402C8234F
:10957000009302238821786802F066FE0346FB7799
:10958000FB7F002B03D0394B4FF07E525A6007F11E
:109590000C02C823009306238821786802F052FF4A
:1095A0000346FB77FB7F002B03D0304B4FF080420C
:1095B0005A6007F10C030221184601F04BFE0346E6
:1095C000BB7707F10C0303330221184601F042FE7A
:1095D00003467B77BB7BBA7F9A4203D17B7C7A7F41
:1095E0009A4202D0214B224A5A603B7B1BB21B029B
:1095F0001AB27B7B1BB213431BB27B83FB7B1BB278
:109600001B021AB23B7C1BB213431BB23B837B8B06
:109610001846F7F7AFFB034616491846F7F7B6FCAE
:10962000034615491846F7F7FDFB0346134918464C
:10963000F7F7EEFA03461A460C4B1A603B8B1846B6
:10964000F7F798FB03460B491846F7F79FFC0346CC
:109650000B491846F7F7E6FB03461A46034B5A60D8
:10966000024B18462037BD4680BD00BF30090020A0
:109670000000404000FF7F4700002F4300003442BD
:109680000000C84280B586B002AF7860184B0093E6
:10969000184B80227968184800F03AF80023FB81C3
:1096A00003E000BFFB890133FB81FB89B3F5FA7F3F
:1096B000F7D3124B0093124B82227968114800F0C5
:1096C00027F80023BB8103E000BFBB890133BB81C6
:1096D000BB89B3F5FA7FF7D3054B00930A4B8A2277
:1096E00079680A4800F014F800BF1037BD4680BD05
:1096F000000018410AD7233CD40800209A999940C9
:109700000AD7A33CEC0800200AD7A33B0409002099
:1097100080B58CB004AFF860B9603B601346FB7154
:109720000023BB8200233B83FB799AB2FB685A80FB
:10973000FB683A685A60FB68BA6A9A60FB685B68C3
:1097400063491846F7F70CFD0346002B08D1FB6868
:109750009B6860491846F7F703FD0346002B03D0CA
:10976000FB6800221A70AFE0FB689B684FF08E41E7
:109770001846F7F70BFC03461A46FB681A61FB68AC
:109780001A69FB685B6819461046F7F74BFB0346FE
:1097900019465148F7F7FAFB03461A46FB68DA60A8
:1097A000FB681B694D491846F7F73CFB03461A4610
:1097B000FB685A61FB68DB684FF07C511846F7F78D
:1097C00029FA03461846F7F72FFD03463B833B8BE8
:1097D000C3F30E033B833B8B002B04D101233B756A
:1097E00000237B7507E03B8BDBB23B753B8B1B0A91
:1097F0009BB2DBB27B75FB68598864230322B8688F
:1098000003F0EEFB0346002B5BD10023FB8303E058
:1098100000BFFB8B0133FB83FB8BB3F5FA7FF7D3E0
:10982000FB685988642302930223019307F1140310
:1098300000930123D422B86803F070F80346002B8C
:109840003FD10323FB740023BB8303E000BFBB8B2A
:109850000133BB83BB8BB3F5FA7FF7D3FB68598821
:1098600007F11302642300930123B86802F0ECFCB3
:109870000346002B03D0FB6800221A7024E0D62395
:10988000BB7400237B8303E000BF7B8B01337B83AE
:109890007B8BB3F5FA7FF7D3FB68598807F1120287
:1098A000642300930123B86802F0CEFC0346002B2A
:1098B00003D0FB6800221A7006E0FB6801221A70D0
:1098C00002E0FB6800221A702037BD4680BD00BF51
:1098D000BD3786356F12833AACC5A73B0000C8413F
:1098E000B0B58EB004AFF860B9601346FB710123C8
:1098F00087F827300023BB82BB685B887B8300230B
:109900003B834FF07E533B624FF00003FB61BB682B
:109910001B78002B10D0FB799AB2798B32230293FB
:109920000223019307F1140300930123F86803F065
:10993000EFF8034687F8273097F82730002B02D03E
:109940004FF0000393E07B7D1BB21B021AB23B7DFC
:109950001BB213431BB23B83FB79D12B3FD0D12BDE
:1099600058DC972B56DC882B0BDA6B2B48D06B2BF3
:1099700050DC4A2B3AD04A2B4CDB573B012B49D8C1
:1099800026E0883B0F2B45D801A252F823F000BFF8
:10999000D1990408ED990408159A0408159A040849
:1099A000ED990408159A0408159A0408159A0408F4
:1099B000159A0408159A0408159A0408159A0408BB
:1099C000159A0408159A0408159A0408019A0408BF
:1099D0004FF082433B624FF08043FB611AE04FF04F
:1099E00081433B624FF08043FB6113E0BB681B691E
:1099F00019464FF07E50F7F7C9FA03463B6209E07B
:109A0000BB685B6919464FF07E50F7F7BFFA034613
:109A10003B6200BF3B8B1846F6F764FD04460D46DB
:109A2000FB6983F000431846F6F76EFD02460B46CD
:109A30004FF0000010490CF097FF02460B462046FD
:109A40002946F6F7B9FD02460B4614461D46386A0C
:109A5000F6F75AFD02460B4620462946F6F7D6FE93
:109A600002460B4610461946F7F77EF8034618469D
:109A70002837BD46B0BD00BF00002440B0B590B04F
:109A800004AFF860B9607A603B603B68002B00F07F
:109A90005581FB68002B00F05381BB68002B00F060
:109AA0004F817B68002B00F04B81BB681B78002B3B
:109AB00000F04681BB685B69012214464FF000014B
:109AC0001846F7F76BFB0346002B01D100231C4619
:109AD000E3B283F00103DBB2002B40F03381BB68BB
:109AE0005B6923F000449F492046F7F761FB03467A
:109AF000002B40F027819B492046F7F74FFB034698
:109B0000002B40F01F81012387F82F30BB685B8852
:109B1000BB8500237B854FF000037B624FF0000381
:109B20003B6207F118030722002118460CF0BAF82F
:109B30007B6800221A607B6800221A717B68002211
:109B40009A607B684FF00002DA60B98D322302938D
:109B50000723019307F11803009301238622F86875
:109B600002F0D6FF034687F82F3097F82F30002BEE
:109B700040F0EA80D623FB7507F11702B98D282340
:109B800000930123F86802F05FFB034687F82F304B
:109B900097F82F30002B40F0D980FA7E7B681A713D
:109BA000BB7E1BB21B021AB27B7E1BB213431BB2DD
:109BB0007B85BB7F1A047B7F1B0213433A7F1343D1
:109BC0001A467B689A607B689B68002B00F0C08017
:109BD0007B689B68644A934200F2BA807B681B7979
:109BE0001A047B8D13441A467B681A607B681B68D5
:109BF0005D4A934200F2AE80BB685B6923F000448B
:109C000001231D4657492046F7F7D2FA0346002B99
:109C100008D154492046F7F7C1FA0346002B01D179
:109C200000231D46EBB283F00103DBB2002B4DD0C5
:109C30007B681B681846F7F79DF804467B689B68AD
:109C40001846F7F797F8034619462046F7F79EF9A6
:109C500003461A467B68DA607B68DB6823F00044C1
:109C600040492046F7F7A4FA0346002B74D13D493A
:109C70002046F7F793FA0346002B6DD17B68DB682B
:109C80004FF000011846F7F76BFA0346002B63D13B
:109C90007B68DA68BB685B6919461046F7F7C2F85B
:109CA00003461A467B68DA607B68DB6823F0004471
:109CB0002C492046F7F77CFA0346002B4ED1294960
:109CC0002046F7F76BFA0346002B47D17B68DC6828
:109CD0003868F7F74FF8034619462046F7F7A2F819
:109CE00003467B622149786AF7F750F903463B62E5
:109CF0003B6A23F0004401231D461A492046F7F72A
:109D000057FA0346002B08D116492046F7F746FAC2
:109D10000346002B01D100231D46EBB283F0010363
:109D2000DBB2002B1BD07B681B69396A1846F6F73B
:109D300071FF03461A467B681A6110E000BF0EE00F
:109D400000BF0CE000BF0AE000BF08E000BF06E073
:109D500000BF04E000BF02E000BF00E000BF3037FA
:109D6000BD46B0BDFFFF7F7FF0FFFF0000006145F3
:109D700080B584B000AF184B9B69174A43F00103CC
:109D80009361154B9B6903F00103BB60BB68124BE9
:109D9000DB69114A43F08053D3610F4BDB6903F059
:109DA00080537B607B6800220F216FF0010001F07F
:109DB000BEFB0A4B5B68FB60FB6823F0E063FB6063
:109DC000FB6843F00073FB60044AFB68536000BF0C
:109DD0001037BD4680BD00BF0010024000000140AA
:109DE00080B58AB000AF786007F1140300221A60D2
:109DF0005A609A60DA607B681B681D4A934232D1D0
:109E00001C4B9B691B4A43F008039361194B9B69E8
:109E100003F008033B613B694FF440737B611223FD
:109E2000BB6103233B6207F114031946124801F09A
:109E3000EBFE124B5B687B627B6A43F0E0637B6204
:109E40007B6A43F002037B620C4A7B6A5360094BD6
:109E5000DB69084A43F40013D361064BDB6903F462
:109E60000013FB60FB6800BF2837BD4680BD00BF04
:109E70000054004000100240000C0140000001406E
:109E800080B58CB000AF786007F11C0300221A6027
:109E90005A609A60DA607B681B68B3F1804F3ED1EC
:109EA000394BDB69384A43F00103D361364BDB6938
:109EB00003F00103BB61BB69334B9B69324A43F03A
:109EC00008039361304B9B6903F008037B617B6956
:109ED0000823FB6100233B6200237B6207F11C0324
:109EE00019462A4801F090FE294B5B68FB62FB6A29
:109EF00023F44073FB62FB6A43F0E063FB62FB6A9E
:109F000043F48073FB62224AFB6A536000220521FE
:109F10001C2001F00CFB1C2001F025FB30E07B68CD
:109F20001B681C4A93422BD1174BDB69164A43F03E
:109F30000803D361144BDB6903F008033B613B6901
:109F4000114B9B69104A43F0040393610E4B9B69CC
:109F500003F00403FB60FB680123FB6100233B6209
:109F600000237B6207F11C0319460B4801F04CFEED
:109F700000220521322001F0DAFA322001F0F3FA52
:109F800000BF3037BD4680BD00100240000C0140CC
:109F900000000140000C00400008014080B584B082
:109FA00000AF78607B681B68164A93420CD1164B51
:109FB000DB69154A43F00403D361134BDB6903F0FB
:109FC0000403FB60FB6818E07B681B680F4A934240
:109FD00013D10D4B9B690C4A43F4005393610A4B18
:109FE0009B6903F40053BB60BB68002205212C2051
:109FF00001F09DFA2C2001F0B6FA00BF1037BD46E3
:10A0000080BD00BF00080040001002400034014045
:10A0100080B584B000AF78607B681B680D4A9342BE
:10A0200013D10D4BDB690C4A43F02003D3610A4B7B
:10A03000DB6903F02003FB60FB6800220521372069
:10A0400001F075FA372001F08EFA00BF1037BD46D7
:10A0500080BD00BF001400400010024080B58EB0EB
:10A0600000AF786007F1240300221A605A609A60FA
:10A07000DA607B681B68B3F1804F2AD15B4B9B6928
:10A080005A4A43F004039361584B9B6903F004035D
:10A090003B623B6A08237B620223BB6202233B6371
:10A0A00007F124031946524801F0AEFD514B5B689D
:10A0B0007B637B6B23F440737B637B6B43F0E063D8
:10A0C0007B637B6B43F480737B634A4A7B6B536097
:10A0D00088E07B681B68484A934218D1434B9B69D0
:10A0E000424A43F008039361404B9B6903F0080325
:10A0F000FB61FB69C0237B620223BB6202233B63DB
:10A1000007F1240319463D4801F07EFD6AE07B68B3
:10A110001B683B4A934218D1344B9B69334A43F046
:10A1200004039361314B9B6903F00403BB61BB697A
:10A1300002237B620223BB6202233B6307F12403F9
:10A1400019462B4801F060FD4CE07B681B682D4AE6
:10A15000934247D1254B9B69244A43F00403936102
:10A16000224B9B6903F004037B617B691F4B9B6956
:10A170001E4A43F0080393611C4B9B6903F00803DC
:10A180003B613B69194B9B69184A43F0100393618B
:10A19000164B9B6903F01003FB60FB6880237B6216
:10A1A0000223BB6202233B6307F1240319461048D4
:10A1B00001F02AFD01237B620223BB6202233B6381
:10A1C00007F1240319460D4801F01EFDC0237B62F0
:10A1D0000223BB6202233B6307F1240319460A48AA
:10A1E00001F012FD00BF3837BD4680BD00100240AF
:10A1F000000801400000014000080040000C014040
:10A20000000C0040003401400010014080B58CB0CB
:10A2100000AF786007F11C0300221A605A609A6050
:10A22000DA607B681B68494A93423AD1484B9B6984
:10A23000474A43F480439361454B9B6903F4804351
:10A24000BB61BB69424B9B69414A43F00403936184
:10A250003F4B9B6903F004037B617B694FF4007300
:10A26000FB6102233B620323BB6207F11C03194617
:10A27000384801F0C9FC4FF48063FB6100233B6266
:10A2800000237B6207F11C031946324801F0BCFC35
:10A2900000220521252001F04AF9252001F063F96B
:10A2A00050E07B681B682C4A93424BD1284BDB69FA
:10A2B000274A43F48023D361254BDB6903F48023D1
:10A2C0003B613B69224B9B69214A43F01003936138
:10A2D0001F4B9B6903F01003FB60FB684FF4806326
:10A2E000FB6102233B620323BB6207F11C03194697
:10A2F0001A4801F089FC4FF40063FB6100233B62C4
:10A3000000237B6207F11C031946144801F07CFC12
:10A31000134B5B68FB62FB6A23F03003FB62FB6A52
:10A3200043F0E063FB62FB6A43F01003FB620C4AFC
:10A33000FB6A536000220521272001F0F8F827204E
:10A3400001F011F900BF3037BD4680BD0038014033
:10A350000010024000080140004800400010014089
:10A360000000014080B584B000AF78600023FB603E
:10A370007B68002B01D101237AE07B685B7CDBB238
:10A38000002B05D17B6800221A74786800F076F8FB
:10A390007B6802225A74786800F0F2FA0346002BB8
:10A3A00004D07B6804225A74012361E0786800F0CD
:10A3B000ABFB0346002B04D07B6804225A740123B4
:10A3C00056E07B681B685A687B681B6822F00702AE
:10A3D0005A607B689B68002B05D0274B1B6B264A75
:10A3E00023F001031363244BDB6A23F460727B6860
:10A3F0009B6821491343CB627B685B68B3F1FF3FE5
:10A4000003D07B685B68FB600EE0012004F072F80B
:10A41000F860FB68002B04D17B6804225A74012386
:10A4200026E0FB68013BFB60FB681A0C7B681B683D
:10A4300002F00F029A607B681B68FA6892B2DA60D9
:10A44000786800F089FB0346002B04D07B68042267
:10A450005A7401230CE07B680022DA737B680122C6
:10A460005A737B6801229A737B6801225A74002315
:10A4700018461037BD4680BD006C004080B483B0E4
:10A4800000AF786000BF0C37BD4680BC704790B508
:10A4900087B000AFF860B9607A6000237B61002369
:10A4A0003B61FB68002B02D0BB68002B01D101236C
:10A4B00080E0FB681B7C012B01D102237AE0FB6862
:10A4C00001221A74FB6802225A747B68002B13D194
:10A4D000BB681B781A464FF4616303FB02F2BB684A
:10A4E0005B7819460B461B015B1A9B001344BA6844
:10A4F000927813447B611EE0BB681B78184600F01D
:10A5000070FB03461A464FF4616303FB02F4BB6819
:10A510005B78184600F065FB03461A4613461B019C
:10A520009B1A9B001C44BB689B78184600F059FBA3
:10A53000034623447B617969F86800F07EFA03469C
:10A54000002B07D0FB6804225A74FB6800221A749F
:10A5500001232FE0FB681B685A68FB681B6822F028
:10A5600005025A60F86800F08FFA38613B69B3F170
:10A57000FF3F18D03A697B699A4214D23B6903F5D0
:10A58000A83303F5C0733B613969F86800F095FAA8
:10A590000346002B07D0FB6804225A74FB68002294
:10A5A0001A74012306E0FB6801225A74FB6800223A
:10A5B0001A74002318461C37BD4690BD80B588B07C
:10A5C00000AFF860B9607A600023BB610023FB61D3
:10A5D00000237B6100233B61FB68002B02D0BB683A
:10A5E000002B01D10123B5E0FB681B685B6803F019
:10A5F0000403002B01D00123ACE0F86800F0EDF972
:10A60000B861BB69554AA2FB0323DB0A3B61BA6907
:10A61000524BA3FB0213DB0A4FF4616101FB03F30E
:10A62000D31A4F4AA2FB03235B09DAB2BB685A7004
:10A63000BB694A4AA2FB0312D20A4FF4616101FBD3
:10A6400002F29A1A464BA3FB021359090B461B014F
:10A650005B1A9B00D11ACAB2BB689A703B69172B70
:10A6600055D93B693F4AA2FB03231B097B6139692A
:10A670003C4BA3FB01231A0913465B001344DB0088
:10A68000CA1AD2B2BB681A70F86800F0FDF9F86116
:10A69000FB69B3F1FF3F08D0FA69BB699A4204D95C
:10A6A000FA69BB69D31AFB6102E04FF0FF33FB612B
:10A6B0007B692D4A02FB03F3BA69D31ABB61B969FE
:10A6C000F86800F0BAF90346002B01D0012341E0FD
:10A6D000FB69B3F1FF3F0CD0FA69BB691344FB611E
:10A6E000F969F86800F0E9F90346002B0AD0012364
:10A6F00030E0F969F86800F0E0F90346002B01D07A
:10A70000012327E07969F86800F088FA03E03B69E3
:10A71000DAB2BB681A707B68002B1AD0BB681B7852
:10A72000184600F041FA03461A46BB681A70BB6827
:10A730005B78184600F038FA03461A46BB685A7030
:10A74000BB689B78184600F02FFA03461A46BB6890
:10A750009A70002318462037BD4680BDC5B3A2912C
:10A7600089888888ABAAAAAA8051010080B588B0E0
:10A7700000AFF860B9607A600023FB610023BB6121
:10A7800000237B61FB68002B02D0BB68002B01D14A
:10A79000012397E0FB681B7C012B01D1022391E090
:10A7A000FB6801221A74FB6802225A747B68002B32
:10A7B0000CD1BB68DA78FB68DA73BB685A78FB683F
:10A7C0005A73BB689A78FB689A731AE0BB68DB78A7
:10A7D000184600F006FA03461A46FB68DA73BB68AF
:10A7E0005B78184600F0FDF903461A46FB685A7379
:10A7F000BB689B78184600F0F4F903461A46FB68DC
:10A800009A73FB68DB7B1846FB68597BFB689B7B74
:10A810001A4600F0DFFA03461A46FB681A73FB6813
:10A820001A7BBB681A70F86800F0D7F8F861FB690A
:10A83000264AA2FB0323DB0A7B617B69182B3AD9EA
:10A840007B69234AA2FB03231B09224A02FB03F371
:10A85000FA69D31AFB61F969F86800F0EEF803466B
:10A86000002B07D0FB6804225A74FB6800221A747C
:10A87000012327E0F86800F007F9B861BB69B3F17C
:10A88000FF3F18D0BA69FB699A4214D2BB6903F53D
:10A89000A83303F5C073BB61B969F86800F00DF91E
:10A8A0000346002B07D0FB6804225A74FB68002281
:10A8B0001A74012306E0FB6801225A74FB68002227
:10A8C0001A74002318462037BD4680BDC5B3A29137
:10A8D000ABAAAAAA8051010080B586B000AFF8608B
:10A8E000B9607A6007F1140300210A461A800A460B
:10A8F0009A70FB68002B02D0BB68002B01D10123AA
:10A900003AE007F1140300221946F868FFF756FEF3
:10A910000346002B01D001232EE0FB681A7BBB68A5
:10A920001A70FB68DA7BBB68DA70FB685A7BBB681D
:10A930005A70FB689A7BBB689A707B68002B1AD0B0
:10A94000BB68DB78184600F02FF903461A46BB684F
:10A95000DA70BB685B78184600F026F903461A46A1
:10A96000BB685A70BB689B78184600F01DF9034617
:10A970001A46BB689A70002318461837BD4680BD3A
:10A9800080B584B000AF78600023FB607B68002B4B
:10A9900001D101231DE07B681B685A687B681B6836
:10A9A00022F008025A6000F0DFFCF86009E000F0D5
:10A9B000DBFC0246FB68D31AB3F57A7F01D9032387
:10A9C00007E07B681B685B6803F00803002BEED090
:10A9D000002318461037BD4680BD80B487B000AF55
:10A9E000786000237B8200233B820023FB810023CD
:10A9F0007B617B681B689B697B827B681B68DB696A
:10AA0000FB817B681B689B693B827A8A3B8A9A42FE
:10AA100008D03B8A1A047B681B68DB699BB213432E
:10AA20007B6104E07B8A1A04FB8913437B617B69A9
:10AA300018461C37BD4680BC704780B584B000AF57
:10AA4000786039600023FB73786800F05DF8034696
:10AA5000002B02D00123FB7311E07B681B683A686E
:10AA6000120C9A617B681B683A6892B2DA61786866
:10AA700000F072F80346002B01D00123FB73FB7B2F
:10AA800018461037BD4680BD80B485B000AF7860F1
:10AA90000023FB810023BB817B681B681B6AFB8151
:10AAA0007B681B685B6ABB81FB891A04BB89134303
:10AAB00018461437BD4680BC704780B584B000AFDF
:10AAC000786039600023FB73786800F01DF8034656
:10AAD000002B02D00123FB7311E07B681B683A68EE
:10AAE000120C1A627B681B683A6892B25A627868E4
:10AAF00000F032F80346002B01D00123FB73FB7BEF
:10AB000018461037BD4680BD80B584B000AF786070
:10AB10000023FB6000F028FCF86009E000F024FC52
:10AB20000246FB68D31AB3F57A7F01D903230FE0FD
:10AB30007B681B685B6803F02003002BEED07B680A
:10AB40001B685A687B681B6842F010025A60002339
:10AB500018461037BD4680BD80B584B000AF786020
:10AB60000023FB607B681B685A687B681B6822F0C7
:10AB700010025A6000F0F8FBF86009E000F0F4FB06
:10AB80000246FB68D31AB3F57A7F01D9032307E0A5
:10AB90007B681B685B6803F02003002BEED000236A
:10ABA00018461037BD4680BD80B485B000AF03465F
:10ABB000FB710023FB6005E0FB680133FB60FB7960
:10ABC0000A3BFB71FB79092BF6D8FB68DBB21B0152
:10ABD000DAB2FB791343DBB218461437BD4680BCAA
:10ABE000704780B485B000AF0346FB710023FB6063
:10ABF000FB791B09DBB21A4613469B0013445B002A
:10AC0000FB60FB7903F00F03DAB2FB68DBB213449D
:10AC1000DBB218461437BD4680BC704780B586B09D
:10AC200000AF7860396000237B6100233B61002323
:10AC3000FB600023BB607B68DB7B7B617B685B7BAD
:10AC40003B617B689B7BFB600023BB606FE03B69E3
:10AC5000012B11D03B69032B0ED03B69052B0BD088
:10AC60003B69072B08D03B69082B05D03B690A2BB1
:10AC700002D03B690C2B17D1FB681E2B03D8FB6855
:10AC80000133FB6050E03B690C2B05D03B6901337D
:10AC90003B610123FB6047E001233B610123FB6033
:10ACA0007B6901337B613FE03B69042B08D03B6942
:10ACB000062B05D03B69092B02D03B690B2B0CD12D
:10ACC000FB681D2B03D8FB680133FB602CE03B695C
:10ACD00001333B610123FB6026E03B69022B23D15A
:10ACE000FB681B2B03D8FB680133FB601CE0FB688F
:10ACF0001C2B11D17B699BB2184600F039F8034632
:10AD0000002B03D0FB680133FB600DE03B6901338E
:10AD10003B610123FB6007E0FB681D2B04D13B690D
:10AD200001333B610123FB60BB680133BB60BA6840
:10AD30003B689A428BD37B69DAB27B68DA733B69F2
:10AD4000DAB27B685A73FB68DAB27B689A733B6944
:10AD5000DBB2FA68D2B21946786900F03BF80346D4
:10AD60001A467B681A7300BF1837BD4680BD0000C5
:10AD700080B483B000AF0346FB80FB8803F003037D
:10AD80009BB2002B01D000231DE0FB88104AA2FBE0
:10AD900003125209642101FB02F29B1A9BB2002BA1
:10ADA00001D001230FE0FB88094AA2FB0312D2095C
:10ADB0004FF4C87101FB02F29B1A9BB2002B01D128
:10ADC000012300E0002318460C37BD4680BC7047C5
:10ADD0001F85EB5180B485B000AF78600B46FB70E7
:10ADE0001346BB700023BB600023FB607B6803F548
:10ADF000FA63BB60FB78022B2DD8FA7813465B0010
:10AE00001344DB009B1A2C4AA2FB03235A08BB788D
:10AE10001A44BB681A44BB68013B9B081A44BB68D0
:10AE2000013B2649A1FB03135B09D21ABB68013B16
:10AE30002249A1FB0313DB0913441A1D204BA3FB7A
:10AE40000213D11A49080B4499080B46DB005B1A20
:10AE5000D31AFB6029E0FA7813465B001344DB0049
:10AE60009B1A154AA2FB03235A08BB781A44BB68F5
:10AE70001A44BB689B081A44BB681049A1FB031322
:10AE80005B09D21ABB680D49A1FB0313DB0913440C
:10AE90009A1C0B4BA3FB0213D11A49080B449908C7
:10AEA0000B46DB005B1AD31AFB60FB68DBB218466B
:10AEB0001437BD4680BC7047398EE3381F85EB518F
:10AEC0002549922480B487B000AFF860B9607A60F9
:10AED00000237B61074B7B61BB689B007A6913444D
:10AEE0007B617B697A6892B21A6000BF1C37BD46ED
:10AEF00080BC7047006C004080B485B000AF7860C3
:10AF000039600023FB600023BB60084BFB603B689B
:10AF10009B00FA681344FB60FB681B689BB2BB6034
:10AF2000BB6818461437BD4680BC7047006C0040B3
:10AF300080B58EB000AF78600023FB620023BB6257
:10AF4000002387F83330344BDB69334A43F0020384
:10AF5000D361314BDB6903F00203FB60FB6807F14F
:10AF6000100207F114031146184603F075FA3B6A04
:10AF7000FB62FB6A002B03D103F046FA786304E01E
:10AF800003F042FA03465B007B637B6B234AA2FB20
:10AF900003239B0C013BBB62214B224A1A60204BCE
:10AFA00040F2E732DA601E4ABB6A53601C4B002253
:10AFB0001A611B4B00229A60194B00229A611848B3
:10AFC00003F070FB034687F8333097F83330002BDB
:10AFD0001BD1134803F0B6FB034687F8333097F8CC
:10AFE0003330002B11D11D2000F0BDFA7B680F2BF0
:10AFF00008D8002279681D2000F099FA0A4A7B6877
:10B00000136002E0012387F8333097F83330184695
:10B010003837BD4680BD00BF0010024083DE1B43B1
:10B0200038090020000400405000002080B400AF28
:10B0300000BFFDE780B400AF00BFFDE780B400AF04
:10B0400000BFFDE780B400AF00BFFDE780B400AFF4
:10B0500000BFFDE780B400AF00BFBD4680BC7047B5
:10B0600080B500AF174B1B681B6903F00403042B6A
:10B0700010D1144B1B68DB6803F00403042B09D1C7
:10B08000104B1B686FF004021A610E4B02221A77F4
:10B09000FCF7FCF80B4B1B681B6903F00103012B49
:10B0A0000DD1084B1B68DB6803F00103012B06D1AF
:10B0B000044B1B686FF001021A61FCF795FC00BF9E
:10B0C00080BD00BF6001002080B500AF024803F0E2
:10B0D000D6FE00BF80BD00BF3809002080B500AF9C
:10B0E000024804F0E7FE00BF80BD00BFC802002098
:10B0F00080B500AF024804F0DDFE00BF80BD00BF98
:10B100001003002080B500AFFEF71AF800BF80BD25
:10B1100080B500AF174B1B681B6903F00203022BBD
:10B1200010D1144B1B68DB6803F00203022B09D11A
:10B13000104B1B686FF002021A610E4B01221A7746
:10B14000FCF7E0F80B4B1B681B6903F00103012BB4
:10B150000DD1084B1B68DB6803F00103012B06D1FE
:10B16000044B1B686FF001021A61FCF7A5FD00BFDC
:10B1700080BD00BFF001002080B400AF0A4B1B6906
:10B1800003F00103002B0BD0074B1B69064A23F089
:10B1900001031361054B1B6803F58033034A1360F9
:10B1A00000BFBD4680BC704700140040B8080020B6
:10B1B00080B586B000AF7860144A154BD31A7B6116
:10B1C0007B693B61134B1B68002B02D1114B124A68
:10B1D0001A60104B1A687B6813443A699A4207D286
:10B1E0000AF0C6FD03460C221A604FF0FF3309E057
:10B1F000084B1B68FB60074B1A687B681344054AC1
:10B200001360FB6818461837BD4680BD000001205A
:10B210000004000080090020E068002080B400AF36
:10B2200000BFBD4680BC704780B483B000AF03460A
:10B230000A46FB711346BB71FB791BB21B021AB2A3
:10B24000BB791BB213431BB29BB218460C37BD46E9
:10B2500080BC704780B485B000AF78600B46FB704F
:10B26000FF23FB7331233B730023BB7323E0BB7BC2
:10B270007A6813441A78FB7B5340FB7300237B737B
:10B2800013E097F90F30002B09DA97F90F305B00C4
:10B290005AB297F90C3053405BB2FB7302E0FB7B70
:10B2A0005B00FB737B7B01337B737B7B072BE8D9D4
:10B2B000BB7B0133BB73BA7BFB789A42D7D3FB7B52
:10B2C00018461437BD4680BC70470000FFF7A6FF44
:10B2D0000B480C490C4A002302E0D458C4500433F4
:10B2E000C4188C42F9D3094A094C002301E01360C9
:10B2F0000432A242FBD30AF041FDF8F765FB704728
:10B3000000000020AC000020F0810508B000002003
:10B31000E0680020FEE7000080B500AF084B1B6826
:10B32000074A43F010031360032000F0F5F80F20E4
:10B33000FFF7FEFDFEF71CFD0023184680BD00BF91
:10B340000020024080B400AF054B1B781A46054B25
:10B350001B681344034A136000BFBD4680BC70479E
:10B36000540000208409002080B400AF024B1B6809
:10B370001846BD4680BC70478409002080B584B063
:10B3800000AF7860FFF7F0FFB8607B68FB60FB6898
:10B39000B3F1FF3F05D00A4B1B781A46FB681344F4
:10B3A000FB6000BFFFF7E0FF0246BB68D31AFA68F4
:10B3B0009A42F7D800BF00BF1037BD4680BD00BF1E
:10B3C0005400002080B485B000AF78607B6803F043
:10B3D0000703FB600C4BDB68BB60BA684FF6FF03EA
:10B3E0001340BB60FB681A02BB68134343F0BF63A2
:10B3F00043F40033BB60044ABB68D36000BF14371A
:10B40000BD4680BC704700BF00ED00E080B400AFD7
:10B41000044BDB681B0A03F007031846BD4680BCDB
:10B42000704700BF00ED00E080B483B000AF03467A
:10B43000FB7197F90730002B0BDBFB7903F01F0240
:10B44000064997F907305B09012000FA02F241F83A
:10B45000232000BF0C37BD4680BC704700E100E0F0
:10B4600080B483B000AF03463960FB7197F90730B1
:10B47000002B0ADB3B68DAB20C4997F9073012015E
:10B48000D2B20B4483F800230AE03B68DAB20849E1
:10B49000FB7903F00F03043B1201D2B20B441A767E
:10B4A00000BF0C37BD4680BC704700BF00E100E024
:10B4B00000ED00E080B489B000AFF860B9607A6058
:10B4C000FB6803F00703FB61FB69C3F10703042B6F
:10B4D00028BF0423BB61FB690433062B02D9FB6937
:10B4E000033B00E000237B614FF0FF32BB6902FAAF
:10B4F00003F3DA43BB681A407B699A404FF0FF318F
:10B500007B6901FA03F3D9437B680B401343184668
:10B510002437BD4680BC704780B582B000AF7860EC
:10B520007868FFF74FFF00BF0837BD4680BD80B584
:10B5300086B000AF0346B9607A60FB7300237B617D
:10B54000FFF764FF78617A68B9687869FFF7B2FF3E
:10B55000024697F90F3011461846FFF781FF00BFEA
:10B560001837BD4680BD80B582B000AF0346FB7181
:10B5700097F907301846FFF757FF00BF0837BD4659
:10B5800080BD80B485B000AF78600023FB737B681A
:10B5900093F82130DBB2022B08D07B6804229A6337
:10B5A0007B68002283F82020012320E07B681B6851
:10B5B0001A687B681B6822F00E021A607B681B68A1
:10B5C0001A687B681B6822F001021A607B681A6C9B
:10B5D0007B68DB6B012101FA02F25A607B68012271
:10B5E00083F821207B68002283F82020FB7B18460B
:10B5F0001437BD4680BC704780B584B000AF78601A
:10B600000023FB737B6893F82130DBB2022B05D05B
:10B610007B6804229A630123FB73D6E07B681B6876
:10B620001A687B681B6822F00E021A607B681B6830
:10B630001A687B681B6822F001021A607B681B682D
:10B640001A46644B9A4258D97B681B68624A9342F7
:10B650004FD07B681B68614A934248D07B681B6867
:10B660005F4A934240D07B681B685E4A934238D061
:10B670007B681B685C4A934230D07B681B685B4ADE
:10B68000934228D07B681B68524A934220D07B6843
:10B690001B68574A934219D07B681B68554A9342EE
:10B6A00012D07B681B68544A93420AD07B681B689F
:10B6B000524A934202D14FF480531BE04FF480333F
:10B6C00018E04FF4807315E0102313E0012311E01C
:10B6D0004FF080730EE04FF480130BE04FF4803393
:10B6E00008E04FF4805305E04FF4807302E010232C
:10B6F00000E00123424A536057E07B681B68364AEA
:10B7000093424FD07B681B68344A934248D07B6891
:10B710001B68334A934240D07B681B68314A93428E
:10B7200038D07B681B68304A934230D07B681B68F6
:10B730002E4A934228D07B681B68264A934220D029
:10B740007B681B682A4A934219D07B681B68294A88
:10B75000934212D07B681B68274A93420AD07B68C9
:10B760001B68264A934202D14FF480531BE04FF4EA
:10B77000803318E04FF4807315E0102313E00123A9
:10B7800011E04FF080730EE04FF480130BE04FF4A4
:10B79000803308E04FF4805305E04FF4807302E0FB
:10B7A000102300E00123174A53607B68012283F8CD
:10B7B00021207B68002283F820207B685B6B002BB4
:10B7C00003D07B685B6B78689847FB7B1846103723
:10B7D000BD4680BD80000240080002401C000240BF
:10B7E0003000024044000240580002406C00024019
:10B7F000080402401C040240300402404404024099
:10B800000004024000000240F0B587B000AFF860CD
:10B81000B960C7E900230123FB750023BB75002332
:10B820007B752F4B1B7E012B01D1022354E02C4B47
:10B8300001221A764CF2503000F0A8F80346FB754E
:10B84000FB7D002B44D1FB68012B02D101237B75CA
:10B8500007E0FB68022B02D102237B7501E0042381
:10B860007B750023BB752DE0BB7D5A00BB6802EBE6
:10B87000030CBB7D1901D7E90023C1F12006A1F11A
:10B88000200022FA01F403FA06F6344323FA00F00A
:10B89000044323FA01F5A3B21946604600F05AF8B2
:10B8A0004CF2503000F072F80346FB750D4B1B69EB
:10B8B0000C4A23F001031361FB7D002B07D1BB7DF4
:10B8C0000133BB75BA7D7B7D9A42CDD300E000BFCA
:10B8D000034B00221A76FB7D18461C37BD46F0BD8F
:10B8E000880900200020024080B483B000AF00230C
:10B8F000FB710D4B1B6903F08003002B0DD00A4B2D
:10B900000A4A5A60084B0A4A5A60074B1B6903F0FF
:10B910008003002B01D00123FB71FB7918460C3703
:10B92000BD4680BC704700BF002002402301674530
:10B93000AB89EFCD80B400AF054B1B69044A43F0DF
:10B940008003136100231846BD4680BC704700BFCA
:10B950000020024080B483B000AF78600B467B804B
:10B96000084B0022DA61084B1B69074A43F00103C8
:10B9700013617B687A881A8000BF0C37BD4680BC93
:10B98000704700BF880900200020024080B584B0C5
:10B9900000AF7860FFF7E8FCF86010E07B68B3F177
:10B9A000FF3F0CD07B68002B07D0FFF7DDFC024681
:10B9B000FB68D31A7A689A4201D2032325E0154B1B
:10B9C000DB6803F00103002BE8D1124BDB6803F0C6
:10B9D0002003002B02D00F4B2022DA600D4BDB68D6
:10B9E00003F01003002B0BD10A4BDB6903F00103BA
:10B9F000002B05D1074BDB6803F00403002B03D0B9
:10BA000000F00AF8012300E0002318461037BD4675
:10BA100080BD00BF0020024080B483B000AF00238F
:10BA20007B60234BDB6803F01003002B09D0214B14
:10BA3000DB6943F002031F4AD3617B6843F01003C4
:10BA40007B601B4BDB6803F00403002B09D0194B10
:10BA5000DB6943F00103174AD3617B6843F00403B9
:10BA60007B60134BDB6903F00103002B0BD0114B00
:10BA7000DB6943F004030F4AD3610D4BDB690C4AC9
:10BA800023F00103D3617B6840F20112934206D197
:10BA9000074BDB69064A23F00103D36102E0044A45
:10BAA0007B68D36000BF0C37BD4680BC704700BFC9
:10BAB000002002408809002080B584B000AF786083
:10BAC00039600123FB730023BB602F4B1B7E012BCE
:10BAD00001D1022353E02C4B01221A767B681B68AC
:10BAE000022B16D14CF25030FFF750FF0346002BCB
:10BAF00041D1012000F04CF84CF25030FFF746FFE6
:10BB00000346FB73214B1B69204A23F00403136196
:10BB100031E04CF25030FFF739FF0346002B2AD1B9
:10BB20003B684FF0FF321A607B689B68BB6019E08E
:10BB3000B86800F049F84CF25030FFF727FF034691
:10BB4000FB73124B1B69114A23F002031361FB7B49
:10BB5000002B03D03B68BA681A600CE0BB6803F5A1
:10BB60000063BB607B68DB68DA027B689B68134418
:10BB7000BA689A42DCD3044B00221A76FB7B184643
:10BB80001037BD4680BD00BF88090020002002405C
:10BB900080B483B000AF7860094B0022DA61094BB2
:10BBA0001B69084A43F004031361064B1B69054AED
:10BBB00043F04003136100BF0C37BD4680BC7047A3
:10BBC000880900200020024080B483B000AF786074
:10BBD0000B4B0022DA610B4B1B690A4A43F002034C
:10BBE0001361084A7B685361064B1B69054A43F0A1
:10BBF0004003136100BF0C37BD4680BC704700BFD7
:10BC0000880900200020024080B48BB000AF78602B
:10BC1000396000237B6200233B6279E101227B6A69
:10BC200002FA03F3FB613B681B68FA691340BB61CE
:10BC3000BA69FB699A4240F068813B685B68964A42
:10BC400093425ED0944A934275D8944A934258D016
:10BC5000924A93426FD8924A934252D0904A93426A
:10BC600069D8904A93424CD08E4A934263D88E4A08
:10BC7000934246D08C4A93425DD8122B2AD8122B7D
:10BC800059D801A252F823F003BD0408DDBC040812
:10BC9000EFBC040831BD040837BD040837BD0408F3
:10BCA00037BD040837BD040837BD040837BD040894
:10BCB00037BD040837BD040837BD040837BD040884
:10BCC00037BD040837BD040837BD0408E5BC0408C7
:10BCD000F9BC0408754A934213D02CE03B68DB683A
:10BCE0003B6229E03B68DB6804333B6224E03B684D
:10BCF000DB6808333B621FE03B68DB680C333B6268
:10BD00001AE03B689B68002B02D104233B6213E0DE
:10BD10003B689B68012B05D108233B627B68FA696D
:10BD20001A6109E008233B627B68FA695A6103E003
:10BD300000233B6200E000BFBB69FF2B01D87B689A
:10BD400001E07B6804337B61BB69FF2B02D87B6A0F
:10BD50009B0002E07B6A083B9B003B617B691A68A1
:10BD60000F213B6901FA03F3DB431A40396A3B694F
:10BD700001FA03F31A437B691A603B685B6803F0BE
:10BD80008053002B00F0C180494B9B69484A43F027
:10BD900001039361464B9B6903F00103BB60BB68E1
:10BDA000444A7B6A9B08023352F82330FB607B6A6B
:10BDB00003F003039B000F2202FA03F3DB43FA684C
:10BDC0001340FB607B683C4A93421FD07B683B4A30
:10BDD000934219D07B683A4A934213D07B68394A20
:10BDE00093420DD07B68384A934207D07B68374A2C
:10BDF000934201D105230AE0062308E0042306E06C
:10BE0000032304E0022302E0012300E000237A6A16
:10BE100002F0030292009340FA681343FB60254945
:10BE20007B6A9B080233FA6841F823203B685B6811
:10BE300003F48013002B06D0254B9A682449BB6974
:10BE400013438B6006E0224B9A68BB69DB432049B1
:10BE500013408B603B685B6803F40013002B06D033
:10BE60001B4BDA681A49BB691343CB6006E0184BD9
:10BE7000DA68BB69DB4316491340CB603B685B68FB
:10BE800003F40033002B25D0114B5A681049BB69CD
:10BE900013434B6025E000BF00003210000031105A
:10BEA00000002210000021100000121000001110EC
:10BEB000001002400000014000080140000C014059
:10BEC000001001400014014000180140001C014016
:10BED00000040140154B5A68BB69DB43134913400A
:10BEE0004B603B685B6803F48033002B06D00F4B3C
:10BEF0001A680E49BB6913430B6006E00B4B1A68C6
:10BF0000BB69DB43094913400B607B6A01337B62E9
:10BF10003B681A687B6A22FA03F3002B7FF47EAE3B
:10BF200000BF00BF2C37BD4680BC704700040140F5
:10BF300080B485B000AF78600B467B807B689A68E0
:10BF40007B881340002B02D00123FB7301E0002308
:10BF5000FB73FB7B18461437BD4680BC704780B42A
:10BF600083B000AF78600B467B8013467B707B7894
:10BF7000002B03D07A887B681A6103E07B881A045F
:10BF80007B681A6100BF0C37BD4680BC704780B427
:10BF900085B000AF78600B467B807B68DB68FB6018
:10BFA0007A88FB6813401A04FB68D9437B880B40EE
:10BFB0001A437B681A6100BF1437BD4680BC7047C6
:10BFC00080B584B000AF78607B68002B01D101237D
:10BFD0002BE17B6893F83D30DBB2002B06D17B6808
:10BFE000002283F83C207868FDF7FAFE7B68242263
:10BFF00083F83D207B681B681A687B681B6822F009
:10C0000001021A607B681B681A687B681B6842F42F
:10C0100000421A607B681B681A687B681B6822F400
:10C0200000421A6002F0F0F9F8607B685B68814AB0
:10C03000934207D8FB68804A934294BF01230023B0
:10C04000DBB206E0FB687D4A934294BF01230023E4
:10C05000DBB2002B01D00123E7E0FB68784AA2FBAA
:10C0600003239B0CBB607B681B685B6823F03F016C
:10C070007B681B68BA680A435A607B681B681B6A46
:10C0800023F03F017B685B686A4A934202D8BB6831
:10C09000013309E0BB684FF4967202FB03F3694A6F
:10C0A000A2FB03239B0901337A6812680B431362D6
:10C0B0007B681B68DB6923F44F4222F0FF027B6838
:10C0C0005B685C498B4219D8FB68591E7B685B68CA
:10C0D0005B00B1FBF3F3591C40F6FC730B40002BE3
:10C0E0000AD0FB68591E7B685B685B00B1FBF3F309
:10C0F0000133C3F30B0351E004234FE07B689B68DB
:10C10000002B11D1FB68581E7B6859680B465B00F9
:10C110000B44B0FBF3F30133C3F30B03002B0CBF51
:10C1200001230023DBB212E0FB68581E7B685968CC
:10C130000B469B000B4499000B44B0FBF3F3013317
:10C14000C3F30B03002B0CBF01230023DBB2002B36
:10C1500001D0012322E07B689B68002B0ED1FB6895
:10C16000581E7B6859680B465B000B44B0FBF3F329
:10C170000133C3F30B0343F400430FE0FB68581E85
:10C180007B6859680B469B000B4499000B44B0FB3D
:10C19000F3F30133C3F30B0343F4404379680968B5
:10C1A0001343CB617B681B681B6823F0C0017B686D
:10C1B000DA697B681B6A1A437B681B680A431A604A
:10C1C0007B681B689B6823F4034323F0FF037A68B2
:10C1D00011697A68D26811437A6812680B439360D8
:10C1E0007B681B68DB6823F0FF017B685A697B680A
:10C1F0009B691A437B681B680A43DA607B681B688B
:10C200001A687B681B6842F001021A607B68002292
:10C210001A647B68202283F83D207B6800221A6321
:10C220007B68002283F83E20002318461037BD4665
:10C2300080BD00BFA08601007F841E00FF083D0076
:10C2400083DE1B43D34D621080B588B002AFF86027
:10C250007A601A460B467B8113463B81FFF784F8D0
:10C260007861FB6893F83D30DBB2202B40F0E08032
:10C270007B690093192301227049F86801F0ACFA38
:10C280000346002B01D00223D3E0FB6893F83C3037
:10C29000012B01D10223CCE0FB68012283F83C2072
:10C2A000FB681B681B6803F00103012B07D0FB68C8
:10C2B0001B681A68FB681B6842F001021A60FB6881
:10C2C0001B681A68FB681B6822F400621A60FB682E
:10C2D000212283F83D20FB68102283F83E20FB6872
:10C2E00000221A64FB687A685A62FB683A895A85A8
:10C2F000FB685B8D9AB2FB681A85FB68504ADA626C
:10C3000079897B693A6AF86800F098FF0346002B48
:10C3100001D001238DE000233B61FB681B685B6952
:10C320003B61FB681B689B693B613B6966E07A691E
:10C33000396AF86801F06AFB0346002B0DD0FB68F0
:10C340001B6C042B07D1FB681B681A68FB681B6811
:10C3500042F400721A6001236BE0FB685B6A1A7892
:10C36000FB681B681A61FB685B6A5A1CFB685A62AF
:10C37000FB685B8D9BB2013B9AB2FB685A85FB68F8
:10C380001B8D013B9AB2FB681A85FB681B685B69D1
:10C3900003F00403042B1BD1FB681B8D002B17D06B
:10C3A000FB685B6A1A78FB681B681A61FB685B6A4A
:10C3B0005A1CFB685A62FB685B8D9BB2013B9AB2C8
:10C3C000FB685A85FB681B8D013B9AB2FB681A8596
:10C3D0007A69396AF86801F061FB0346002B0DD0D9
:10C3E000FB681B6C042B07D1FB681B681A68FB6891
:10C3F0001B6842F400721A6001231AE0FB681B8D6F
:10C40000002B94D1FB681B681A68FB681B6842F418
:10C4100000721A60FB68202283F83D20FB6800222E
:10C4200083F83E20FB68002283F83C20002300E0D4
:10C43000022318461837BD4680BD00BF0200100019
:10C440000000FFFF80B58CB002AFF8607A601A463A
:10C450000B467B8113463B8100233B62FEF784FF42
:10C460007862FB6893F83D30DBB2202B40F04B82C2
:10C470007B6A0093192301227F49F86801F0ACF927
:10C480000346002B01D002233EE2FB6893F83C30C8
:10C49000012B01D1022337E2FB68012283F83C2003
:10C4A000FB681B681B6803F00103012B07D0FB68C6
:10C4B0001B681A68FB681B6842F001021A60FB687F
:10C4C0001B681A68FB681B6822F400621A60FB682C
:10C4D000222283F83D20FB68102283F83E20FB686F
:10C4E00000221A64FB687A685A62FB683A895A85A6
:10C4F000FB685B8D9AB2FB681A85FB685F4ADA625B
:10C5000079897B6A3A6BF86800F01AFF0346002BC2
:10C5100001D00123F8E1FB681B8D002B13D1002310
:10C52000FB61FB681B685B69FB61FB681B689B69BF
:10C53000FB61FB69FB681B681A68FB681B6842F4B7
:10C5400000721A60CCE1FB681B8D012B1ED1FB68C9
:10C550001B681A68FB681B6822F480621A6072B656
:10C5600000BF0023BB61FB681B685B69BB61FB68A4
:10C570001B689B69BB61BB69FB681B681A68FB6829
:10C580001B6842F400721A6062B635E0FB681B8DCE
:10C59000022B1ED1FB681B681A68FB681B6842F4FB
:10C5A00000621A6072B600BF00237B61FB681B68E3
:10C5B0005B697B61FB681B689B697B617B69FB68CE
:10C5C0001B681A68FB681B6822F480621A6062B6F6
:10C5D00012E0FB681B681A68FB681B6842F4806203
:10C5E0001A6000233B61FB681B685B693B61FB6869
:10C5F0001B689B693B613B6972E1FB681B8D032BE8
:10C6000000F21F81FB681B8D012B23D17A6A396BE5
:10C61000F86801F08BFA0346002B01D0012373E187
:10C62000FB681B681A69FB685B6AD2B21A70FB6808
:10C630005B6A5A1CFB685A62FB681B8D013B9AB20D
:10C64000FB681A85FB685B8D9BB2013B9AB2FB6865
:10C650005A8545E1FB681B8D022B52D17B6A009302
:10C660003B6B00220649F86801F0B6F80346002B40
:10C6700008D0012348E100BF020010000000FFFFC6
:10C680000400010072B600BFFB681B681A68FB68F3
:10C690001B6842F400721A60FB681B681A69FB6829
:10C6A0005B6AD2B21A70FB685B6A5A1CFB685A62FA
:10C6B000FB681B8D013B9AB2FB681A85FB685B8D9A
:10C6C0009BB2013B9AB2FB685A8562B600BFFB6819
:10C6D0001B681A69FB685B6AD2B21A70FB685B6AF6
:10C6E0005A1CFB685A62FB681B8D013B9AB2FB68BF
:10C6F0001A85FB685B8D9BB2013B9AB2FB685A8539
:10C70000EEE07B6A00933B6B00228149F86801F000
:10C7100063F80346002B01D00123F5E0FB681B689A
:10C720001A68FB681B6822F480621A6072B600BF48
:10C73000FB681B681A69FB685B6AD2B21A70FB68F7
:10C740005B6A5A1CFB685A62FB681B8D013B9AB2FC
:10C75000FB681A85FB685B8D9BB2013B9AB2FB6854
:10C760005A856C4B1B68DB086B4AA2FB03231A0A31
:10C7700013469B001344DA00D31A3B623B6A013B29
:10C780003B623B6A002B18D1FB6800221A63FB68EE
:10C79000202283F83D20FB68002283F83E20FB68BE
:10C7A0001B6C43F02002FB681A6462B600BFFB6892
:10C7B000002283F83C200123A6E0FB681B685B692C
:10C7C00003F00403042BD9D1FB681B681A68FB68CB
:10C7D0001B6842F400721A60FB681B681A69FB68E8
:10C7E0005B6AD2B21A70FB685B6A5A1CFB685A62B9
:10C7F000FB681B8D013B9AB2FB681A85FB685B8D59
:10C800009BB2013B9AB2FB685A8562B600BFFB68D7
:10C810001B681A69FB685B6AD2B21A70FB685B6AB4
:10C820005A1CFB685A62FB681B8D013B9AB2FB687D
:10C830001A85FB685B8D9BB2013B9AB2FB685A85F7
:10C840004EE07A6A396BF86801F070F90346002B04
:10C8500001D0012358E0FB681B681A69FB685B6A1A
:10C86000D2B21A70FB685B6A5A1CFB685A62FB689A
:10C870001B8D013B9AB2FB681A85FB685B8D9BB2EE
:10C88000013B9AB2FB685A85FB681B685B6903F041
:10C890000403042B24D1FB681B8D032B07D1FB68F9
:10C8A0001B681A68FB681B6822F480621A60FB68C8
:10C8B0001B681A69FB685B6AD2B21A70FB685B6A14
:10C8C0005A1CFB685A62FB681B8D013B9AB2FB68DD
:10C8D0001A85FB685B8D9BB2013B9AB2FB685A8557
:10C8E000FB681B8D002B7FF488AEFB68202283F849
:10C8F0003D20FB68002283F83E20FB68002283F87D
:10C900003C20002300E0022318462837BD4680BDA6
:10C91000040001004C00002089B5F81480B588B0EF
:10C9200002AFF860084611461A4603467B810B4663
:10C930003B811346FB80FEF717FD7861FB6893F897
:10C940003D30DBB2202B40F0D9807B690093192366
:10C9500001226D49F86800F03FFF0346002B01D02B
:10C960000223CCE0FB6893F83C30012B01D1022379
:10C97000C5E0FB68012283F83C20FB681B681B684C
:10C9800003F00103012B07D0FB681B681A68FB68E2
:10C990001B6842F001021A60FB681B681A68FB689A
:10C9A0001B6822F400621A60FB68212283F83D2094
:10C9B000FB68402283F83E20FB6800221A64FB6873
:10C9C0003A6A5A62FB68BA8C5A85FB685B8D9AB2E8
:10C9D000FB681A85FB684D4ADA62F8883A897989DA
:10C9E0007B690193BB6A00930346F86800F076FD0B
:10C9F0000346002B52D0012381E07A69B96AF868B6
:10CA000001F004F80346002B0DD0FB681B6C042BCF
:10CA100007D1FB681B681A68FB681B6842F4007248
:10CA20001A6001236BE0FB685B6A1A78FB681B687D
:10CA30001A61FB685B6A5A1CFB685A62FB681B8DB3
:10CA4000013B9AB2FB681A85FB685B8D9BB2013B88
:10CA50009AB2FB685A85FB681B685B6903F00403A4
:10CA6000042B1BD1FB681B8D002B17D0FB685B6A66
:10CA70001A78FB681B681A61FB685B6A5A1CFB68C2
:10CA80005A62FB681B8D013B9AB2FB681A85FB68F2
:10CA90005B8D9BB2013B9AB2FB685A85FB681B8D8C
:10CAA000002BAAD17A69B96AF86800F0F7FF03464B
:10CAB000002B0DD0FB681B6C042B07D1FB681B6897
:10CAC0001A68FB681B6842F400721A60012316E0C2
:10CAD000FB681B681A68FB681B6842F400721A60E6
:10CAE000FB68202283F83D20FB68002283F83E206B
:10CAF000FB68002283F83C20002300E00223184654
:10CB00001837BD4680BD00BF020010000000FFFFC7
:10CB100080B58CB002AFF860084611461A4603464D
:10CB20007B810B463B811346FB8000233B62FEF773
:10CB30001BFC7862FB6893F83D30DBB2202B40F0A1
:10CB400044827B6A0093192301228249F86800F02D
:10CB500043FE0346002B01D0022337E2FB6893F823
:10CB60003C30012B01D1022330E2FB68012283F823
:10CB70003C20FB681B681B6803F00103012B07D0F6
:10CB8000FB681B681A68FB681B6842F001021A60A8
:10CB9000FB681B681A68FB681B6822F400621A6055
:10CBA000FB68222283F83D20FB68402283F83E2068
:10CBB000FB6800221A64FB683A6B5A62FB68BA8E03
:10CBC0005A85FB685B8D9AB2FB681A85FB68624ADE
:10CBD000DA62F8883A8979897B6A0193BB6B0093A2
:10CBE0000346F86800F010FD0346002B01D0012336
:10CBF000ECE1FB681B8D002B13D10023FB61FB686C
:10CC00001B685B69FB61FB681B689B69FB61FB69D7
:10CC1000FB681B681A68FB681B6842F400721A60A4
:10CC2000C0E1FB681B8D012B1ED1FB681B681A68D5
:10CC3000FB681B6822F480621A6072B600BF002392
:10CC4000BB61FB681B685B69BB61FB681B689B6918
:10CC5000BB61BB69FB681B681A68FB681B6842F410
:10CC600000721A6062B635E0FB681B8D022B1ED184
:10CC7000FB681B681A68FB681B6842F400621A6054
:10CC800072B600BF00237B61FB681B685B697B6138
:10CC9000FB681B689B697B617B69FB681B681A6882
:10CCA000FB681B6822F480621A6062B612E0FB68BF
:10CCB0001B681A68FB681B6842F480621A600023D4
:10CCC0003B61FB681B685B693B61FB681B689B6998
:10CCD0003B613B6966E1FB681B8D032B00F21F8102
:10CCE000FB681B8D012B23D17A6AB96BF86800F0C1
:10CCF0001DFF0346002B01D0012367E1FB681B6881
:10CD00001A69FB685B6AD2B21A70FB685B6A5A1CCC
:10CD1000FB685A62FB681B8D013B9AB2FB681A855F
:10CD2000FB685B8D9BB2013B9AB2FB685A8539E187
:10CD3000FB681B8D022B52D17B6A0093BB6B0022D8
:10CD40000649F86800F048FD0346002B08D001238F
:10CD50003CE100BF020010000000FFFF04000100E2
:10CD600072B600BFFB681B681A68FB681B6842F458
:10CD700000721A60FB681B681A69FB685B6AD2B2B2
:10CD80001A70FB685B6A5A1CFB685A62FB681B8D51
:10CD9000013B9AB2FB681A85FB685B8D9BB2013B35
:10CDA0009AB2FB685A8562B600BFFB681B681A69B5
:10CDB000FB685B6AD2B21A70FB685B6A5A1CFB683C
:10CDC0005A62FB681B8D013B9AB2FB681A85FB68AF
:10CDD0005B8D9BB2013B9AB2FB685A85E2E07B6AAD
:10CDE0000093BB6B00227B49F86800F0F5FC03461A
:10CDF000002B01D00123E9E0FB681B681A68FB687F
:10CE00001B6822F480621A6072B600BFFB681B6860
:10CE10001A69FB685B6AD2B21A70FB685B6A5A1CBB
:10CE2000FB685A62FB681B8D013B9AB2FB681A854E
:10CE3000FB685B8D9BB2013B9AB2FB685A85664BDF
:10CE40001B68DB08654AA2FB03231A0A13469B00F2
:10CE50001344DA00D31A3B623B6A013B3B623B6AF4
:10CE6000002B18D1FB6800221A63FB68202283F88C
:10CE70003D20FB68002283F83E20FB681B6C43F0DA
:10CE80002002FB681A6462B600BFFB68002283F8C8
:10CE90003C2001239AE0FB681B685B6903F00403F4
:10CEA000042BD9D1FB681B681A68FB681B6842F425
:10CEB00000721A60FB681B681A69FB685B6AD2B271
:10CEC0001A70FB685B6A5A1CFB685A62FB681B8D10
:10CED000013B9AB2FB681A85FB685B8D9BB2013BF4
:10CEE0009AB2FB685A8562B600BFFB681B681A6974
:10CEF000FB685B6AD2B21A70FB685B6A5A1CFB68FB
:10CF00005A62FB681B8D013B9AB2FB681A85FB686D
:10CF10005B8D9BB2013B9AB2FB685A8542E07A6A0C
:10CF2000B96BF86800F002FE0346002B01D0012324
:10CF30004CE0FB681B681A69FB685B6AD2B21A7026
:10CF4000FB685B6A5A1CFB685A62FB681B8D013BDD
:10CF50009AB2FB681A85FB685B8D9BB2013B9AB263
:10CF6000FB685A85FB681B685B6903F00403042BAC
:10CF700018D1FB681B681A69FB685B6AD2B21A7029
:10CF8000FB685B6A5A1CFB685A62FB681B8D013B9D
:10CF90009AB2FB681A85FB685B8D9BB2013B9AB223
:10CFA000FB685A85FB681B8D002B7FF494AEFB68F1
:10CFB000202283F83D20FB68002283F83E20FB6896
:10CFC000002283F83C20002300E002231846283783
:10CFD000BD4680BD040001004C00002089B5F81456
:10CFE00080B58AB002AFF8607A603B600B467B8107
:10CFF000FEF7BAF9F8610023BB61FB6893F83D3096
:10D00000DBB2202B40F01181FB6900931923012230
:10D010008849F86800F0E0FB0346002B01D00223AA
:10D0200004E1FB6893F83C30012B01D10223FDE0C1
:10D03000FB68012283F83C20FB681B681B6803F037
:10D040000103012B07D0FB681B681A68FB681B688B
:10D0500042F001021A60FB681B681A68FB681B68D3
:10D0600022F400621A60FB68242283F83D20FB68EA
:10D0700000221A64FB68704ADA62FB681B681A684F
:10D08000FB681B6842F480721A60FB6900933B687E
:10D0900000224FF00111F86800F09EFB0346002BC0
:10D0A0000DD0FB681B681B6803F48073B3F5807FA9
:10D0B00003D1FB684FF400721A640323B6E07B8946
:10D0C000DBB21A46FB681B6802F0FE021A61FEF72B
:10D0D0004BF9F861FB681B685B6903F00203022BE4
:10D0E0000CBF01230023DBB2FB75FB681B685B6987
:10D0F00003F48063B3F5806F0CBF01230023DBB220
:10D10000BB7525E0FEF730F90246FB69D31A3A6891
:10D110009A4202D33B68002B03D1FB68A02283F81C
:10D120003D20FB681B685B6903F00203022B0CBF08
:10D1300001230023DBB2FB75FB681B685B6903F40A
:10D140008063B3F5806F0CBF01230023DBB2BB7596
:10D15000FB6893F83D30DBB2A02B05D0FB7D002BA4
:10D1600002D1BB7D002BCDD0FB68202283F83D206F
:10D17000FB681B685B6903F00203022B29D1FB6883
:10D180001B681A68FB681B6842F400721A6000236F
:10D190003B61FB681B685B693B61FB681B689B69C3
:10D1A0003B613B69FB690093192301222149F8681F
:10D1B00000F012FB0346002B01D0012336E0FB6890
:10D1C000202283F83D20FB68002283F83C200023C6
:10D1D0002CE0FB681B681A68FB681B6842F400724D
:10D1E0001A60FB681B686FF480625A61FB690093E8
:10D1F000192301220F49F86800F0EEFA0346002BCC
:10D2000001D0012312E0BB690133BB61BA697B68BD
:10D210009A42FFF432AFFB68202283F83D20FB687E
:10D22000002283F83C20012300E002231846203727
:10D23000BD4680BD020010000000FFFF80B588B031
:10D2400002AFF8607A603B600B467B81FB68DB6A6B
:10D250007B617B69082B06D07B69012B03D07B693E
:10D2600013F5803F08D1FB681B681A68FB681B68D0
:10D2700042F480721A600BE0FB681B6B122B07D123
:10D28000FB681B681A68FB681B6842F480721A60AE
:10D290003B6800937B6800224FF00111F86800F0B2
:10D2A0009BFA0346002B0DD0FB681B681B6803F438
:10D2B0008073B3F5807F03D1FB684FF400721A646A
:10D2C000032335E0FB681B69B3F5804F08D17B89E8
:10D2D000DBB21A46FB681B6802F0FE021A611BE013
:10D2E0007B89DB11DBB203F00603DBB263F00F03D3
:10D2F000DAB2FB681B681A613B687A680E49F86805
:10D3000000F0E4FA0346002B01D0012310E07B89F2
:10D31000DAB2FB681B681A613B687A680749F868EB
:10D3200000F0D4FA0346002B01D0012300E00023D3
:10D3300018461837BD4680BD0800010002000100F4
:10D3400080B588B002AFF8607A603B600B467B81A5
:10D35000FB68DB6A7B61FB681B681A68FB681B68FB
:10D3600042F480621A607B69082B06D07B69012B2E
:10D3700003D07B6913F5803F08D1FB681B681A68EE
:10D38000FB681B6842F480721A600BE0FB681B6B41
:10D39000112B07D1FB681B681A68FB681B6842F4F5
:10D3A00080721A603B6800937B6800224FF0011185
:10D3B000F86800F011FA0346002B0DD0FB681B68DB
:10D3C0001B6803F48073B3F5807F03D1FB684FF4CF
:10D3D00000721A64032379E0FB681B69B3F5804F80
:10D3E00008D17B89DBB243F00103DAB2FB681B682A
:10D3F0001A615FE07B89DB11DBB203F00603DBB26D
:10D4000063F00F03DAB2FB681B681A613B687A6845
:10D410003049F86800F05AFA0346002B01D0012386
:10D4200054E07B89DAB2FB681B681A613B687A6852
:10D430002949F86800F04AFA0346002B01D001237D
:10D4400044E000233B61FB681B685B693B61FB6850
:10D450001B689B693B613B69FB681B681A68FB683A
:10D460001B6842F480721A603B6800937B6800225C
:10D470004FF00111F86800F0AFF90346002B0DD012
:10D48000FB681B681B6803F48073B3F5807F03D1CE
:10D49000FB684FF400721A64032317E07B89DB11E9
:10D4A000DBB203F00603DBB263F00E03DAB2FB6813
:10D4B0001B681A613B687A680749F86800F006FA49
:10D4C0000346002B01D0012300E000231846183743
:10D4D000BD4680BD080001000200010080B588B093
:10D4E00002AFF860084611461A4603467B810B4698
:10D4F0003B811346FB80FB681B681A68FB681B684E
:10D5000042F480721A607B6A00933B6A00224FF0FB
:10D510000111F86800F060F90346002B0DD0FB689C
:10D520001B681B6803F48073B3F5807F03D1FB682D
:10D530004FF400721A6403235FE07B89DBB21A4662
:10D54000FB681B6802F0FE021A617B6A3A6A2D4989
:10D55000F86800F0BBF90346002B01D001234CE032
:10D5600000237B61FB681B685B697B61FB681B6850
:10D570009B697B617B697A6A396AF86800F046FAD0
:10D580000346002B0DD0FB681B6C042B07D1FB68F6
:10D590001B681A68FB681B6842F400721A6001235A
:10D5A0002BE0FB88012B05D13B89DAB2FB681B68B5
:10D5B0001A6121E03B891B0A9BB2DAB2FB681B6847
:10D5C0001A617A6A396AF86800F020FA0346002B7B
:10D5D0000DD0FB681B6C042B07D1FB681B681A6815
:10D5E000FB681B6842F400721A60012305E03B8966
:10D5F000DAB2FB681B681A61002318461837BD466B
:10D6000080BD00BF0200010080B588B002AFF860A5
:10D61000084611461A4603467B810B463B8113465A
:10D62000FB80FB681B681A68FB681B6842F4806219
:10D630001A60FB681B681A68FB681B6842F48072FA
:10D640001A607B6A00933B6A00224FF00111F86870
:10D6500000F0C2F80346002B0DD0FB681B681B6866
:10D6600003F48073B3F5807F03D1FB684FF400723D
:10D670001A640323AAE07B89DBB21A46FB681B68A5
:10D6800002F0FE021A617B6A3A6A5249F86800F0B9
:10D690001DF90346002B01D0012397E000237B6195
:10D6A000FB681B685B697B61FB681B689B697B612E
:10D6B0007B697A6A396AF86800F0A8F90346002B9A
:10D6C0000DD0FB681B6C042B07D1FB681B681A6824
:10D6D000FB681B6842F400721A60012376E0FB8845
:10D6E000012B05D13B89DAB2FB681B681A6121E086
:10D6F0003B891B0A9BB2DAB2FB681B681A617A6A23
:10D70000396AF86800F082F90346002B0DD0FB68F7
:10D710001B6C042B07D1FB681B681A68FB681B682D
:10D7200042F400721A60012350E03B89DAB2FB68D0
:10D730001B681A617A6A396AF86800F067F903466B
:10D74000002B0DD0FB681B6C042B07D1FB681B68FA
:10D750001A68FB681B6842F400721A60012335E006
:10D76000FB681B681A68FB681B6842F480721A60C9
:10D770007B6A00933B6A00224FF00111F86800F0C9
:10D780002BF80346002B0DD0FB681B681B6803F4C5
:10D790008073B3F5807F03D1FB684FF400721A6485
:10D7A000032313E07B89DBB243F00103DAB2FB68A9
:10D7B0001B681A617B6A3A6A0649F86800F086F8C5
:10D7C0000346002B01D0012300E000231846183740
:10D7D000BD4680BD0200010080B584B000AFF86096
:10D7E000B9603B601346FB7148E03B68B3F1FF3F13
:10D7F00044D0FDF7B9FD0246BB69D31A3A689A4294
:10D8000002D33B68002B39D1BB681B0CDBB2012B68
:10D810000DD1FB681B685B69DA43BB6813409BB2A0
:10D82000002B0CBF01230023DBB21A460CE0FB687F
:10D830001B689B69DA43BB6813409BB2002B0CBF8B
:10D8400001230023DBB21A46FB799A4216D1FB680A
:10D8500000221A63FB68202283F83D20FB68002227
:10D8600083F83E20FB681B6C43F02002FB681A64BF
:10D87000FB68002283F83C20012323E0BB681B0CDB
:10D88000DBB2012B0DD1FB681B685B69DA43BB6817
:10D8900013409BB2002B0CBF01230023DBB21A46BE
:10D8A0000CE0FB681B689B69DA43BB6813409BB2C2
:10D8B000002B0CBF01230023DBB21A46FB799A42EE
:10D8C00093D0002318461037BD4680BD80B584B084
:10D8D00000AFF860B9607A603B6071E0FB681B687C
:10D8E0005B6903F48063B3F5806F23D1FB681B6829
:10D8F0001A68FB681B6842F400721A60FB681B68B8
:10D900006FF480625A61FB6800221A63FB68202270
:10D9100083F83D20FB68002283F83E20FB681B6CE7
:10D9200043F00402FB681A64FB68002283F83C2081
:10D93000012367E07B68B3F1FF3F41D0FDF714FDA1
:10D9400002463B68D31A7A689A4202D37B68002B5E
:10D9500036D1BB681B0CDBB2012B0CD1FB681B68FA
:10D960005B69DA43BB6813409BB2002B14BF0123F1
:10D970000023DBB20BE0FB681B689B69DA43BB68E2
:10D9800013409BB2002B14BF01230023DBB2002BFA
:10D9900016D0FB6800221A63FB68202283F83D2022
:10D9A000FB68002283F83E20FB681B6C43F02002DA
:10D9B000FB681A64FB68002283F83C20012321E005
:10D9C000BB681B0CDBB2012B0CD1FB681B685B69CD
:10D9D000DA43BB6813409BB2002B14BF0123002322
:10D9E000DBB20BE0FB681B689B69DA43BB68134042
:10D9F0009BB2002B14BF01230023DBB2002B7FF46A
:10DA00006DAF002318461037BD4680BD80B584B089
:10DA100000AFF860B9607A6034E0F86800F0E3F8CD
:10DA20000346002B01D0012334E0BB68B3F1FF3F74
:10DA300028D0FDF799FC02467B68D31ABA689A424F
:10DA400002D3BB68002B1DD1FB681B685B6903F028
:10DA50008003802B16D0FB6800221A63FB6820220B
:10DA600083F83D20FB68002283F83E20FB681B6C96
:10DA700043F02002FB681A64FB68002283F83C2014
:10DA8000012307E0FB681B685B6903F08003802BC0
:10DA9000C3D1002318461037BD4680BD80B584B081
:10DAA00000AFF860B9607A6034E0F86800F09BF885
:10DAB0000346002B01D0012334E0BB68B3F1FF3FE4
:10DAC00028D0FDF751FC02467B68D31ABA689A4207
:10DAD00002D3BB68002B1DD1FB681B685B6903F098
:10DAE0000403042B16D0FB6800221A63FB68202273
:10DAF00083F83D20FB68002283F83E20FB681B6C06
:10DB000043F02002FB681A64FB68002283F83C2083
:10DB1000012307E0FB681B685B6903F00403042B27
:10DB2000C3D1002318461037BD4680BD80B584B0F0
:10DB300000AFF860B9607A6049E0FB681B685B6918
:10DB400003F01003102B19D1FB681B686FF0100253
:10DB50005A61FB6800221A63FB68202283F83D208B
:10DB6000FB68002283F83E20FB681A6CFB681A648D
:10DB7000FB68002283F83C20012330E0FDF7F4FB32
:10DB800002467B68D31ABA689A4202D3BB68002B5C
:10DB90001DD1FB681B685B6903F04003402B16D066
:10DBA000FB6800221A63FB68202283F83D20FB6893
:10DBB000002283F83E20FB681B6C43F02002FB68C8
:10DBC0001A64FB68002283F83C20012307E0FB680D
:10DBD0001B685B6903F04003402BAED1002318465D
:10DBE0001037BD4680BD80B483B000AF78607B68DD
:10DBF0001B685B6903F48063B3F5806F1BD17B689E
:10DC00001B686FF480625A617B6800221A637B682C
:10DC1000202283F83D207B68002283F83E207B6829
:10DC20001B6C43F004027B681A647B68002283F853
:10DC30003C20012300E0002318460C37BD4680BC81
:10DC40007047000080B400AF034B01221A6000BF90
:10DC5000BD4680BC704700BF20000E4280B400AFBC
:10DC6000034B00221A6000BFBD4680BC704700BF56
:10DC700020000E4280B586B000AF78607B68002B34
:10DC800001D1012372E27B681B6803F00103002BC2
:10DC900000F08780924B5B6803F00C03042B0CD0E0
:10DCA0008F4B5B6803F00C03082B12D18C4B5B6825
:10DCB00003F48033B3F5803F0BD1894B1B6803F429
:10DCC0000033002B6CD07B685B68002B68D101238C
:10DCD0004CE27B685B68B3F5803F06D1804B1B68E4
:10DCE0007F4A43F4803313602EE07B685B68002B2F
:10DCF0000CD17B4B1B687A4A23F480331360784B3A
:10DD00001B68774A23F4802313601DE07B685B68FF
:10DD1000B3F5A02F0CD1724B1B68714A43F48023DA
:10DD200013606F4B1B686E4A43F4803313600BE043
:10DD30006B4B1B686A4A23F480331360684B1B6883
:10DD4000674A23F4802313607B685B68002B13D041
:10DD5000FDF70AFB386108E0FDF706FB02463B6968
:10DD6000D31A642B01D9032300E25D4B1B6803F433
:10DD70000033002BF0D014E0FDF7F6FA386108E02C
:10DD8000FDF7F2FA02463B69D31A642B01D903234B
:10DD9000ECE1534B1B6803F40033002BF0D100E09F
:10DDA00000BF7B681B6803F00203002B63D04C4B61
:10DDB0005B6803F00C03002B0BD0494B5B6803F04E
:10DDC0000C03082B1CD1464B5B6803F48033002BFB
:10DDD00016D1434B1B6803F00203002B05D07B6870
:10DDE0001B69012B01D00123C0E13D4B1B6823F0CF
:10DDF000F8027B685B69DB00394913430B603AE04A
:10DE00007B681B69002B20D0364B01221A60FDF77E
:10DE1000ABFA386108E0FDF7A7FA02463B69D31A6E
:10DE2000022B01D90323A1E12D4B1B6803F0020350
:10DE3000002BF0D02A4B1B6823F0F8027B685B694B
:10DE4000DB00274913430B6015E0264B00221A60C4
:10DE5000FDF78AFA386108E0FDF786FA02463B6969
:10DE6000D31A022B01D9032380E11D4B1B6803F059
:10DE70000203002BF0D17B681B6803F00803002B22
:10DE80003AD07B689B69002B19D0174B01221A608E
:10DE9000FDF76AFA386108E0FDF766FA02463B6969
:10DEA000D31A022B01D9032360E10D4B5B6A03F007
:10DEB0000203002BF0D0012000F0FEFA1CE00A4B18
:10DEC00000221A60FDF750FA38610FE0FDF74CFAB6
:10DED00002463B69D31A022B08D9032346E100BF4F
:10DEE000001002400000424280044242924B5B6AB2
:10DEF00003F00203002BE9D17B681B6803F00403E5
:10DF0000002B00F0A6800023FB758B4BDB6903F030
:10DF10008053002B0DD1884BDB69874A43F0805337
:10DF2000D361854BDB6903F08053BB60BB68012381
:10DF3000FB75824B1B6803F48073002B18D17F4B59
:10DF40001B687E4A43F480731360FDF70DFA386155
:10DF500008E0FDF709FA02463B69D31A642B01D9A0
:10DF6000032303E1754B1B6803F48073002BF0D08F
:10DF70007B68DB68012B06D16F4B1B6A6E4A43F04E
:10DF8000010313622DE07B68DB68002B0CD16A4B28
:10DF90001B6A694A23F001031362674B1B6A664AD6
:10DFA00023F0040313621CE07B68DB68052B0CD1B3
:10DFB000614B1B6A604A43F0040313625E4B1B6AA9
:10DFC0005D4A43F0010313620BE05B4B1B6A5A4A44
:10DFD00023F001031362584B1B6A574A23F00403D2
:10DFE00013627B68DB68002B15D0FDF7BDF9386143
:10DFF0000AE0FDF7B9F902463B69D31A41F28832CB
:10E00000934201D90323B1E04B4B1B6A03F0020397
:10E01000002BEED014E0FDF7A7F938610AE0FDF718
:10E02000A3F902463B69D31A41F28832934201D9DF
:10E0300003239BE0404B1B6A03F00203002BEED14D
:10E04000FB7D012B05D13C4BDB693B4A23F0805320
:10E05000D3617B68DB69002B00F08780364B5B68FF
:10E0600003F00C03082B61D07B68DB69022B46D1DF
:10E07000334B00221A60FDF777F9386108E0FDF7AD
:10E0800073F902463B69D31A022B01D903236DE0D1
:10E09000294B1B6803F00073002BF0D17B681B6ACF
:10E0A000B3F5803F08D1244B5B6823F400327B68D2
:10E0B0009B68214913434B601F4B5B6823F4741228
:10E0C0007B68196A7B685B6A0B431B4913434B608F
:10E0D0001B4B01221A60FDF747F9386108E0FDF794
:10E0E00043F902463B69D31A022B01D903233DE0D1
:10E0F000114B1B6803F00073002BF0D035E0104B80
:10E1000000221A60FDF730F9386108E0FDF72CF9BC
:10E1100002463B69D31A022B01D9032326E0064BA2
:10E120001B6803F00073002BF0D11EE07B68DB69F5
:10E13000012B07D1012319E00010024000700040BC
:10E14000600042420B4B5B68FB60FB6803F480326B
:10E150007B681B6A9A4206D1FB6803F470127B68E5
:10E160005B6A9A4201D0012300E000231846183769
:10E17000BD4680BD0010024080B584B000AF78601D
:10E1800039607B68002B01D10123D0E06A4B1B680A
:10E1900003F007033A689A4210D9674B1B6823F0D3
:10E1A000070265493B6813430B60634B1B6803F030
:10E1B00007033A689A4201D00123B8E07B681B68E4
:10E1C00003F00203002B20D07B681B6803F00403DC
:10E1D000002B05D0594B5B68584A43F4E063536009
:10E1E0007B681B6803F00803002B05D0534B5B686A
:10E1F000524A43F460535360504B5B6823F0F00283
:10E200007B689B684D4913434B607B681B6803F038
:10E210000103002B40D07B685B68012B07D1474B83
:10E220001B6803F40033002B15D101237FE07B68CA
:10E230005B68022B07D1414B1B6803F00073002B76
:10E2400009D1012373E03D4B1B6803F00203002B4F
:10E2500001D101236BE0394B5B6823F003027B683B
:10E260005B68364913434B60FDF77EF8F8600AE0BF
:10E27000FDF77AF80246FB68D31A41F288329342DE
:10E2800001D9032353E02D4B5B6803F00C027B683C
:10E290005B689B009A42EBD1274B1B6803F0070396
:10E2A0003A689A4210D2244B1B6823F00702224995
:10E2B0003B6813430B60204B1B6803F007033A686D
:10E2C0009A4201D0012332E07B681B6803F004030B
:10E2D000002B08D0194B5B6823F4E0627B68DB6895
:10E2E000164913434B607B681B6803F00803002B3F
:10E2F00009D0124B5B6823F460527B681B69DB001A
:10E300000E4913434B6000F021F802460B4B5B684B
:10E310001B0903F00F030A49CB5C22FA03F3094AF5
:10E320001360094B1B681846FCF702FE00231846D1
:10E330001037BD4680BD00BF0020024000100240E3
:10E34000847F05084C0000205000002080B487B076
:10E3500000AF0023FB600023BB6000237B61002330
:10E360007B6000233B611E4B5B68FB60FB6803F036
:10E370000C03042B02D0082B03D027E0194B3B6180
:10E3800027E0FB689B0C03F00F03174AD35C7B600C
:10E39000FB6803F48033002B10D0114B5B685B0CDF
:10E3A00003F00103114AD35CBB607B680D4A03FB99
:10E3B00002F2BB68B2FBF3F37B6104E07B680C4ABA
:10E3C00002FB03F37B617B693B6102E0054B3B6130
:10E3D00000BF3B6918461C37BD4680BC704700BF74
:10E3E0000010024000127A009C7F0508AC7F0508EF
:10E3F00000093D0080B400AF024B1B681846BD46C3
:10E4000080BC70474C00002080B500AFFFF7F2FFE2
:10E410000246054B5B681B0A03F007030349CB5C0C
:10E4200022FA03F3184680BD00100240947F0508CD
:10E4300080B500AFFFF7DEFF0246054B5B68DB0AE5
:10E4400003F007030349CB5C22FA03F3184680BDAF
:10E4500000100240947F050880B483B000AF78605C
:10E4600039607B680F221A60114B5B6803F003026E
:10E470007B685A600E4B5B6803F0F0027B689A6021
:10E480000B4B5B6803F4E0627B68DA60084B5B6807
:10E49000DB0803F4E0627B681A61064B1B6803F03B
:10E4A00007023B681A6000BF0C37BD4680BC70474E
:10E4B000001002400020024080B485B000AF7860B8
:10E4C0000A4B1B680A4AA2FB03235B0A7A6802FB19
:10E4D00003F3FB6000BFFB685A1EFA60002BF9D102
:10E4E00000BF00BF1437BD4680BC70474C00002001
:10E4F000D34D621080B588B000AF786000237B6197
:10E500000023FB6100233B610023FB600023BB6110
:10E510007B68013B0F2B00F2AF8001A252F823F081
:10E52000F7E504085DE6040879E60408E7E5040871
:10E5300079E6040879E6040879E60408EFE50408BA
:10E5400079E6040879E6040879E6040879E604081F
:10E5500079E6040879E6040879E6040861E5040828
:10E560004A4B5B68FB60494B1B6803F08073002BD0
:10E5700000F08480FB689B0C03F00F03444AD35CDB
:10E580003B61FB6803F48033002B15D03F4B5B6885
:10E590005B0C03F001033F4AD35C7B61FB6803F42F
:10E5A0008033002B0DD03C4A7B69B2FBF3F23B6910
:10E5B00002FB03F3FB6104E03B69384A02FB03F30F
:10E5C000FB61324B5B6803F48003B3F5800F02D12B
:10E5D000FB69BB6152E0FB695B00314AA2FB03238C
:10E5E0005B08BB614AE0FFF7B1FEB86149E0FFF7A5
:10E5F000ADFEB86145E0254B1B6AFB60FB6803F488
:10E600004073B3F5807F08D1FB6803F00203002B51
:10E6100003D04FF40043BB611FE0FB6803F4407379
:10E62000B3F5007F09D1194B5B6A03F00203002B9D
:10E6300003D049F64043BB610FE0FB6803F440732D
:10E64000B3F5407F1CD1114B1B6803F40033002B42
:10E6500016D04FF22443BB6112E011E0FFF7E8FE51
:10E6600002460A4B5B689B0B03F0030301335B001C
:10E67000B2FBF3F3BB6104E000BF02E000BF00E0C7
:10E6800000BFBB6918462037BD4680BD0010024060
:10E69000B07F0508C07F050800127A0000093D0020
:10E6A000ABAAAAAA80B582B000AF78607B68002BC5
:10E6B00001D1012341E07B6893F83D30DBB2002BB0
:10E6C00006D17B68002283F83C207868FBF7A0FC29
:10E6D0007B68022283F83D207B681A687B680433DC
:10E6E0001946104600F056FE7B68012283F846204A
:10E6F0007B68012283F83E207B68012283F83F205B
:10E700007B68012283F840207B68012283F8412046
:10E710007B68012283F842207B68012283F8432032
:10E720007B68012283F844207B68012283F845201E
:10E730007B68012283F83D20002318460837BD4638
:10E7400080BD000080B485B000AF78607B6893F82E
:10E750003D30DBB2012B01D0012344E07B68022273
:10E7600083F83D207B681B68DA687B681B6842F091
:10E770000102DA607B681B681D4A934218D07B68EF
:10E780001B681C4A934213D07B681B68B3F1804F0F
:10E790000ED07B681B68184A934209D07B681B68BF
:10E7A000164A934204D07B681B68154A934211D1E4
:10E7B0007B681B689B6803F00703FB60FB68062B04
:10E7C00010D07B681B681A687B681B6842F00102E6
:10E7D0001A6007E07B681B681A687B681B6842F058
:10E7E00001021A60002318461437BD4680BC7047EA
:10E7F000002C0140003401400004004000080040AB
:10E80000000C004080B582B000AF78607B68002BC0
:10E8100001D1012341E07B6893F83D30DBB2002B4E
:10E8200006D17B68002283F83C207868FBF7B6FBB2
:10E830007B68022283F83D207B681A687B6804337A
:10E840001946104600F0A6FD7B68012283F8462099
:10E850007B68012283F83E207B68012283F83F20F9
:10E860007B68012283F840207B68012283F84120E5
:10E870007B68012283F842207B68012283F84320D1
:10E880007B68012283F844207B68012283F84520BD
:10E890007B68012283F83D20002318460837BD46D7
:10E8A00080BD000080B584B000AF786039603B68FF
:10E8B000002B09D17B6893F83E30DBB2012B14BFEB
:10E8C00001230023DBB222E03B68042B09D17B68E3
:10E8D00093F83F30DBB2012B14BF01230023DBB2DE
:10E8E00015E03B68082B09D17B6893F84030DBB218
:10E8F000012B14BF01230023DBB208E07B6893F8EF
:10E900004130DBB2012B14BF01230023DBB2002B0B
:10E9100001D0012372E03B68002B04D17B68022206
:10E9200083F83E2013E03B68042B04D17B6802226D
:10E9300083F83F200BE03B68082B04D17B68022260
:10E9400083F8402003E07B68022283F841207B6843
:10E950001B6801223968184601F05BF87B681B6868
:10E96000284A934204D07B681B68274A934201D10E
:10E97000012300E00023002B07D07B681B685A6C42
:10E980007B681B6842F400425A647B681B681D4A1E
:10E99000934218D07B681B681B4A934213D07B6854
:10E9A0001B68B3F1804F0ED07B681B68174A9342F7
:10E9B00009D07B681B68164A934204D07B681B68A9
:10E9C000144A934211D17B681B689B6803F00703CC
:10E9D000FB60FB68062B10D07B681B681A687B689D
:10E9E0001B6842F001021A6007E07B681B681A6826
:10E9F0007B681B6842F001021A600023184610373A
:10EA0000BD4680BD002C01400034014000040040A0
:10EA100000080040000C004080B582B000AF786074
:10EA200039607B681B6800223968184600F0F1FFE6
:10EA30007B681B682E4A934204D07B681B682D4A72
:10EA4000934201D1012300E00023002B17D07B6803
:10EA50001B681A6A41F211131340002B0FD17B6817
:10EA60001B681A6A40F244431340002B07D17B68AD
:10EA70001B685A6C7B681B6822F400425A647B68EE
:10EA80001B681A6A41F211131340002B0FD17B68E7
:10EA90001B681A6A40F244431340002B07D17B687D
:10EAA0001B681A687B681B6822F001021A603B68C9
:10EAB000002B04D17B68012283F83E2013E03B68E1
:10EAC000042B04D17B68012283F83F200BE03B68D4
:10EAD000082B04D17B68012283F8402003E07B6887
:10EAE000012283F84120002318460837BD4680BD27
:10EAF000002C01400034014080B582B000AF786046
:10EB00007B68002B01D1012341E07B6893F83D3005
:10EB1000DBB2002B06D17B68002283F83C207868AA
:10EB2000FBF7AEF97B68022283F83D207B681A6808
:10EB30007B6804331946104600F02CFC7B680122E8
:10EB400083F846207B68012283F83E207B680122FF
:10EB500083F83F207B68012283F840207B680122F4
:10EB600083F841207B68012283F842207B680122E0
:10EB700083F843207B68012283F844207B680122CC
:10EB800083F845207B68012283F83D200023184646
:10EB90000837BD4680BD000080B584B000AF786006
:10EBA00039600023FB733B68002B04D17B6893F82A
:10EBB0003E30DBB213E03B68042B04D17B6893F852
:10EBC0003F30DBB20BE03B68082B04D17B6893F845
:10EBD0004030DBB203E07B6893F84130DBB2BB73BB
:10EBE0003B68002B04D17B6893F84230DBB213E022
:10EBF0003B68042B04D17B6893F84330DBB20BE015
:10EC00003B68082B04D17B6893F84430DBB203E007
:10EC10007B6893F84530DBB27B73BB7B012B02D161
:10EC20007B7B012B01D00123C2E03B68002B04D188
:10EC30007B68022283F83E2013E03B68042B04D15A
:10EC40007B68022283F83F200BE03B68082B04D14D
:10EC50007B68022283F8402003E07B68022283F86D
:10EC600041203B68002B04D17B68022283F84220BC
:10EC700013E03B68042B04D17B68022283F8432015
:10EC80000BE03B68082B04D17B68022283F8442008
:10EC900003E07B68022283F845203B680C2B41D8B7
:10ECA00001A252F823F000BFDDEC040825ED0408B2
:10ECB00025ED040825ED0408EFEC040825ED040813
:10ECC00025ED040825ED040801ED040825ED0408F0
:10ECD00025ED040825ED040813ED04087B681B6886
:10ECE000DA687B681B6842F00202DA601DE07B682C
:10ECF0001B68DA687B681B6842F00402DA6014E083
:10ED00007B681B68DA687B681B6842F00802DA607F
:10ED10000BE07B681B68DA687B681B6842F01002B6
:10ED2000DA6002E00123FB7300BFFB7B002B3ED1C6
:10ED30007B681B6801223968184600F06AFE7B6810
:10ED40001B681D4A934218D07B681B681B4A93427C
:10ED500013D07B681B68B3F1804F0ED07B681B68B3
:10ED6000174A934209D07B681B68164A934204D025
:10ED70007B681B68144A934211D17B681B689B68AF
:10ED800003F00703BB60BB68062B10D07B681B68D1
:10ED90001A687B681B6842F001021A6007E07B6812
:10EDA0001B681A687B681B6842F001021A60FB7BD3
:10EDB00018461037BD4680BD002C0140003401408C
:10EDC0000004004000080040000C004080B582B004
:10EDD00000AF786039607B68002B01D1012341E0EE
:10EDE0007B6893F83D30DBB2002B06D17B680022B4
:10EDF00083F83C20786800F039F87B68022283F8B9
:10EE00003D207B681A687B6804331946104600F081
:10EE1000C1FA7B681B681A687B681B6822F00802CD
:10EE20001A607B681B6819687B681B683A680A432C
:10EE30001A607B68012283F846207B68012283F8F0
:10EE40003E207B68012283F83F207B68012283F803
:10EE500042207B68012283F843207B68012283F8EB
:10EE60003D20002318460837BD4680BD80B483B0DE
:10EE700000AF786000BF0C37BD4680BC704780B5DE
:10EE800082B000AF78607B681B681B6903F00203E7
:10EE9000022B22D17B681B68DB6803F00203022B84
:10EEA0001BD17B681B686FF002021A617B6801222C
:10EEB0001A777B681B689B6903F00303002B03D060
:10EEC000786800F04CFA05E0786800F03FFA78685E
:10EED00000F04EFA7B6800221A777B681B681B697A
:10EEE00003F00403042B22D17B681B68DB6803F06A
:10EEF0000403042B1BD17B681B686FF004021A61AA
:10EF00007B6802221A777B681B689B6903F4407355
:10EF1000002B03D0786800F022FA05E0786800F052
:10EF200015FA786800F024FA7B6800221A777B686B
:10EF30001B681B6903F00803082B22D17B681B6840
:10EF4000DB6803F00803082B1BD17B681B686FF09C
:10EF500008021A617B6804221A777B681B68DB69E8
:10EF600003F00303002B03D0786800F0F8F905E004
:10EF7000786800F0EBF9786800F0FAF97B68002215
:10EF80001A777B681B681B6903F01003102B22D1D2
:10EF90007B681B68DB6803F01003102B1BD17B68B8
:10EFA0001B686FF010021A617B6808221A777B6871
:10EFB0001B68DB6903F44073002B03D0786800F012
:10EFC000CEF905E0786800F0C1F9786800F0D0F972
:10EFD0007B6800221A777B681B681B6903F00103BA
:10EFE000012B0ED17B681B68DB6803F00103012B4A
:10EFF00007D17B681B686FF001021A617868F9F726
:10F00000FBFE7B681B681B6903F08003802B0ED11D
:10F010007B681B68DB6803F08003802B07D17B686B
:10F020001B686FF080021A61786800F0DDFD7B6874
:10F030001B681B6903F04003402B0ED17B681B68E3
:10F04000DB6803F04003402B07D17B681B686FF03F
:10F0500040021A61786800F094F97B681B681B69AC
:10F0600003F02003202B0ED17B681B68DB6803F0C4
:10F070002003202B07D17B681B686FF020021A61E8
:10F08000786800F0A8FD00BF0837BD4680BD80B598
:10F0900086B000AFF860B9607A600023FB75FB684A
:10F0A00093F83C30012B01D1022388E0FB68012258
:10F0B00083F83C207B68002B1BD1FB681868BB6879
:10F0C0001968BB685A68BB68DB6800F089FBFB689D
:10F0D0001B689A69FB681B6822F00C029A61FB6846
:10F0E0001B689969BB689A68FB681B680A439A6148
:10F0F00060E07B68042B1CD1FB681868BB6819684A
:10F10000BB685A68BB68DB6800F0D0FBFB681B6813
:10F110009A69FB681B6822F440629A61FB681B686D
:10F120009969BB689B681A02FB681B680A439A616D
:10F1300040E07B68082B1BD1FB681868BB68196826
:10F14000BB685A68BB68DB6800F0ECFBFB681B68B7
:10F15000DA69FB681B6822F00C02DA61FB681B6845
:10F16000D969BB689A68FB681B680A43DA6121E0C9
:10F170007B680C2B1CD1FB681868BB681968BB68DE
:10F180005A68BB68DB6800F008FCFB681B68DA693A
:10F19000FB681B6822F44062DA61FB681B68D9696E
:10F1A000BB689B681A02FB681B680A43DA6101E0CE
:10F1B0000123FB75FB68002283F83C20FB7D184689
:10F1C0001837BD4680BD000080B586B000AFF8603E
:10F1D000B9607A600023FB75FB6893F83C30012B23
:10F1E00001D10223AEE0FB68012283F83C207B685A
:10F1F0000C2B00F29F8001A252F823F031F2040898
:10F2000035F3040835F3040835F3040871F20408F3
:10F2100035F3040835F3040835F30408B3F20408A1
:10F2200035F3040835F3040835F30408F3F2040851
:10F23000FB681B68B968184600F026F9FB681B6874
:10F240009A69FB681B6842F008029A61FB681B68B8
:10F250009A69FB681B6822F004029A61FB681B68CC
:10F260009969BB681A69FB681B680A439A6164E084
:10F27000FB681B68B968184600F076F9FB681B68E4
:10F280009A69FB681B6842F400629A61FB681B681C
:10F290009A69FB681B6822F480629A61FB681B68AC
:10F2A0009969BB681B691A02FB681B680A439A616B
:10F2B00043E0FB681B68B968184600F0C9F9FB68B1
:10F2C0001B68DA69FB681B6842F00802DA61FB68B8
:10F2D0001B68DA69FB681B6822F00402DA61FB68CC
:10F2E0001B68D969BB681A69FB681B680A43DA6145
:10F2F00023E0FB681B68B968184600F01DFAFB683C
:10F300001B68DA69FB681B6842F40062DA61FB681B
:10F310001B68DA69FB681B6822F48062DA61FB68AB
:10F320001B68D969BB681B691A02FB681B680A4322
:10F33000DA6102E00123FB7500BFFB68002283F85D
:10F340003C20FB7D18461837BD4680BD80B483B095
:10F3500000AF786000BF0C37BD4680BC704780B4FA
:10F3600083B000AF786000BF0C37BD4680BC7047EB
:10F3700080B483B000AF786000BF0C37BD4680BC5E
:10F38000704780B483B000AF786000BF0C37BD46D3
:10F3900080BC704780B485B000AF786039607B680E
:10F3A0001B68FB607B68334A934213D07B68324A08
:10F3B00093420FD07B68B3F1804F0BD07B682F4A0C
:10F3C000934207D07B682E4A934203D07B682D4A34
:10F3D000934208D1FB6823F07003FB603B685B68D5
:10F3E000FA681343FB607B68224A934213D07B6820
:10F3F000214A93420FD07B68B3F1804F0BD07B68DA
:10F400001E4A934207D07B681D4A934203D07B6813
:10F410001C4A934208D1FB6823F44073FB603B68AD
:10F42000DB68FA681343FB60FB6823F080023B68EB
:10F430005B691343FB607B68FA681A603B689A68F3
:10F440007B68DA623B681A687B689A627B68094A63
:10F45000934203D07B68084A934203D13B681A6900
:10F460007B681A637B6801225A6100BF1437BD466E
:10F4700080BC7047002C0140003401400004004073
:10F4800000080040000C004080B487B000AF7860F6
:10F4900039607B681B6A7B617B681B6A23F0010211
:10F4A0007B681A627B685B683B617B689B69FB6079
:10F4B000FB6823F07003FB60FB6823F00303FB6031
:10F4C0003B681B68FA681343FB607B6923F0020307
:10F4D0007B613B689B687A6913437B617B68204A48
:10F4E000934203D07B681F4A93420CD17B6923F07F
:10F4F00008037B613B68DB687A6913437B617B6946
:10F5000023F004037B617B68154A934203D07B6838
:10F51000144A934211D13B6923F480733B613B69E8
:10F5200023F400733B613B685B693A6913433B61B9
:10F530003B689B693A6913433B617B683A695A604F
:10F540007B68FA689A613B685A687B685A637B6893
:10F550007A691A6200BF1C37BD4680BC704700BF85
:10F56000002C01400034014080B487B000AF7860C7
:10F5700039607B681B6A7B617B681B6A23F0100221
:10F580007B681A627B685B683B617B689B69FB6098
:10F59000FB6823F4E043FB60FB6823F44073FB60EB
:10F5A0003B681B681B02FA681343FB607B6923F00E
:10F5B00020037B613B689B681B017A6913437B6175
:10F5C0007B68214A934203D07B68204A93420DD145
:10F5D0007B6923F080037B613B68DB681B017A69F0
:10F5E00013437B617B6923F040037B617B68164A90
:10F5F000934203D07B68154A934213D13B6923F4AD
:10F6000080633B613B6923F400633B613B685B695A
:10F610009B003A6913433B613B689B699B003A69D5
:10F6200013433B617B683A695A607B68FA689A6168
:10F630003B685A687B689A637B687A691A6200BF84
:10F640001C37BD4680BC7047002C0140003401408F
:10F6500080B487B000AF786039607B681B6A7B61DB
:10F660007B681B6A23F480727B681A627B685B6824
:10F670003B617B68DB69FB60FB6823F07003FB6028
:10F68000FB6823F00303FB603B681B68FA681343C5
:10F69000FB607B6923F400737B613B689B681B0202
:10F6A0007A6913437B617B68214A934203D07B686C
:10F6B000204A93420DD17B6923F400637B613B6850
:10F6C000DB681B027A6913437B617B6923F48063E7
:10F6D0007B617B68164A934203D07B68154A93424C
:10F6E00013D13B6923F480533B613B6923F40053FE
:10F6F0003B613B685B691B013A6913433B613B68B3
:10F700009B691B013A6913433B617B683A695A6004
:10F710007B68FA68DA613B685A687B68DA637B6801
:10F720007A691A6200BF1C37BD4680BC704700BFB3
:10F73000002C01400034014080B487B000AF7860F5
:10F7400039607B681B6A3B617B681B6A23F48052CB
:10F750007B681A627B685B687B617B68DB69FB6046
:10F76000FB6823F4E043FB60FB6823F44073FB6019
:10F770003B681B681B02FA681343FB603B6923F478
:10F7800000533B613B689B681B033A6913433B6131
:10F790007B68114A934203D07B68104A934209D197
:10F7A0007B6923F480437B613B685B699B017A69D9
:10F7B00013437B617B687A695A607B68FA68DA6117
:10F7C0003B685A687B681A647B683A691A6200BFB2
:10F7D0001C37BD4680BC7047002C014000340140FE
:10F7E00080B487B000AFF860B9607A603B60FB68B6
:10F7F0001B6A3B61FB681B6A23F00102FB681A620B
:10F80000FB689B697B61FB68234A934213D0FB68CA
:10F81000224A93420FD0FB68B3F1804F0BD0FB68B4
:10F820001F4A934207D0FB681E4A934203D0FB68ED
:10F830001D4A934201D1012300E00023002B08D090
:10F840007B6923F003037B617A697B6813437B61E7
:10F8500003E07B6943F001037B617B6923F0F003E4
:10F860007B613B681B01DBB27A6913437B613B69B7
:10F8700023F00A033B61BB6803F00A033A691343B0
:10F880003B61FB687A699A61FB683A691A6200BF5A
:10F890001C37BD4680BC7047002C0140003401403D
:10F8A0000004004000080040000C004080B487B015
:10F8B00000AFF860B9607A603B60FB681B6A7B61EF
:10F8C000FB681B6A23F01002FB681A62FB689B69E5
:10F8D0003B613B6923F440733B617B681B023A69DF
:10F8E00013433B613B6923F470433B613B681B035B
:10F8F0009BB23A6913433B617B6923F0A0037B61B0
:10F90000BB681B0103F0A0037A6913437B61FB68AA
:10F910003A699A61FB687A691A6200BF1C37BD4672
:10F9200080BC704780B487B000AFF860B9607A607F
:10F930003B60FB681B6A7B61FB681B6A23F4807277
:10F94000FB681A62FB68DB693B613B6923F00303D8
:10F950003B613A697B6813433B613B6923F0F003E9
:10F960003B613B681B01DBB23A6913433B617B6936
:10F9700023F400737B61BB681B0203F400737A6994
:10F9800013437B61FB683A69DA61FB687A691A6242
:10F9900000BF1C37BD4680BC704780B487B000AF45
:10F9A000F860B9607A603B60FB681B6A7B61FB684A
:10F9B0001B6A23F48052FB681A62FB68DB693B61B7
:10F9C0003B6923F440733B617B681B023A69134334
:10F9D0003B613B6923F470433B613B681B039BB273
:10F9E0003A6913433B617B6923F400537B61BB6835
:10F9F0001B0303F400537A6913437B61FB683A6984
:10FA0000DA61FB687A691A6200BF1C37BD4680BCA8
:10FA1000704780B487B000AFF860B9607A60BB68A7
:10FA200003F01F03012202FA03F37B61FB681A6AE9
:10FA30007B69DB431A40FB681A62FB681A6ABB6881
:10FA400003F01F03796801FA03F31A43FB681A6293
:10FA500000BF1C37BD4680BC7047000080B485B035
:10FA600000AF786039607B6893F83C30012B01D19E
:10FA7000022350E07B68012283F83C207B6802224D
:10FA800083F83D207B681B685B68FB607B681B68B4
:10FA90009B68BB60FB6823F07003FB603B681B68DE
:10FAA000FA681343FB607B681B68FA685A607B68DE
:10FAB0001B681B4A934218D07B681B68194A934203
:10FAC00013D07B681B68B3F1804F0ED07B681B6836
:10FAD000154A934209D07B681B68144A934204D0AC
:10FAE0007B681B68124A93420CD1BB6823F08003E9
:10FAF000BB603B685B68BA681343BB607B681B688C
:10FB0000BA689A607B68012283F83D207B680022F6
:10FB100083F83C20002318461437BD4680BC70474C
:10FB2000002C014000340140000400400008004067
:10FB3000000C004080B485B000AF786039600023CD
:10FB4000FB607B6893F83C30012B01D102233DE040
:10FB50007B68012283F83C20FB6823F0FF023B68AE
:10FB6000DB681343FB60FB6823F440723B689B68CF
:10FB70001343FB60FB6823F480623B685B681343BC
:10FB8000FB60FB6823F400623B681B681343FB6067
:10FB9000FB6823F480523B681B691343FB60FB68DE
:10FBA00023F400523B685B691343FB60FB6823F45A
:10FBB00080423B68DB691343FB607B681B68FA6823
:10FBC0005A647B68002283F83C20002318461437CF
:10FBD000BD4680BC704780B483B000AF786000BF82
:10FBE0000C37BD4680BC704780B483B000AF7860EE
:10FBF00000BF0C37BD4680BC704780B582B000AFF7
:10FC000078607B68002B01D1012342E07B6893F888
:10FC10004130DBB2002B06D17B68002283F8402004
:10FC20007868FAF7F3FA7B68242283F841207B682E
:10FC30001B68DA687B681B6822F40052DA60786817
:10FC400000F04EFE7B681B681A697B681B6822F413
:10FC500090421A617B681B685A697B681B6822F0B6
:10FC60002A025A617B681B68DA687B681B6842F469
:10FC70000052DA607B6800225A647B68202283F895
:10FC800041207B68202283F842207B6800225A634F
:10FC9000002318460837BD4680BD80B485B000AF4C
:10FCA000F860B9601346FB80FB6893F84130DBB223
:10FCB000202B21D1BB68002B02D0FB88002B01D167
:10FCC00001231AE0FB68BA681A62FB68FA889A8412
:10FCD000FB68FA88DA84FB6800225A64FB682122F8
:10FCE00083F84120FB681B68DA68FB681B6842F0F8
:10FCF0008002DA60002300E0022318461437BD4674
:10FD000080BC704780B584B000AFF860B96013461E
:10FD1000FB80FB6893F84230DBB2202B12D1BB682A
:10FD2000002B02D0FB88002B01D101230BE0FB68E4
:10FD300000221A63FB881A46B968F86800F0E3FBF2
:10FD4000034600E0022318461037BD4680BD000080
:10FD500080B59AB000AF78607B681B680C33BB64D9
:10FD6000BB6C53E8003F7B647B6C23F490737B6631
:10FD70007B681B680C337A6E7A653B65396D7A6DEA
:10FD800041E80023FB64FB6C002BE5D17B681B681A
:10FD900014337B637B6B53E8003F3B633B6B23F087
:10FDA00001033B667B681B6814333A6E3A64FB635D
:10FDB000F96B3A6C41E80023BB63BB6B002BE5D1C8
:10FDC0007B681B6B012B19D17B681B680C333B6272
:10FDD0003B6A53E8003FFB61FB6923F01003FB65BE
:10FDE0007B681B680C33FA6DFA62BB62B96AFA6A07
:10FDF00041E800237B627B6A002BE5D17B681B68AE
:10FE00005B6903F04003002B3FD07B681B68143311
:10FE1000FB60FB6853E8003FBB60BB6823F0400316
:10FE2000BB657B681B681433BA6DBA617B61796905
:10FE3000BA6941E800233B613B69002BE5D17B684F
:10FE4000DB6B002B13D07B68DB6B194A5A637B6832
:10FE5000DB6B1846FBF7D0FB0346002B22D07B68F8
:10FE6000DB6B5B6B7A68D26B104698471AE07B6855
:10FE70000022DA857B68202283F842207B680022FA
:10FE80001A63786800F0A8FA0CE07B680022DA8533
:10FE90007B68202283F842207B6800221A637868FE
:10FEA00000F09AFA002318466837BD4680BD00BFAF
:10FEB0006506050880B5BAB000AF78607B681B683E
:10FEC0001B68C7F8E4307B681B68DB68C7F8E03064
:10FED0007B681B685B69C7F8DC300023C7F8D83043
:10FEE0000023C7F8D430D7F8E43003F00F03C7F885
:10FEF000D830D7F8D830002B0FD1D7F8E43003F042
:10FF00002003002B09D0D7F8E03003F02003002BAA
:10FF100003D0786800F025FC5BE2D7F8D830002BDE
:10FF200000F0DE80D7F8DC3003F00103002B06D1AF
:10FF3000D7F8E03003F49073002B00F0D180D7F8AD
:10FF4000E43003F00103002B0BD0D7F8E03003F4CA
:10FF50008073002B05D07B685B6C43F001027B68EB
:10FF60005A64D7F8E43003F00403002B0BD0D7F821
:10FF7000DC3003F00103002B05D07B685B6C43F0A1
:10FF800002027B685A64D7F8E43003F00203002BC6
:10FF90000BD0D7F8DC3003F00103002B05D07B68D1
:10FFA0005B6C43F004027B685A64D7F8E43003F0DA
:10FFB0000803002B11D0D7F8E03003F02003002B0A
:10FFC00005D1D7F8DC3003F00103002B05D07B68A6
:10FFD0005B6C43F008027B685A647B685B6C002BA7
:10FFE00000F0F281D7F8E43003F02003002B08D0B2
:10FFF000D7F8E03003F02003002B02D0786800F03F
:020000040805ED
:10000000B0FB7B681B685B6903F04003002B14BFE7
:1000100001230023DBB2C7F8D4307B685B6C03F0AC
:100020000803002B03D1D7F8D430002B4FD07868C9
:1000300000F0A2FA7B681B685B6903F04003002BA9
:1000400041D07B681B681433C7F89C30D7F89C30CC
:1000500053E8003FC7F89830D7F8983023F04003B2
:10006000C7F8D0307B681B681433D7F8D020C7F8A6
:10007000A820C7F8A430D7F8A410D7F8A82041E8E2
:100080000023C7F8A030D7F8A030002BD9D17B6867
:10009000DB6B002B13D07B68DB6B7E4A5A637B687B
:1000A000DB6B1846FBF7A8FA0346002B16D07B68DB
:1000B000DB6B5B6B7A68D26B104698470EE0786812
:1000C00005F04AFD0AE0786805F046FD06E078682C
:1000D00005F042FD7B6800225A6475E100BF73E1C0
:1000E0007B681B6B012B40F04F81D7F8E43003F0A5
:1000F0001003002B00F04881D7F8E03003F0100324
:10010000002B00F041810023BB607B681B681B68EB
:10011000BB607B681B685B68BB60BB687B681B68F7
:100120005B6903F04003002B00F0B6807B68DB6B5B
:100130001B685B68A7F8BE30B7F8BE30002B00F034
:1001400045817B689B8DB7F8BE209A4280F03E8146
:100150007B68B7F8BE20DA857B68DB6B9B69202B58
:1001600000F088807B681B680C33C7F88830D7F8AC
:10017000883053E8003FC7F88430D7F8843023F440
:100180008073C7F8B8307B681B680C33D7F8B82089
:10019000C7F89420C7F89030D7F89010D7F894207B
:1001A00041E80023C7F88C30D7F88C30002BD9D128
:1001B0007B681B6814337B677B6F53E8003F3B67AA
:1001C0003B6F23F00103C7F8B4307B681B6814331E
:1001D000D7F8B420C7F88020FB67F96FD7F88020E4
:1001E00041E80023BB67BB6F002BE1D17B681B6834
:1001F00014333B663B6E53E8003FFB65FB6D23F019
:100200004003C7F8B0307B681B681433D7F8B020C0
:10021000FA66BB66B96EFA6E41E800237B667B6EB8
:10022000002BE3D17B68202283F842207B680022E8
:100230001A637B681B680C33FB64FB6C53E8003F5C
:10024000BB64BB6C23F01003C7F8AC307B681B6841
:100250000C33D7F8AC20BA657B65796DBA6D41E88F
:1002600000233B653B6D002BE3D17B68DB6B1846BD
:10027000FBF787F97B6802225A637B689A8D7B685B
:10028000DB8D9BB2D31A9BB21946786800F0ADF8AB
:100290009CE000BF3D0605087B689A8D7B68DB8D7E
:1002A0009BB2D31AA7F8CE307B68DB8D9BB2002BB4
:1002B00000F08E80B7F8CE30002B00F089807B688C
:1002C0001B680C33BB63BB6B53E8003F7B637B6BEA
:1002D00023F49073C7F8C8307B681B680C33D7F8D9
:1002E000C8207A643B64396C7A6C41E80023FB6374
:1002F000FB6B002BE3D17B681B6814337B627B6A4A
:1003000053E8003F3B623B6A23F00103C7F8C43067
:100310007B681B681433D7F8C4203A63FB62F96A20
:100320003A6B41E80023BB62BB6A002BE3D17B68D8
:10033000202283F842207B6800221A637B681B68B6
:100340000C333B613B6953E8003FFB60FB6823F0E3
:100350001003C7F8C0307B681B680C33D7F8C02087
:10036000FA61BB61B969FA6941E800237B617B6985
:10037000002BE3D17B6802225A63B7F8CE301946CE
:10038000786800F032F823E0D7F8E43003F0800317
:10039000002B09D0D7F8E03003F08003002B03D006
:1003A000786800F077F914E0D7F8E43003F0400300
:1003B000002B0ED0D7F8E03003F04003002B08D01C
:1003C000786800F0B6F904E000BF02E000BF00E08A
:1003D00000BFE837BD4680BD80B483B000AF786011
:1003E00000BF0C37BD4680BC704780B483B000AFFF
:1003F00078600B467B8000BF0C37BD4680BC7047E1
:1004000080B485B000AF78600023FB607B6893F810
:100410004030012B01D1022320E07B68012283F8C8
:1004200040207B68242283F841207B681B68DB68BE
:10043000FB60FB6823F00C03FB60FB6843F00803E0
:10044000FB607B681B68FA68DA607B68202283F8AF
:1004500041207B68002283F840200023184614378F
:10046000BD4680BC704780B485B000AF7860002383
:10047000FB607B6893F84030012B01D1022320E020
:100480007B68012283F840207B68242283F8412086
:100490007B681B68DB68FB60FB6823F00C03FB6078
:1004A000FB6843F00403FB607B681B68FA68DA6052
:1004B0007B68202283F841207B68002283F840205B
:1004C000002318461437BD4680BC704780B485B001
:1004D00000AF78600023FB600023BB607B6893F86B
:1004E0004130DBB2FB607B6893F84230DBB2BB602B
:1004F000FB68DAB2BB68DBB21343DBB218461437D1
:10050000BD4680BC704780B485B000AFF860B9606C
:100510001346FB80FB68BA689A62FB68FA889A8582
:10052000FB68FA88DA85FB6800225A64FB6822229D
:1005300083F84220FB681B69002B07D0FB681B680F
:10054000DA68FB681B6842F48072DA60FB681B683B
:100550005A69FB681B6842F001025A61FB681B681C
:10056000DA68FB681B6842F02002DA600023184654
:100570001437BD4680BC704780B495B000AF78603A
:100580007B681B680C337B637B6B53E8003F3B63EA
:100590003B6B23F49073FB647B681B680C33FA6C31
:1005A0003A64FB63F96B3A6C41E80023BB63BB6BB5
:1005B000002BE5D17B681B6814333B623B6A53E830
:1005C000003FFB61FB6923F00103BB647B681B6890
:1005D0001433BA6CFA62BB62B96AFA6A41E8002362
:1005E0007B627B6A002BE5D17B681B6B012B19D1E9
:1005F0007B681B680C33FB60FB6853E8003FBB6003
:10060000BB6823F010037B647B681B680C337A6C37
:10061000BA617B617969BA6941E800233B613B6952
:10062000002BE5D17B68202283F842207B680022E2
:100630001A6300BF5437BD4680BC704780B584B094
:1006400000AF78607B685B6AFB60FB680022DA853C
:10065000FB680022DA84F86805F07EFA00BF1037E4
:10066000BD4680BD80B584B000AF78607B685B6AB2
:10067000FB60FB680022DA85FB68202283F84220B9
:10068000FB6800221A63F868FFF7A6FE00BF103768
:10069000BD4680BD80B485B000AF78607B6893F8BC
:1006A0004130DBB2212B3ED17B689B68B3F5805F84
:1006B00014D17B681B69002B10D17B681B6AFB601F
:1006C000FB681B881A467B681B68C2F308025A60E5
:1006D0007B681B6A9A1C7B681A6208E07B681B6A4D
:1006E000591C7A6811621A787B681B685A607B68AB
:1006F000DB8C9BB2013B9BB27A681946D184002BFC
:100700000FD17B681B68DA687B681B6822F0800267
:10071000DA607B681B68DA687B681B6842F040021D
:10072000DA60002300E0022318461437BD4680BC7F
:10073000704780B582B000AF78607B681B68DA686C
:100740007B681B6822F04002DA607B68202283F815
:100750004120786805F058F9002318460837BD464F
:1007600080BD80B58CB000AF78607B6893F8423074
:10077000DBB2222B40F0AE807B689B68B3F5805FD4
:1007800017D17B681B69002B13D10023FB627B68A8
:100790009B6ABB627B681B685B689BB2C3F3080300
:1007A0009AB2BB6A1A807B689B6A9A1C7B689A62C1
:1007B00026E07B689B6AFB620023BB627B689B68C8
:1007C000B3F5805F07D07B689B68002B0AD17B68FC
:1007D0001B69002B06D17B681B685B68DAB2FB6A79
:1007E0001A7008E07B681B685B68DBB203F07F036C
:1007F000DAB2FB6A1A707B689B6A5A1C7B689A6241
:100800007B68DB8D9BB2013B9BB27A681946D18530
:10081000002B5DD17B681B68DA687B681B6822F05F
:100820002002DA607B681B68DA687B681B6822F448
:100830008072DA607B681B685A697B681B6822F0EB
:1008400001025A617B68202283F842207B680022E3
:100850005A637B681B6B012B35D17B6800221A63BE
:100860007B681B680C337B617B6953E8003F3B610D
:100870003B6923F010037B627B681B680C337A6A48
:100880003A62FB61F9693A6A41E80023BB61BB69DE
:10089000002BE5D17B681B681B6803F01003102B4D
:1008A0000AD10023FB607B681B681B68FB607B68C8
:1008B0001B685B68FB60FB687B689B8D19467868EA
:1008C000FFF793FD02E0786805F0DCF8002302E012
:1008D000002300E0022318463037BD4680BD0000EB
:1008E00080B584B000AF78607B681B681B6923F417
:1008F00040517B68DA687B681B680A431A617B6831
:100900009A687B681B691A437B685B691343BB6009
:100910007B681B68DB6823F4B05323F00C037A6810
:100920001268B9680B43D3607B681B685B6923F46A
:1009300040717B689A697B681B680A435A617B68CF
:100940001B682C4A934203D1FDF772FDF86002E068
:10095000FDF75AFDF860FA6813469B0013449A00AD
:100960001A447B685B689B00B2FBF3F3224AA2FB4C
:1009700003235B091901FA6813469B0013449A008C
:100980001A447B685B689B00B2FBF3F21A4BA3FB33
:1009900002035B09642000FB03F3D31A1B0132330B
:1009A000154AA2FB03235B0903F0F0031944FA681C
:1009B00013469B0013449A001A447B685B689B00B3
:1009C000B2FBF3F20C4BA3FB02035B09642000FBB8
:1009D00003F3D31A1B013233074AA2FB03235B093B
:1009E00003F00F027B681B680A449A6000BF10374F
:1009F000BD4680BD003801401F85EB5180B485B0F5
:100A000000AFEFF30583BB60BB68002B0FD1EFF3A2
:100A100010837B607B68002B09D1104B1B68022B75
:100A200009D1EFF311833B603B68002B03D06FF0DB
:100A30000503FB600CE0094B1B68002B05D1074B3D
:100A400001221A600023FB6002E04FF0FF33FB60DD
:100A5000FB6818461437BD4680BC7047A8090020C3
:100A600080B584B000AFEFF30583BB60BB68002B9B
:100A70000FD1EFF310837B607B68002B09D1114B02
:100A80001B68022B09D1EFF311833B603B68002BFD
:100A900003D06FF00503FB600EE00A4B1B68012BCF
:100AA00007D1084B02221A6001F0A2FE0023FB606E
:100AB00002E04FF0FF33FB60FB6818461037BD467D
:100AC00080BD00BFA809002080B592B004AFF860D7
:100AD000B9607A6000237B61EFF305837B627B6AF8
:100AE000002B40F09480EFF310833B623B6A002BB5
:100AF00040F08D80484B1B68022B06D1EFF3118329
:100B0000FB61FB69002B40F08280FB68002B7ED0EC
:100B100080233B631823FB620023FB7607F11B0352
:100B20007B634FF0FF33BB627B68002B45D07B6853
:100B30001B68002B02D07B681B687B637B689B690A
:100B4000002B02D07B689B69FB62FB6A002B08D0FC
:100B5000FB6A382B05D87B685B6803F00103002B28
:100B600001D0002354E07B685B69002B03D07B68D5
:100B70005B699B083B637B689B68002B0ED07B689E
:100B8000DB68A72B0AD97B681B69002B06D07B6822
:100B90005B69002B02D00123BB6210E07B689B687D
:100BA000002B0CD17B68DB68002B08D17B681B69AC
:100BB000002B04D10023BB6201E00023BB62BB6AAF
:100BC000012B10D17B681B697A68926802920193AD
:100BD000FB6A0093BB683A6B796BF86801F01EFC06
:100BE00003467B6113E0BB6A002B10D13B6B9AB2CA
:100BF00007F114030193FB6A0093BB68796BF868F3
:100C000001F06BFC0346012B01D000237B617B6963
:100C100018463837BD4680BDA809002080B586B08B
:100C200000AF7860EFF305833B613B69002B0FD188
:100C3000EFF31083FB60FB68002B09D10D4B1B68A1
:100C4000022B09D1EFF31183BB60BB68002B03D0EB
:100C50006FF005037B6107E000237B617B68002B5D
:100C600002D0786801F08EFD7B6918461837BD46C2
:100C700080BD00BFA809002080B58CB002AFF8602D
:100C8000B9607A6000237B62EFF30583BB61BB69C7
:100C9000002B40F08680EFF310837B617B69002B93
:100CA0007FD1424B1B68022B05D1EFF311833B61CF
:100CB0003B69002B75D1FB68002B72D0BA68FB68CA
:100CC0009A426ED84FF0FF333B627B68002B15D001
:100CD0007B689B68002B06D07B68DB684F2B02D9B2
:100CE00001233B620CE07B689B68002B08D17B688A
:100CF000DB68002B04D100233B6201E000233B6250
:100D00003B6AB3F1FF3F4CD0FB68012B28D13B6A13
:100D1000012B0AD17B689B680322009200220021EC
:100D2000012000F0BBFB786205E0032200210120D6
:100D300000F030FC78627B6A002B22D0BB68002B6D
:100D40001FD0002300220021786A00F0F3FC034644
:100D5000012B16D0786A01F08FF900237B6210E036
:100D60003B6A012B08D17B689B681A46B968F86812
:100D700000F072FC786204E0B968F86800F0A5FC45
:100D800078627B6A002B0CD07B68002B03D07B68D9
:100D90001B68FB6101E00023FB61F969786A01F0DF
:100DA000B7FA7B6A18462837BD4680BDA8090020DF
:100DB00080B588B000AF786039607B68BB61002384
:100DC000FB61BB69002B03D16FF00303FB614BE0B8
:100DD000EFF305837B617B69002B0FD1EFF3108369
:100DE0003B613B69002B09D1224B1B68022B28D1A8
:100DF000EFF31183FB60FB68002B22D03B68002BD4
:100E000003D06FF00303FB612DE00023BB6007F10B
:100E100008031A460021B86901F0ACF80346012B1B
:100E200003D06FF00203FB611DE0BB68002B1AD0FA
:100E3000114B4FF080521A60BFF34F8FBFF36F8F8B
:100E400011E03968B86900F085FF0346012B0BD02B
:100E50003B68002B03D06FF00103FB6104E06FF0EF
:100E60000203FB6100E000BFFB6918462037BD4666
:100E700080BD00BFA809002004ED00E080B588B067
:100E800000AF78607B68BB610023FB61BB69002B0E
:100E900003D16FF00303FB613EE0EFF305837B6159
:100EA0007B69002B0FD1EFF310833B613B69002B73
:100EB00009D11C4B1B68022B20D1EFF31183FB607F
:100EC000FB68002B1AD00023BB6007F1080319460A
:100ED000B86900F0CCFD0346012B03D06FF002038C
:100EE000FB6118E0BB68002B15D00F4B4FF0805210
:100EF0001A60BFF34F8FBFF36F8F0CE00023002207
:100F00000021B86900F016FC0346012B04D06FF0F5
:100F10000203FB6100E000BFFB6918462037BD46B5
:100F200080BD00BFA809002004ED00E080B58CB0B2
:100F300002AFF860B9607A6000237B62EFF305834B
:100F4000BB61BB69002B6FD1EFF310837B617B69C1
:100F5000002B69D1374B1B68022B05D1EFF31183AE
:100F60003B613B69002B5FD1FB68002B5CD0BB6809
:100F7000002B59D04FF0FF333B627B68002B29D008
:100F80007B689B68002B12D07B68DB684F2B0ED9E7
:100F90007B681B69002B0AD07B685A69FB68B968BB
:100FA00001FB03F39A4202D301233B6214E07B6806
:100FB0009B68002B10D17B68DB68002B0CD17B6811
:100FC0001B69002B08D17B685B69002B04D10023CF
:100FD0003B6201E000233B623B6A012B0BD17B6843
:100FE0001A697B689B6800210091B968F86800F075
:100FF00055FA786208E03B6A002B05D10022B968F7
:10100000F86800F0C7FA78627B6A002B0CD07B6826
:10101000002B03D07B681B68FB6101E00023FB61B0
:10102000F969786A01F074F97B6A18462837BD4679
:1010300080BD00BFA809002080B58AB000AFF8606D
:10104000B9603B601346FB71FB683B6200237B6227
:10105000EFF30583FB61FB69002B0FD1EFF31083E6
:10106000BB61BB69002B09D12B4B1B68022B2ED116
:10107000EFF311837B617B69002B28D03B6A002B47
:1010800005D0BB68002B02D03B68002B03D06FF06B
:1010900003037B6239E000233B6107F11002002368
:1010A000B968386A00F048FC0346012B03D06FF0A2
:1010B00002037B6229E03B69002B26D0174B4FF0DF
:1010C00080521A60BFF34F8FBFF36F8F1DE03B6AF2
:1010D000002B02D0BB68002B03D16FF003037B62AF
:1010E00014E000233A68B968386A00F023FB03462D
:1010F000012B0BD03B68002B03D06FF001037B6208
:1011000004E06FF002037B6200E000BF7B6A1846D8
:101110002837BD4680BD00BFA809002004ED00E0CF
:1011200080B58AB000AFF860B9607A603B60FB6858
:101130003B6200237B62EFF30583FB61FB69002BBD
:101140000FD1EFF31083BB61BB69002B09D12B4B8F
:101150001B68022B2ED1EFF311837B617B69002B7F
:1011600028D03B6A002B05D0BB68002B02D03B681F
:10117000002B03D06FF003037B6238E000233B6158
:1011800007F110031A46B968386A00F0F3FE034607
:10119000012B03D06FF002037B6228E03B69002B38
:1011A00025D0174B4FF080521A60BFF34F8FBFF31B
:1011B0006F8F1CE03B6A002B02D0BB68002B03D171
:1011C0006FF003037B6213E03A68B968386A00F095
:1011D000DFFC0346012B0BD03B68002B03D06FF0E4
:1011E00001037B6204E06FF002037B6200E000BF5A
:1011F0007B6A18462837BD4680BD00BFA80900207D
:1012000004ED00E080B485B000AFF860B9607A60AA
:10121000FB68064A1A60BB68054A1A607B68802230
:101220001A6000BF1437BD4680BC7047AC0900206F
:10123000540A002080B485B000AFF860B9607A60CD
:10124000FB68074A1A60BB68064A1A607B684FF45D
:1012500080721A6000BF1437BD4680BC704700BF63
:10126000540C0020FC0C002080B483B000AF7860E8
:101270007B6803F108027B685A607B684FF0FF329D
:101280009A607B6803F108027B68DA607B6803F18F
:1012900008027B681A617B6800221A6000BF0C3765
:1012A000BD4680BC704780B483B000AF78607B6877
:1012B00000221A6100BF0C37BD4680BC704780B465
:1012C00085B000AF786039607B685B68FB603B6825
:1012D000FA685A60FB689A683B689A60FB689B688A
:1012E0003A685A60FB683A689A603B687A681A61A3
:1012F0007B681B685A1C7B681A6000BF1437BD46A8
:1013000080BC704780B485B000AF786039603B68BE
:101310001B68BB60BB68B3F1FF3F03D17B681B69EF
:10132000FB600CE07B680833FB6002E0FB685B68F5
:10133000FB60FB685B681B68BA689A42F6D2FB6880
:101340005A683B685A603B685B683A689A603B68D9
:10135000FA689A60FB683A685A603B687A681A6172
:101360007B681B685A1C7B681A6000BF1437BD4637
:1013700080BC704780B485B000AF78607B681B6923
:10138000FB607B685B687A6892689A607B689B68A0
:101390007A6852685A60FB685B687A689A4203D13F
:1013A0007B689A68FB685A607B6800221A61FB6858
:1013B0001B685A1EFB681A60FB681B6818461437C6
:1013C000BD4680BC7047000080B584B000AF786037
:1013D00039607B68FB60FB68002B0BD14FF050033A
:1013E00083F31188BFF36F8FBFF34F8FBB6000BFD4
:1013F00000BFFDE702F0BAFEFB681A68FB68DB6B12
:10140000F968096C01FB03F31A44FB685A60FB6836
:1014100000229A63FB681A68FB689A60FB681A6886
:10142000FB68DB6B013BF968096C01FB03F31A44B1
:10143000FB68DA60FB68FF2283F84420FB68FF2228
:1014400083F845203B68002B14D1FB681B69002BF7
:101450001AD0FB681033184601F0A2FC0346002B9B
:1014600012D00D4B4FF080521A60BFF34F8FBFF375
:101470006F8F09E0FB6810331846FFF7F5FEFB6835
:1014800024331846FFF7F0FE02F0A0FE01231846B1
:101490001037BD4680BD00BF04ED00E080B58EB0C2
:1014A00002AFF860B9607A603B60FB68002B0BD13B
:1014B0004FF0500383F31188BFF36F8FBFF34F8F4B
:1014C000BB6200BF00BFFDE73B68002B0BD14FF0B4
:1014D000500383F31188BFF36F8FBFF34F8F7B628D
:1014E00000BF00BFFDE77B68002B02D0BB68002B6C
:1014F00001D0012300E00023002B0BD14FF050035B
:1015000083F31188BFF36F8FBFF34F8F3B6200BF30
:1015100000BFFDE77B68002B02D1BB68002B01D127
:10152000012300E00023002B0BD14FF0500383F385
:101530001188BFF36F8FBFF34F8FFB6100BF00BFF8
:10154000FDE750237B617B69502B0BD04FF050039C
:1015500083F31188BFF36F8FBFF34F8FBB6100BF61
:1015600000BFFDE73B68FB62FB6A002B0DD0FB6A06
:10157000012283F8462097F83820FB6A009313462F
:101580007A68B968F86800F044F8FB6A18463037A2
:10159000BD4680BD80B58AB002AFF860B960134621
:1015A000FB71FB68002B0BD14FF0500383F31188C4
:1015B000BFF36F8FBFF34F8F3B6100BF00BFFDE7ED
:1015C000BB68002B02D10023FB6104E0FB68BA6812
:1015D00002FB03F3FB61FB695033184602F0C8FEBF
:1015E000B861BB69002B0FD0BB6950337B61BB690D
:1015F000002283F84620FA79BB69009313467A6982
:10160000B968F86800F005F8BB6918462037BD4690
:1016100080BD80B584B000AFF860B9607A60FB70BF
:10162000BB68002B03D1BB69BA691A6002E0BB69D1
:101630007A681A60BB69FA68DA63BB69BA681A64C7
:101640000121B869FFF7C0FEBB69FA7883F84C2026
:1016500000BF1037BD4680BD80B58AB002AFF860CC
:10166000B9607A60FB68002B0BD14FF0500383F315
:101670001188BFF36F8FBFF34F8FBB6100BF00BFF7
:10168000FDE7BA68FB689A420BD94FF0500383F329
:101690001188BFF36F8FBFF34F8F7B6100BF00BF17
:1016A000FDE7022300937B6800220021F868FFF722
:1016B000F5FEF861FB69002B02D0FB69BA689A63FA
:1016C000FB6918462037BD4680BD80B586B000AFA7
:1016D000786039607B68002B0BD14FF0500383F3A7
:1016E0001188BFF36F8FBFF34F8F3B6100BF00BF07
:1016F000FDE73A687B689A420BD94FF0500383F3B9
:101700001188BFF36F8FBFF34F8FFB6000BF00BF27
:10171000FDE7022200217868FFF73CFF78617B69D2
:10172000002B02D07B693A689A637B6918461837A8
:10173000BD4680BD80B58EB000AFF860B9607A60FC
:101740003B6000237B63FB683B633B6B002B0BD14F
:101750004FF0500383F31188BFF36F8FBFF34F8FA8
:10176000BB6200BF00BFFDE7BB68002B03D13B6B32
:101770001B6C002B01D1012300E00023002B0BD1B7
:101780004FF0500383F31188BFF36F8FBFF34F8F78
:101790007B6200BF00BFFDE73B68022B03D13B6BC0
:1017A000DB6B012B01D1012300E00023002B0BD1C7
:1017B0004FF0500383F31188BFF36F8FBFF34F8F48
:1017C0003B6200BF00BFFDE701F0B4FC0346002B05
:1017D00002D17B68002B01D1012300E00023002B04
:1017E0000BD14FF0500383F31188BFF36F8FBFF31A
:1017F0004F8FFB6100BF00BFFDE702F0B7FC3B6B02
:101800009A6B3B6BDB6B9A4202D33B68022B29D16C
:101810003A68B968386B00F06AFCF8623B6B5B6A47
:10182000002B10D03B6B2433184601F0B9FA034665
:10183000002B13D03F4B4FF080521A60BFF34F8FF5
:10184000BFF36F8F0AE0FB6A002B07D0394B4FF0D4
:1018500080521A60BFF34F8FBFF36F8F02F0B6FC58
:10186000012363E07B68002B03D102F0AFFC00236F
:101870005CE07B6B002B06D107F11403184601F0E6
:10188000F3FA01237B6302F0A1FC01F021F802F0DE
:101890006DFC3B6B93F844305BB2B3F1FF3F03D177
:1018A0003B6B002283F844203B6B93F845305BB2DE
:1018B000B3F1FF3F03D13B6B002283F8452002F0D8
:1018C00085FC3A1D07F114031146184601F0E2FAAF
:1018D0000346002B24D1386B00F001FD0346002B9A
:1018E00018D03B6B10337A681146184601F006FA9F
:1018F000386B00F08CFC00F0F9FF0346002B7FF4FE
:101900007CAF0C4B4FF080521A60BFF34F8FBFF388
:101910006F8F72E7386B00F07AFC00F0E7FF6CE73E
:10192000386B00F074FC00F0E1FF002318463837F4
:10193000BD4680BD04ED00E080B58EB000AFF8601C
:10194000B9607A603B60FB683B633B6B002B0BD15B
:101950004FF0500383F31188BFF36F8FBFF34F8FA6
:101960007B6200BF00BFFDE7BB68002B03D13B6B70
:101970001B6C002B01D1012300E00023002B0BD1B5
:101980004FF0500383F31188BFF36F8FBFF34F8F76
:101990003B6200BF00BFFDE73B68022B03D13B6BFE
:1019A000DB6B012B01D1012300E00023002B0BD1C5
:1019B0004FF0500383F31188BFF36F8FBFF34F8F46
:1019C000FB6100BF00BFFDE702F092FCEFF3118264
:1019D0004FF0500383F31188BFF36F8FBFF34F8F26
:1019E000BA617B61BB69FB623B6B9A6B3B6BDB6BE8
:1019F0009A4202D33B68022B2CD13B6B93F84530C3
:101A000087F82B303A68B968386B00F070FB97F9AB
:101A10002B30B3F1FF3F12D13B6B5B6A002B16D02A
:101A20003B6B2433184601F0BBF90346002B0ED064
:101A30007B68002B0BD07B6801221A6007E097F8C7
:101A40002B300133DBB25AB23B6B83F845200123C4
:101A50007B6301E000237B63FB6A3B613B6983F3AB
:101A6000118800BF7B6B18463837BD4680BD80B5F6
:101A70008EB000AF786039607B683B633B6B002BB6
:101A80000BD14FF0500383F31188BFF36F8FBFF377
:101A90004F8F3B6200BF00BFFDE73B6B1B6C002B11
:101AA0000BD04FF0500383F31188BFF36F8FBFF358
:101AB0004F8FFB6100BF00BFFDE73B6B1B68002B36
:101AC00003D13B6B5B68002B01D1012300E00023B5
:101AD000002B0BD14FF0500383F31188BFF36F8FAE
:101AE000BFF34F8FBB6100BF00BFFDE702F000FCFA
:101AF000EFF311824FF0500383F31188BFF36F8F20
:101B0000BFF34F8F7A613B617B69FB623B6B9B6BE1
:101B1000BB623B6BDB6BBA6A9A422BD23B6B93F88E
:101B2000453087F82730BB6A5A1C3B6B9A6397F99C
:101B30002730B3F1FF3F12D13B6B5B6A002B16D00D
:101B40003B6B2433184601F02BF90346002B0ED0D3
:101B50003B68002B0BD03B6801221A6007E097F826
:101B600027300133DBB25AB23B6B83F845200123A7
:101B70007B6301E000237B63FB6AFB60FB6883F30C
:101B8000118800BF7B6B18463837BD4680BD00000A
:101B900080B58CB000AFF860B9607A600023FB625A
:101BA000FB68BB62BB6A002B0BD14FF0500383F381
:101BB0001188BFF36F8FBFF34F8F3B6200BF00BF31
:101BC000FDE7BB68002B03D1BB6A1B6C002B01D166
:101BD000012300E00023002B0BD14FF0500383F3CF
:101BE0001188BFF36F8FBFF34F8FFB6100BF00BF42
:101BF000FDE701F09FFA0346002B02D17B68002B22
:101C000001D1012300E00023002B0BD14FF0500342
:101C100083F31188BFF36F8FBFF34F8FBB6100BF9A
:101C200000BFFDE702F0A2FABB6A9B6B7B627B6A96
:101C3000002B1FD0B968B86A00F0C3FA7B6A5A1E3D
:101C4000BB6A9A63BB6A1B69002B0FD0BB6A103357
:101C5000184601F0A5F80346002B07D03C4B4FF087
:101C600080521A60BFF34F8FBFF36F8F02F0AEFA4E
:101C7000012369E07B68002B03D102F0A7FA00235F
:101C800062E0FB6A002B06D107F11003184601F051
:101C9000EBF80123FB6202F099FA00F019FE02F062
:101CA00065FABB6A93F844305BB2B3F1FF3F03D1EE
:101CB000BB6A002283F84420BB6A93F845305BB2CC
:101CC000B3F1FF3F03D1BB6A002283F8452002F045
:101CD0007DFA3A1D07F110031146184601F0DAF8B3
:101CE0000346002B23D1B86A00F0E3FA0346002B29
:101CF00017D0BB6A24337A681146184600F0FEFFFD
:101D0000B86A00F084FA00F0F1FD0346002B89D197
:101D10000F4B4FF080521A60BFF34F8FBFF36F8F9E
:101D200080E7B86A00F073FA00F0E0FD7AE7B86A7D
:101D300000F06DFA00F0DAFDB86A00F0BAFA034676
:101D4000002B3FF46FAF002318463037BD4680BDEF
:101D500004ED00E080B58EB000AF786039600023FC
:101D60007B637B68FB6200233B63FB6A002B0BD128
:101D70004FF0500383F31188BFF36F8FBFF34F8F82
:101D80003B6200BF00BFFDE7FB6A1B6C002B0BD062
:101D90004FF0500383F31188BFF36F8FBFF34F8F62
:101DA000FB6100BF00BFFDE701F0C4F90346002B53
:101DB00002D13B68002B01D1012300E00023002B5E
:101DC0000BD14FF0500383F31188BFF36F8FBFF334
:101DD0004F8FBB6100BF00BFFDE702F0C7F9FB6A90
:101DE0009B6BBB62BB6A002B24D0BB6A5A1EFB6A8A
:101DF0009A63FB6A1B68002B04D101F01FFB0246AB
:101E0000FB6A5A60FB6A1B69002B0FD0FB6A103318
:101E1000184600F0C5FF0346002B07D0544B4FF087
:101E200080521A60BFF34F8FBFF36F8F02F0CEF96D
:101E3000012398E03B68002B12D13B6B002B0BD0A9
:101E40004FF0500383F31188BFF36F8FBFF34F8FB1
:101E50007B6100BF00BFFDE702F0B8F9002382E01C
:101E60007B6B002B06D107F10C03184600F0FCFF3A
:101E700001237B6302F0AAF900F02AFD02F076F953
:101E8000FB6A93F844305BB2B3F1FF3F03D1FB6AC6
:101E9000002283F84420FB6A93F845305BB2B3F12B
:101EA000FF3F03D1FB6A002283F8452002F08EF940
:101EB0003A4607F10C031146184600F0EBFF0346C3
:101EC000002B32D1F86A00F0F4F90346002B26D03B
:101ED000FB6A1B68002B09D102F048F9FB6A5B68BA
:101EE000184601F045F9386302F070F9FB6A2433B3
:101EF0003A681146184600F001FFF86A00F087F9C9
:101F000000F0F4FC0346002B7FF467AF184B4FF052
:101F100080521A60BFF34F8FBFF36F8F5DE7F86A8F
:101F200000F075F900F0E2FC57E7F86A00F06FF98D
:101F300000F0DCFCF86A00F0BCF90346002B3FF42B
:101F40004CAF3B6B002B0DD002F010F9F86A00F09B
:101F5000B7F87862FB6A5B68796A184601F0E6F9BF
:101F600002F034F9002318463837BD4680BD00BF63
:101F700004ED00E080B58EB000AFF860B9607A6023
:101F8000FB683B633B6B002B0BD14FF0500383F39B
:101F90001188BFF36F8FBFF34F8F3B6200BF00BF4D
:101FA000FDE7BB68002B03D13B6B1B6C002B01D101
:101FB000012300E00023002B0BD14FF0500383F3EB
:101FC0001188BFF36F8FBFF34F8FFB6100BF00BF5E
:101FD000FDE702F08DF9EFF311824FF0500383F328
:101FE0001188BFF36F8FBFF34F8FBA617B61BB69FD
:101FF000FB623B6B9B6BBB62BB6A002B2FD03B6BC6
:1020000093F8443087F82730B968386B00F0D9F876
:10201000BB6A5A1E3B6B9A6397F92730B3F1FF3FB7
:1020200012D13B6B1B69002B16D03B6B103318464B
:1020300000F0B6FE0346002B0ED07B68002B0BD0C1
:102040007B6801221A6007E097F827300133DBB282
:102050005AB23B6B83F8442001237B6301E00023E9
:102060007B63FB6A3B613B6983F3118800BF7B6B39
:1020700018463837BD4680BD80B584B000AF786063
:102080007B68FB60FB68002B0BD14FF0500383F3A0
:102090001188BFF36F8FBFF34F8FBB6000BF00BFCE
:1020A000FDE7F86800F05CF9FB6893F84630002B18
:1020B00002D1F86802F028FA00BF1037BD4680BD93
:1020C00080B485B000AF78607B685B6A002B06D077
:1020D0007B681B6B1B68C3F13803FB6001E00023C6
:1020E000FB60FB6818461437BD4680BC704780B55E
:1020F00086B000AFF860B9607A6000237B61FB684E
:102100009B6B3B61FB681B6C002B0DD1FB681B6854
:10211000002B4DD1FB685B68184601F097F8786199
:10212000FB6800225A6043E07B68002B19D1FB68F2
:102130009868FB681B6C1A46B96803F045FEFB689B
:102140009A68FB681B6C1A44FB689A60FB689A6883
:10215000FB685B689A422BD3FB681A68FB689A603D
:1021600026E0FB68D868FB681B6C1A46B96803F068
:102170002BFEFB68DA68FB681B6C5B421A44FB6849
:10218000DA60FB68DA68FB681B689A4207D2FB6872
:102190005A68FB681B6C5B421A44FB68DA607B6818
:1021A000022B05D13B69002B02D03B69013B3B610F
:1021B0003B695A1CFB689A637B6918461837BD4611
:1021C00080BD80B582B000AF786039607B681B6CE1
:1021D000002B18D07B68DA687B681B6C1A447B681C
:1021E000DA607B68DA687B685B689A4203D37B6855
:1021F0001A687B68DA607B68D9687B681B6C1A4652
:10220000386803F0E1FD00BF0837BD4680BD80B5EA
:1022100084B000AF786001F0A9FF7B6893F8453087
:10222000FB7311E07B685B6A002B12D07B68243360
:10223000184600F0B5FD0346002B01D000F08EFEDD
:10224000FB7B013BDBB2FB7397F90F30002BE9DC22
:1022500000E000BF7B68FF2283F8452001F0B6FF55
:1022600001F084FF7B6893F84430BB7311E07B6816
:102270001B69002B12D07B681033184600F090FDCC
:102280000346002B01D000F069FEBB7B013BDBB2B3
:10229000BB7397F90E30002BE9DC00E000BF7B68D0
:1022A000FF2283F8442001F091FF00BF1037BD46A4
:1022B00080BD80B584B000AF786001F057FF7B68C7
:1022C0009B6B002B02D10123FB6001E00023FB602C
:1022D00001F07CFFFB6818461037BD4680BD80B515
:1022E00084B000AF786001F041FF7B689A6B7B6837
:1022F000DB6B9A4202D10123FB6001E00023FB600B
:1023000001F064FFFB6818461037BD4680BD000031
:1023100080B485B000AF786039600023FB6014E0C2
:102320000E4AFB6852F83330002B0BD10B49FB6887
:102330003A6841F83320094AFB68DB0013447A68A5
:102340005A6006E0FB680133FB60FB68072BE7D9A6
:1023500000BF00BF1437BD4680BC7047FC10002092
:1023600080B485B000AF78600023FB6016E0104AAF
:10237000FB68DB0013445B687A689A420BD10C4A15
:10238000FB68002142F83310094AFB68DB00134464
:1023900000225A6006E0FB680133FB60FB68072BF4
:1023A000E5D900BF00BF1437BD4680BC704700BFF1
:1023B000FC10002080B586B000AFF860B9607A608C
:1023C000FB687B6101F0D2FE7B6993F844305BB21D
:1023D000B3F1FF3F03D17B69002283F844207B697E
:1023E00093F845305BB2B3F1FF3F03D17B69002224
:1023F00083F8452001F0EAFE7B699B6B002B06D138
:102400007B6924337A68B968184600F09DFC7869C6
:10241000FFF7FDFE00BF1837BD4680BD80B58EB00A
:1024200004AFF860B9607A603B607B6B002B0BD126
:102430004FF0500383F31188BFF36F8FBFF34F8FBB
:102440003B6200BF00BFFDE7BB6B002B0BD14FF021
:10245000500383F31188BFF36F8FBFF34F8FFB617E
:1024600000BF00BFFDE7A8233B613B69A82B0BD051
:102470004FF0500383F31188BFF36F8FBFF34F8F7B
:10248000BB6100BF00BFFDE7BB6B002B1ED07B6BA9
:10249000002B1BD0BB6B7B627B6A7A6B1A637B6AF7
:1024A000022283F8A520002303937B6A029307F19D
:1024B000140301933B6B00933B687A68B968F86832
:1024C00000F050F8786A00F0EDF801E000237B613D
:1024D0007B6918462837BD4680BD80B58CB004AFF7
:1024E000F860B9603B601346FB80FB889B00184690
:1024F00001F03EFF78617B69002B0ED0A82001F02F
:1025000037FFF861FB69002B03D0FB697A691A6316
:1025100005E0786901F0F8FF01E00023FB61FB6949
:10252000002B17D0FB69002283F8A520FA8800232E
:102530000393FB690293FB6A0193BB6A00933B68B8
:10254000B968F86800F00EF8F86900F0ABF80123FC
:10255000BB6102E04FF0FF33BB61BB691846203717
:10256000BD4680BD80B588B000AFF860B9607A60C4
:102570003B603B6B186B7B689B001A46A52103F000
:1025800091FB3B6B1A6B7B6803F18043013B9B0023
:102590001344BB61BB6923F00703BB61BB6903F054
:1025A0000703002B0BD04FF0500383F31188BFF3C8
:1025B0006F8FBFF34F8F7B6100BF00BFFDE700232C
:1025C000FB6112E0BA68FB69134419783A6BFB6946
:1025D000134434330A461A70BA68FB6913441B78F3
:1025E000002B06D0FB690133FB61FB690F2BE9D996
:1025F00000E000BF3B6B002283F84320BB6A372B0F
:1026000001D93723BB623B6BBA6ADA623B6BBA6AA9
:10261000DA643B6B00221A653B6B04331846FEF705
:1026200042FE3B6B18331846FEF73DFE3B6B3A6BA0
:102630001A61BB6AC3F138023B6B9A613B6B3A6B20
:102640005A623B6B0022C3F8A0203B6B002283F848
:10265000A4203B6B54334C220021184603F022FB8C
:102660003B6B0D4A9A653B6B0C4ADA653B6B0C4A37
:102670001A663A68F968B86901F088FC02463B6B53
:102680001A60FB6A002B02D0FB6A3A6B1A6000BF2B
:102690002037BD4680BD00BF98670020006800203D
:1026A0006868002080B582B000AF786001F05EFD00
:1026B0002D4B1B6801332C4A13602C4B1B68002BDD
:1026C00009D12A4A7B681360274B1B68012B10D164
:1026D00000F068FC0DE0264B1B68002B09D1234B52
:1026E0001B68DA6A7B68DB6A9A4202D81F4A7B68F9
:1026F0001360204B1B6801331E4A13601D4B1A6880
:102700007B685A647B68DA6A1B4B1B689A4203D960
:102710007B68DB6A184A13607B68DA6A13469B00A1
:1027200013449B00154A1A447B680433194610462B
:10273000FEF7C5FD01F04AFD0D4B1B68002B0ED0C6
:102740000A4B1B68DA6A7B68DB6A9A4207D20C4B39
:102750004FF080521A60BFF34F8FBFF36F8F00BFEF
:102760000837BD4680BD00BF101600203C11002078
:102770001C1600202C1600201816002040110020E6
:1027800004ED00E080B584B000AF78600023FB600A
:102790007B68002B18D0144B1B68002B0BD04FF01C
:1027A000500383F31188BFF36F8FBFF34F8FBB606C
:1027B00000BF00BFFDE700F08BF80021786801F052
:1027C0001DF800F093F8F860FB68002B07D1074B69
:1027D0004FF080521A60BFF34F8FBFF36F8F00BF6F
:1027E0001037BD4680BD00BF3816002004ED00E064
:1027F00080B58AB004AF0023BB6000237B603A46FB
:10280000391D07F108031846FEF7FCFC39687B68A0
:10281000BA68029201930023009300230A462449D8
:102820002448FFF7FBFD0346234A1360224B1B6835
:10283000002B02D001237B6101E000237B617B69D7
:10284000012B02D101F02EF878617B69012B1BD19D
:102850004FF0500383F31188BFF36F8FBFF34F8F97
:102860003B6100BF154B1B685433154A1360154B71
:102870004FF0FF321A60144B01221A60134B0022F2
:102880001A6001F001FC0FE07B69B3F1FF3F0BD14F
:102890004FF0500383F31188BFF36F8FBFF34F8F57
:1028A000FB6000BF00BFFDE700BF1837BD4680BD1D
:1028B0003C7D0508752F0508341600203C110020CA
:1028C0005C000020301600201C160020141600208A
:1028D00080B400AF044B1B680133034A136000BF90
:1028E000BD4680BC704700BF3816002080B584B05C
:1028F00000AF0023FB600023BB60424B1B68002B32
:102900000BD14FF0500383F31188BFF36F8FBFF3E8
:102910004F8F3B6000BF00BFFDE701F027FC394B44
:102920001B68013B374A1360364B1B68002B62D192
:10293000354B1B68002B5ED02FE0344BDB68DB6827
:10294000FB60FB6818331846FEF714FDFB68043380
:102950001846FEF70FFDFB68DA6A2D4B1B689A429A
:1029600003D9FB68DB6A2A4A1360FB68DA6A1346FC
:102970009B0013449B00274A1A44FB680433194602
:102980001046FEF79CFCFB68DA6A234B1B68DB6A87
:102990009A4202D3214B01221A601C4B1B68002B68
:1029A000CBD1FB68002B01D000F0A0FB1C4B1B68B7
:1029B0007B607B68002B10D000F056F80346002B9C
:1029C00002D0164B01221A607B68013B7B607B685A
:1029D000002BF1D1124B00221A60104B1B68002B08
:1029E00009D00123BB600F4B4FF080521A60BFF338
:1029F0004F8FBFF36F8F01F0E9FBBB6818461037AC
:102A0000BD4680BD3816002010160020D0150020CD
:102A100018160020401100203C1100202416002030
:102A20002016002004ED00E080B483B000AF044B1A
:102A30001B687B607B6818460C37BD4680BC7047BE
:102A40001416002080B582B000AF01F051FC0023C5
:102A50007B60044B1B683B603B6818460837BD46EB
:102A600080BD00BF1416002080B586B000AF0023E3
:102A70007B61524B1B68002B40F08F80504B1B68D2
:102A800001333B614E4A3B6913603B69002B21D106
:102A90004C4B1B681B68002B0BD04FF0500383F38B
:102AA0001188BFF36F8FBFF34F8F3B6000BF00BF34
:102AB000FDE7444B1B68FB60434B1B68414A1360B6
:102AC000414AFB681360414B1B6801333F4A136066
:102AD00000F00CFB3E4B1B683A699A424ED3394BCF
:102AE0001B681B68002B01D1012300E00023002B91
:102AF00004D0374B4FF0FF321A603FE0314B1B6878
:102B0000DB68DB68BB60BB685B687B603A697B68DD
:102B10009A4203D22E4A7B6813602FE0BB680433CD
:102B20001846FEF727FCBB689B6A002B04D0BB68E5
:102B300018331846FEF71EFCBB68DA6A254B1B6883
:102B40009A4203D9BB68DB6A224A1360BB68DA6A1F
:102B500013469B0013449B001F4A1A44BB6804336E
:102B600019461046FEF7ABFBBB68DA6A1B4B1B68C5
:102B7000DB6A9A42B3D301237B61B0E7174B1B6832
:102B8000DA6A154913469B0013449B000B441B68EB
:102B9000012B07D901237B6104E0114B1B68013332
:102BA0000F4A13600F4B1B68002B01D001237B6180
:102BB0007B6918461837BD4680BD00BF3816002017
:102BC00014160020C8150020CC150020281600205F
:102BD0003016002018160020401100203C11002063
:102BE000201600202416002080B586B000AF3D4B93
:102BF0001B68002B03D03C4B01221A606EE03A4B5D
:102C000000221A60394B1B681B6B3B614FF0A533E8
:102C1000FB603B691B68FA689A4211D13B69043337
:102C20001B68FA689A420BD13B6908331B68FA6843
:102C30009A4205D13B690C331B68FA689A4208D066
:102C40002A4B1A68294B1B68343319461046F0F793
:102C500057F8274B1B687B6111E07B69002B0BD178
:102C60004FF0500383F31188BFF36F8FBFF34F8F83
:102C70007B6000BF00BFFDE77B69013B7B611D49B5
:102C80007A6913469B0013449B000B441B68002B7E
:102C9000E3D07A6913469B0013449B00154A134402
:102CA000BB60BB685B685A68BB685A60BB685A689F
:102CB000BB6808339A4204D1BB685B685A68BB683A
:102CC0005A60BB685B68DB68084A1360084A7B6926
:102CD0001360064B1B685433074A136000BF183754
:102CE000BD4680BD38160020241600203C1100206F
:102CF00018160020401100205C00002080B584B030
:102D000000AF786039607B68002B0BD14FF0500327
:102D100083F31188BFF36F8FBFF34F8FFB6000BF4A
:102D200000BFFDE7074B1B68183319467868FEF7AC
:102D3000E9FA0121386800F061FD00BF1037BD4697
:102D400080BD00BF3C11002080B586B000AFF860A8
:102D5000B9607A60FB68002B0BD14FF0500383F30E
:102D60001188BFF36F8FBFF34F8F7B6100BF00BF30
:102D7000FDE70A4B1B6818331946F868FEF79FFAFF
:102D80007B68002B02D04FF0FF33BB607968B868D6
:102D900000F034FD00BF1837BD4680BD3C11002057
:102DA00080B586B000AF78607B68DB68DB683B612C
:102DB0003B69002B0BD14FF0500383F31188BFF315
:102DC0006F8FBFF34F8FFB6000BF00BFFDE73B6914
:102DD00018331846FEF7CEFA1D4B1B68002B1DD189
:102DE0003B6904331846FEF7C5FA3B69DA6A194BAA
:102DF0001B689A4203D93B69DB6A164A13603B6938
:102E0000DA6A13469B0013449B00134A1A443B6939
:102E1000043319461046FEF752FA05E03B691833B1
:102E200019460E48FEF74BFA3B69DA6A0C4B1B68F1
:102E3000DB6A9A4205D901237B610A4B01221A60A1
:102E400001E000237B617B6918461837BD4680BDD1
:102E5000381600201816002040110020D015002040
:102E60003C1100202416002080B483B000AF7860AD
:102E7000064B1A687B681A60054B1A687B685A60B3
:102E800000BF0C37BD4680BC704700BF281600202D
:102E90001416002080B588B000AF786039607B6878
:102EA000002B0BD14FF0500383F31188BFF36F8FCA
:102EB000BFF34F8F3B6100BF00BFFDE73B68002BB6
:102EC0000BD14FF0500383F31188BFF36F8FBFF323
:102ED0004F8FFB6000BF00BFFDE701F047F91D4BBE
:102EE0001B68BB617B685B68BA69D31A7B613B680E
:102EF0001B68B3F1FF3F02D10023FB6123E07B6835
:102F00001A68154B1B689A4207D07B685B68BA69E0
:102F10009A4202D30123FB6115E03B681B687A6982
:102F20009A420BD23B681A687B69D21A3B681A60D6
:102F30007868FFF799FF0023FB6104E03B680022FB
:102F40001A600123FB6101F041F9FB691846203743
:102F5000BD4680BD141600202816002080B400AFA6
:102F6000034B01221A6000BFBD4680BC704700BF02
:102F70002416002080B582B000AF786000F052F8CF
:102F8000064B1B68012BF9D9054B4FF080521A6094
:102F9000BFF34F8FBFF36F8FF0E700BF40110020EA
:102FA00004ED00E080B582B000AF00237B600CE050
:102FB0007A6813469B0013449B00124A1344184638
:102FC000FEF752F97B6801337B607B68372BEFD9C2
:102FD0000D48FEF749F90D48FEF746F90C48FEF793
:102FE00043F90C48FEF740F90B48FEF73DF90B4B4F
:102FF000054A1A600A4B054A1A6000BF0837BD46E9
:1030000080BD00BF40110020A0150020B415002095
:10301000D0150020E4150020FC150020C815002064
:10302000CC15002080B582B000AF19E001F09EF809
:10303000104BDB68DB687B607B6804331846FEF767
:1030400099F90D4B1B68013B0B4A13600B4B1B6836
:10305000013B0A4A136001F0B9F8786800F010F8F3
:10306000064B1B68002BE1D100BF00BF0837BD46EF
:1030700080BD00BFE415002010160020F8150020C8
:1030800080B584B000AF78607B685433184602F096
:1030900011FE7B6893F8A530002B08D17B681B6B71
:1030A000184601F031FA786801F02EFA19E07B68D1
:1030B00093F8A530012B03D1786801F025FA10E0D0
:1030C0007B6893F8A530022B0BD04FF0500383F3AD
:1030D0001188BFF36F8FBFF34F8FFB6000BF00BF3E
:1030E000FDE700BF1037BD4680BD000080B483B04F
:1030F00000AF0E4B1B681B68002B01D1012300E0C1
:103100000023002B04D00A4B4FF0FF321A6008E076
:10311000064B1B68DB68DB687B607B685B68044A86
:10312000136000BF0C37BD4680BC7047C815002037
:103130003016002080B483B000AF0B4B1B68002B0F
:1031400002D101237B6008E0084B1B68002B02D1F1
:1031500002237B6001E000237B607B6818460C370C
:10316000BD4680BC704700BF1C16002038160020EA
:1031700080B584B000AF78607B68BB600023FB60E3
:103180007B68002B56D0BB68DA6A2D4B1B68DB6A64
:103190009A4246D2BB689B69002B06DB284B1B6812
:1031A000DB6AC3F13802BB689A61BB685969BB68C6
:1031B000DA6A13469B0013449B00224A1344994247
:1031C00001D1012300E00023002B22D0BB6804338F
:1031D0001846FEF7CFF81A4B1B68DA6ABB68DA624A
:1031E000BB68DA6A184B1B689A4203D9BB68DB6A72
:1031F000154A1360BB68DA6A13469B0013449B00B0
:10320000104A1A44BB68043319461046FEF757F8B3
:1032100004E00B4B1B68DA6ABB68DA620123FB60CF
:1032200008E0BB68DA6C064B1B68DB6A9A4201D285
:103230000123FB60FB6818461037BD4680BD00BF08
:103240003C110020401100201816002080B586B0E7
:1032500000AF78607B683B6100237B617B68002B5B
:1032600058D02F4B1B683A699A420BD04FF050034D
:1032700083F31188BFF36F8FBFF34F8FFB6000BFE5
:1032800000BFFDE73B691B6D002B0BD14FF05003D6
:1032900083F31188BFF36F8FBFF34F8FBB6000BF05
:1032A00000BFFDE73B691B6D5A1E3B691A653B6910
:1032B000DA6A3B69DB6C9A422CD03B691B6D002BB0
:1032C00028D13B6904331846FEF754F83B69DA6CA1
:1032D0003B69DA623B69DB6AC3F138023B699A6198
:1032E0003B69DA6A0F4B1B689A4203D93B69DB6A78
:1032F0000C4A13603B69DA6A13469B0013449B0037
:10330000094A1A443B69043319461046FDF7D7FFB2
:1033100001237B617B6918461837BD4680BD00BF1D
:103320003C110020181600204011002080B588B004
:1033300000AF786039607B68BB6101237B617B688B
:10334000002B71D0BB691B6D002B0BD14FF05003CC
:1033500083F31188BFF36F8FBFF34F8FFB6000BF04
:1033600000BFFDE7BB69DB6C3A689A4202D93B6853
:10337000FB6102E0BB69DB6CFB61BB69DB6AFA697C
:103380009A4251D0BB691B6D7A699A424CD1284B45
:103390001B68BA699A420BD14FF0500383F311882E
:1033A000BFF36F8FBFF34F8FBB6000BF00BFFDE760
:1033B000BB69DB6A3B61BB69FA69DA62BB699B691D
:1033C000002B04DBFB69C3F13802BB699A61BB695E
:1033D00059693A6913469B0013449B00154A1344EC
:1033E000994201D1012300E00023002B1CD0BB69CE
:1033F00004331846FDF7BEFFBB69DA6A0E4B1B6843
:103400009A4203D9BB69DB6A0B4A1360BB69DA6A6B
:1034100013469B0013449B00064A1A44BB690433BD
:1034200019461046FDF74BFF00BF2037BD4680BD53
:103430003C110020401100201816002080B400AF7D
:10344000074B1B68002B04D0054B1B681A6D01321B
:103450001A65034B1B681846BD4680BC704700BF09
:103460003C11002080B584B000AF7860396000F076
:103470007DFE204B1B68D3F8A030002B13D11D4BD1
:103480001B68012283F8A4203B68002B0BD001218C
:10349000386800F0B3F9184B4FF080521A60BFF350
:1034A0004F8FBFF36F8F00F091FE00F05FFE114B66
:1034B0001B68D3F8A030FB60FB68002B0ED07B6844
:1034C000002B05D00B4B1B680022C3F8A02005E0A1
:1034D000084B1B68FA68013AC3F8A020054B1B682B
:1034E000002283F8A42000F071FEFB681846103714
:1034F000BD4680BD3C11002004ED00E080B58AB0DF
:1035000000AFF860B9603B601346FB7101237B623A
:10351000FB68002B0BD14FF0500383F31188BFF3EE
:103520006F8FBFF34F8FBB6100BF00BFFDE7FB682C
:103530003B6200F01BFE3B68002B04D03B6AD3F8D3
:10354000A0203B681A603B6A93F8A430FB773B6A83
:10355000022283F8A420FB79042B2ED801A252F872
:1035600023F000BFBB350508793505088B35050804
:103570009B350508A53505083B6AD3F8A020BB6834
:103580001A433B6AC3F8A02017E03B6AD3F8A03087
:103590005A1C3B6AC3F8A0200FE03B6ABA68C3F824
:1035A000A0200AE0FB7F022B04D03B6ABA68C3F874
:1035B000A02001E000237B6200BFFB7F012B3BD1F9
:1035C0003B6A04331846FDF7D5FE3B6ADA6A1E4BA8
:1035D0001B689A4203D93B6ADB6A1B4A13603B6A49
:1035E000DA6A13469B0013449B00184A1A443B6A4C
:1035F000043319461046FDF762FE3B6A9B6A002BB6
:103600000BD04FF0500383F31188BFF36F8FBFF3DC
:103610004F8F7B6100BF00BFFDE73B6ADA6A0C4B4E
:103620001B68DB6A9A4207D90A4B4FF080521A6036
:10363000BFF34F8FBFF36F8F00F0C8FD7B6A184652
:103640002837BD4680BD00BF18160020401100205D
:103650003C11002004ED00E080B58EB000AFF860B2
:10366000B9603B601346FB7101237B63FB68002B51
:103670000BD14FF0500383F31188BFF36F8FBFF36B
:103680004F8F7B6200BF00BFFDE700F031FEFB689B
:103690003B63EFF311824FF0500383F31188BFF3C4
:1036A0006F8FBFF34F8F3A62FB613B6AFB623B68EF
:1036B000002B04D03B6BD3F8A0203B681A603B6B17
:1036C00093F8A43087F82B303B6B022283F8A420B8
:1036D000FB79042B2ED801A252F823F035370508C8
:1036E000F136050803370508133705081D370508A7
:1036F0003B6BD3F8A020BB681A433B6BC3F8A020F8
:1037000018E03B6BD3F8A0305A1C3B6BC3F8A020E9
:1037100010E03B6BBA68C3F8A0200BE097F82B30A1
:10372000022B04D03B6BBA68C3F8A02001E0002351
:103730007B6300BF97F82B30012B48D13B6B9B6A12
:10374000002B0BD04FF0500383F31188BFF36F8F22
:10375000BFF34F8FBB6100BF00BFFDE7214B1B686C
:10376000002B1DD13B6B04331846FDF703FE3B6B6A
:10377000DA6A1D4B1B689A4203D93B6BDB6A1A4A13
:1037800013603B6BDA6A13469B0013449B00174A95
:103790001A443B6B043319461046FDF790FD05E0D3
:1037A0003B6B183319461248FDF789FD3B6BDA6A0B
:1037B000104B1B68DB6A9A4209D93B6C002B03D083
:1037C0003B6C01221A6002E00B4B01221A60FB6A7B
:1037D0007B617B6983F3118800BF7B6B18463837A8
:1037E000BD4680BD3816002018160020401100206C
:1037F000D01500203C1100202416002080B584B094
:1038000000AF78603960214B1B68FB60204B1B6860
:1038100004331846FDF7AEFD7B68B3F1FF3F0AD1D4
:103820003B68002B07D01A4B1B6804331946194814
:10383000FDF745FD26E0FA687B681344BB60144B36
:103840001B68BA685A60BA68FB689A4209D2124B80
:103850001A680F4B1B68043319461046FDF752FDDA
:1038600010E00E4B1A680A4B1B68043319461046C9
:10387000FDF748FD0A4B1B68BA689A4202D2084A13
:10388000BB68136000BF1037BD4680BD1416002012
:103890003C110020FC150020CC150020C81500208C
:1038A0003016002080B58AB004AF00237B6100F0A1
:1038B0002DFB1D4B1B68002B21D00023FB60002338
:1038C000BB603A1D07F1080107F10C031846FDF72C
:1038D000B1FC7968BB68FA680292019302230093F5
:1038E00000230A4611491248FEF798FD0346114A83
:1038F0001360104B1B68002B01D001237B617B6997
:10390000002B0BD14FF0500383F31188BFF36F8F5F
:10391000BFF34F8F3B6100BF00BFFDE77B691846D7
:103920001837BD4680BD00BF6C160020447D0508D9
:10393000013B05087016002080B588B002AFF86022
:10394000B9607A603B60302000F012FD78617B69DD
:10395000002B0DD07B6901933B6A00933B687A682A
:10396000B968F86800F009F87B69002283F82C2018
:103970007B6918461837BD4680BD80B586B000AF5C
:10398000F860B9607A603B60BB68002B0BD14FF0E8
:10399000500383F31188BFF36F8FBFF34F8F7B61A9
:1039A00000BF00BFFDE77B6A002B15D000F0AEFA28
:1039B0007B6AFA681A607B6ABA689A617B6A7A687D
:1039C000DA617B6A3A681A627B6A3A6A5A627B6A8F
:1039D00004331846FDF767FC00BF1837BD4680BDAD
:1039E00080B58AB000AFF860B9607A603B600023B0
:1039F0007B62FB68002B0BD14FF0500383F31188DF
:103A0000BFF36F8FBFF34F8F3B6200BF00BFFDE777
:103A1000194B1B68002B2AD0BB683B617B687B611C
:103A2000FB68BB61BB68052B18DCFFF783FB034613
:103A3000022B09D1104B186807F1100100233A6BD3
:103A4000FDF778FE786212E00B4B186807F1100161
:103A500000230022FDF76EFE786208E0064B18682E
:103A600007F1100100233A68FDF766FF78627B6A70
:103A700018462837BD4680BD6C16002080B588B03A
:103A800002AF786039601D4B1B68DB68DB687B61C7
:103A90007B6904331846FDF76DFC7B69DB69012BFC
:103AA00023D17B699A697B68D1187B683A68786909
:103AB00000F0CCF80346002B17D00023009300231E
:103AC0007A6800217869FFF78BFF38613B69002B2A
:103AD0000BD14FF0500383F31188BFF36F8FBFF307
:103AE0004F8FFB6000BF00BFFDE77B695B6A7869B1
:103AF000984700BF1837BD4680BD00BF6416002040
:103B000080B584B000AF786007F10803184600F074
:103B100059F8F860BB681946F86800F005F800F03D
:103B2000D7F800BFF0E7000080B584B000AF786040
:103B30003960FEF7CDFE07F10803184600F066F87D
:103B4000F860BB68002B30D13B68002B0AD17A6843
:103B5000FB689A4206D8FEF7C9FEF9687868FFF755
:103B60008DFF24E03B68002B08D0134B1B681B68BB
:103B7000002B0CBF01230023DBB23B600F4B186806
:103B80007A68FB68D31A3A681946FEF713FCFEF709
:103B9000ADFE0346002B0AD1094B4FF080521A604C
:103BA000BFF34F8FBFF36F8F01E0FEF79FFE00BFA3
:103BB0001037BD4680BD00BF681600206C1600207F
:103BC00004ED00E080B485B000AF78600E4B1B6858
:103BD0001B68002B0CBF01230023DBB21A467B6855
:103BE0001A607B681B68002B05D1074B1B68DB68DC
:103BF0001B68FB6001E00023FB60FB68184614377C
:103C0000BD4680BC704700BF6416002080B584B0FC
:103C100000AF7860FEF708FFF8600B4B1B68FA688E
:103C20009A4205D200F010F97B6801221A6002E086
:103C30007B6800221A60044AFB681360FB68184620
:103C40001037BD4680BD00BF7416002080B586B019
:103C500000AFF860B9607A603B6000237B61FB686D
:103C6000BA685A60FB68FA681A61BA687B689A4257
:103C700012D87A683B68D21AFB689B699A4202D3D1
:103C800001237B611BE0104B1A68FB680433194663
:103C90001046FDF737FB12E07A683B689A4206D27D
:103CA000BA683B689A4202D301237B6107E0074B65
:103CB0001A68FB68043319461046FDF723FB7B693D
:103CC00018461837BD4680BD6816002064160020CF
:103CD00080B58EB002AFA5E07B68002B19DA3B1DE2
:103CE0000433FB62FB6A002B0BD14FF0500383F3CC
:103CF0001188BFF36F8FBFF34F8FFB6100BF00BF11
:103D0000FDE7FB6A1B68FA6A5068FA6A9268114616
:103D100098477B68002BC0F28580FB68BB62BB6A5A
:103D20005B69002B04D0BB6A04331846FDF722FB05
:103D30003B461846FFF76AFF78627B68092B6CD810
:103D400001A252F823F000BF713D0508713D05083E
:103D5000713D05081B3E0508CF3D0508093E0508D5
:103D6000713D0508713D05081B3E0508CF3D05085E
:103D7000BA68BB6A9B69D118BB687A6AB86AFFF7F0
:103D800065FF0346002B4AD0BB6A5B6AB86A984756
:103D9000BB6ADB69012B42D1BA68BB6A9B691A44D2
:103DA0000023009300230021B86AFFF719FE386250
:103DB0003B6A002B33D14FF0500383F31188BFF3DC
:103DC0006F8FBFF34F8FBB6100BF00BFFDE7BA68C5
:103DD000BB6A9A61BB6A9B69002B0BD14FF0500301
:103DE00083F31188BFF36F8FBFF34F8F7B6100BFE9
:103DF00000BFFDE7BB6A9A697B6AD1187B6A7A6A61
:103E0000B86AFFF723FF0DE0BB6A93F82C30002B54
:103E100007D1B86A00F078FB03E000BF02E000BF02
:103E200000E000BF074B1B68391D00221846FDF754
:103E3000AFFE0346002B7FF44FAF00BF00BF30370B
:103E4000BD4680BD6C16002080B588B002AF46E04C
:103E50002C4B1B68DB681B683B612A4B1B68DB68CB
:103E6000DB68FB60FB6804331846FDF783FAFB68E8
:103E70005B6AF8689847FB68DB69012B2FD1FB6808
:103E80009B693A691344BB60BA683B699A420ED990
:103E9000FB68BA685A60FB68FA681A61194B1A68BD
:103EA000FB68043319461046FDF72CFA17E000238F
:103EB000009300233A690021F868FFF791FD7860CC
:103EC0007B68002B0BD14FF0500383F31188BFF3B5
:103ED0006F8FBFF34F8F3B6000BF00BFFDE7094B03
:103EE0001B681B68002BB3D1064B1B687B61064B1C
:103EF0001B68044A1360044A7B69136000BF1837CB
:103F0000BD4680BD641600206816002080B582B0D2
:103F100002AF00F02BF9154B1B68002B20D1144881
:103F2000FDF7A2F91348FDF79FF9134B104A1A60E9
:103F3000124B104A1A6000230093114B114A1021B2
:103F40000A20FDF7ABFA0346084A1360074B1B68CB
:103F5000002B05D0054B1B680B491846FEF7D8F916
:103F600000F034F900BFBD4680BD00BF6C160020D4
:103F70003C16002050160020641600206816002011
:103F800018170020781600204C7D050880B485B0F5
:103F900000AFF860B9607A60FB68043BFB60FB68C7
:103FA0004FF080721A60FB68043BFB60BB6823F033
:103FB0000102FB681A60FB68043BFB60084AFB686F
:103FC0001A60FB68143BFB607A68FB681A60FB6848
:103FD000203BFB60FB6818461437BD4680BC704729
:103FE000E53F050880B485B000AF00237B60124B2D
:103FF0001B68B3F1FF3F0BD04FF0500383F31188E0
:10400000BFF36F8FBFF34F8FFB6000BF00BFFDE7B3
:104010004FF0500383F31188BFF36F8FBFF34F8FBF
:10402000BB6000BF00BF7B68002BFCD000BF00BF9F
:104030001437BD4680BC70475800002000000000C7
:10404000074B19680868B0E8F00F80F30988BFF3E0
:104050006F8F4FF0000080F311884EF00D0E704707
:104060003C11002000BF00BF06480068006880F3D4
:10407000088862B661B6BFF34F8FBFF36F8F00DF62
:1040800000BF00BF08ED00E080B584B000AF324B48
:10409000FB60FB681B78DBB27B60FB68FF221A7059
:1040A000FB681B78DBB2FB70FB78DBB203F05003DC
:1040B000DAB22A4B1A702A4B07221A6009E0284B01
:1040C0001B68013B264A1360FB78DBB25B00DBB266
:1040D000FB70FB78DBB203F08003802BEFD0204B2A
:1040E0001B68C3F10703042B0BD04FF0500383F37D
:1040F0001188BFF36F8FBFF34F8FBB6000BF00BF4E
:10410000FDE7174B1B681B02154A1360144B1B6815
:1041100003F4E063124A13607B68DAB2FB681A703A
:10412000104B1B680F4A43F4700313600D4B1B6860
:104130000C4A43F07043136000F0B8F80A4B0022B9
:104140001A60FFF791FFFEF74FFDFFF74BFF0023CB
:1041500018461037BD4680BD00E400E06817002017
:104160006C17002020ED00E05800002080B483B0E0
:1041700000AF4FF0500383F31188BFF36F8FBFF38D
:104180004F8F7B6000BF0F4B1B6801330D4A1360DC
:104190000C4B1B68012B10D10B4B1B68DBB2002BA7
:1041A0000BD04FF0500383F31188BFF36F8FBFF331
:1041B0004F8F3B6000BF00BFFDE700BF0C37BD461F
:1041C00080BC70475800002004ED00E080B483B04C
:1041D00000AF124B1B68002B0BD14FF0500383F341
:1041E0001188BFF36F8FBFF34F8F7B6000BF00BF9D
:1041F000FDE70A4B1B68013B084A1360074B1B682D
:10420000002B05D100233B603B6883F3118800BF7E
:1042100000BF0C37BD4680BC704700BF580000206F
:10422000EFF30980BFF36F8F0D4B1A6820E9F00F91
:1042300010602DE908404FF0500080F31188FEF720
:10424000D3FC4FF0000080F31188BDE808401968E6
:104250000868B0E8F00F80F30988BFF36F8F7047EC
:104260003C11002000BF00BF80B582B000AF4FF00E
:10427000500383F31188BFF36F8FBFF34F8F7B60C1
:1042800000BFFEF7F1FB0346002B03D0064B4FF0B7
:1042900080521A6000233B603B6883F3118800BFA3
:1042A00000BF0837BD4680BD04ED00E080B400AF1C
:1042B0000A4B00221A600A4B00221A60094B1B6845
:1042C000094AA2FB03239B09084A013B1360034BE5
:1042D00007221A6000BFBD4680BC704710E000E0B6
:1042E00018E000E04C000020D34D621014E000E024
:1042F00080B485B000AFEFF30583FB60FB680F2B44
:1043000015D9174AFB6813441B78FB72154B1B78B1
:10431000FA7A9A420BD24FF0500383F31188BFF31D
:104320006F8FBFF34F8F7B6000BF00BFFDE70E4B69
:104330001B6803F4E0620D4B1B689A420BD94FF0E7
:10434000500383F31188BFF36F8FBFF34F8F3B6030
:1043500000BF00BFFDE700BF1437BD4680BC7047FB
:10436000F0E300E0681700200CED00E06C1700207F
:1043700080B58AB000AF78600023FB61FEF7A8FA31
:104380005C4B1B68002B01D100F01AF95A4B1A68DC
:104390007B681340002B40F090807B68002B1ED080
:1043A00008227B6813447B607B6803F00703002BC3
:1043B00015D07B6823F0070308337B607B6803F02C
:1043C0000703002B0BD04FF0500383F31188BFF38A
:1043D0006F8FBFF34F8F7B6100BF00BFFDE77B682E
:1043E000002B6AD0454B1B687A689A4265D8444BCB
:1043F0003B62434B1B687B6204E07B6A3B627B6AE7
:104400001B687B627B6A5B687A689A4203D97B6A25
:104410001B68002BF1D1374B1B687A6A9A424CD04B
:104420003B6A1B6808221344FB617B6A1A683B6A7B
:104430001A607B6A5A687B68D21A08235B009A422A
:1044400020D97A6A7B681344BB61BB6903F0070318
:10445000002B0BD04FF0500383F31188BFF36F8F05
:10446000BFF34F8F3B6100BF00BFFDE77B6A5A6817
:104470007B68D21ABB695A607B6A7A685A60B869ED
:1044800000F000F91D4B1A687B6A5B68D31A1B4A5F
:1044900013601A4B1A681B4B1B689A4203D2174BC6
:1044A0001B68184A13607B6A5A68134B1B681A43CF
:1044B0007B6A5A607B6A00221A60FEF717FAFB6972
:1044C000002B01D1EEF752FCFB6903F00703002B30
:1044D0000BD04FF0500383F31188BFF36F8FBFF3FE
:1044E0004F8FFB6000BF00BFFDE7FB691846283710
:1044F000BD4680BD78670020846700207C6700206F
:10450000706700208067002080B586B000AF7860BB
:104510007B687B617B68002B4AD008235B427A6909
:1045200013447B617B693B613B695A68224B1B6882
:104530001340002B0BD14FF0500383F31188BFF3CE
:104540006F8FBFF34F8FFB6000BF00BFFDE73B697C
:104550001B68002B0BD04FF0500383F31188BFF37F
:104560006F8FBFF34F8FBB6000BF00BFFDE73B699C
:104570005A68114B1B681340002B19D03B691B680C
:10458000002B15D13B695A680B4B1B68DB431A4063
:104590003B695A60FEF79CF93B695A68074B1B68F8
:1045A0001344064A1360386900F06CF8FEF79EF970
:1045B00000BF1837BD4680BD846700207C6700209F
:1045C00080B485B000AF4FF4A043BB60274BFB60C5
:1045D000FB6803F00703002B0CD0FB680733FB607C
:1045E000FB6823F00703FB60BA68FB68D31A1F4A15
:1045F0001344BB60FB687B601D4A7B6813601C4BE7
:1046000000225A607B68BA681344FB600822FB688A
:104610009B1AFB60FB6823F00703FB60FB68154AED
:104620001360144B1B6800225A60124B1B68002257
:104630001A607B683B603B68FA68D21A3B685A6034
:104640000C4B1A683B681A603B685B680A4A136047
:104650003B685B68094A1360094B4FF000421A60DF
:1046600000BF1437BD4680BC704700BF70170020E4
:104670007067002078670020806700207C6700203A
:104680008467002080B485B000AF7860274BFB6062
:1046900002E0FB681B68FB60FB681B687A689A4253
:1046A000F7D8FB68BB60FB685B68BA6813447A683C
:1046B0009A4208D1FB685A687B685B681A44FB68B9
:1046C0005A60FB687B607B68BB607B685B68BA682C
:1046D0001A44FB681B689A4218D1FB681A68144B8D
:1046E0001B689A420DD07B685A68FB681B685B6840
:1046F0001A447B685A60FB681B681A687B681A60FA
:1047000008E00B4B1A687B681A6003E0FB681A68C4
:104710007B681A60FA687B689A4202D0FB687A6804
:104720001A6000BF1437BD4680BC70477067002018
:104730007867002080B400AFBFF34F8F00BF064BF7
:10474000DB6803F4E0620449044B1343CB60BFF31E
:104750004F8F00BF00BFFDE700ED00E00400FA0549
:1047600080B483B000AF78600B46FB707B6893F831
:104770000231CF2B20D87B6893F8013119467B6832
:10478000FA785A547B6893F8013101335A42DBB20C
:10479000D2B258BF5342DAB27B6883F801217B68FA
:1047A000002283F803217B6893F802310133DAB2E7
:1047B0007B6883F8022110E07B68012283F80321E3
:1047C0007B6893F8003101335A42DBB2D2B258BF52
:1047D0005342DAB27B6883F8002100BF0C37BD4634
:1047E00080BC704780B582B000AF786039607B686C
:1047F00093F802311A463968786800F005F80346E4
:1048000018460837BD4680BD80B586B000AFF86059
:10481000B9601346FB71FB6893F80231002B02D09C
:10482000FB79002B01D1002337E00023FB7519E051
:10483000FB6893F800311946FB7DBA681344FA68A7
:10484000525C1A70FB6893F8003101335A42DBB2B4
:10485000D2B258BF5342DAB2FB6883F80021FB7D25
:104860000133FB75FA7DFB799A4205D2FB6893F818
:104870000231FA7D9A42DBD3FB6893F80221FB7D7B
:10488000D31ADAB2FB6883F80221FB68002283F8AE
:104890000321F86800F005F8FB7D18461837BD467F
:1048A00080BD80B483B000AF78607B68002283F85D
:1048B00000217B68002283F801217B68002283F8B5
:1048C00002217B68002283F8032100BF0C37BD461C
:1048D00080BC704780B584B002AF7860464B1B78CF
:1048E000022B00F284807B6803F5A0731846FFF763
:1048F000D8FF7B681B78032B09D1404A7968404870
:10490000FCF7E2F802467B68C3F8302135E07B68AB
:104910001B78042B30D13B4A79683B48FCF7D4F82C
:1049200002467B68C3F830217B68B3F82231194610
:104930007B68D3F83831354A009200223448FEF7BC
:10494000FBFF02467B68C3F838217B68D3F8383117
:10495000002B01D100BFFDE72E4A10210520FCF7F6
:10496000E5FA02467B68C3F82C217B68D3F82C312A
:10497000002B02D100BFFDE7FEE77B68D3F83031A2
:10498000002B01D100BFFDE77B68D3F83431224A08
:104990000092002205212148FEF7CEFF02467B68E7
:1049A000C3F834217B68D3F83431002B01D100BF28
:1049B000FDE71B4A01210120FCF75EF902467B68F6
:1049C000C3F83C217B68D3F83C31002B01D100BFF8
:1049D000FDE7094B1B781946124A7B6842F82130E3
:1049E000054B1B780133DAB2034B1A7000E0FEE787
:1049F0000837BD4680BD00BF94670020DC7F0508F6
:104A0000214C05080080050851510508C54B0508D3
:104A1000987D0508C47F0508414B0508A87D050859
:104A2000248005088867002080B582B000AF7860D8
:104A30007B6893F84432012B10D07B6893F84432A2
:104A4000032B0BD07B6893F84432022B06D07B6893
:104A500093F84432042B01D000BFFDE77B6893F844
:104A60004432042B01D100BFFDE77B6893F8443248
:104A7000012B04D07B6893F84432042B41D17B682E
:104A8000DB68002B07D07B68D8687B681B8A002214
:104A90001946F7F764FA7B681B78032B06D17B680D
:104AA000D3F81831002B01D100BFFDE700BF7B68B0
:104AB0005B681846FBF70AFD0346202BF7D17B689D
:104AC00058687B6803F5937301221946FBF71AF9BE
:104AD0000346002B01D000BFFDE77B681B7A002B4B
:104AE00005D07B681B78042B01D100BFFDE77B68F4
:104AF0001B7A002B05D17B681B78032B01D100BFEB
:104B0000FDE77B68002283F813217B6893F813216B
:104B10007B6883F814217B680022A3F820217B683E
:104B2000B3F820217B68A3F81E217B68B3F81E210F
:104B30007B68A3F81C2100BF0837BD4680BD00007C
:104B400080B586B002AF78600023FB602AE01B4A84
:104B5000FB6852F82330D3F834317A689A421ED178
:104B6000164AFB6852F823301B78042B0CD1134AE9
:104B7000FB6852F82330D3F8380100230093002358
:104B800000220321FEF72CFF0C4AFB6852F8233069
:104B9000D3F83001002303220021FEF7AFFCFB68AD
:104BA0000133FB60064B1B781A46FB689342CEDB51
:104BB00000BF00BF1037BD4680BD00BF8867002022
:104BC0009467002080B584B000AF78600023FB605C
:104BD00017E0114AFB6852F82330D3F838317A686D
:104BE0009A420BD10C4AFB6852F82330D3F83001BB
:104BF000002303226FF00701FEF780FCFB680133FE
:104C0000FB60064B1B781A46FB689342E1DB00BF52
:104C100000BF1037BD4680BD886700209467002024
:104C200080B586B000AF78607B683B613B6900224D
:104C30009A743B6993F84432012B04D03B6993F892
:104C40004432042B17D14FF0FF310120FEF70AFC4C
:104C5000386900F061FC034613F1030F0BD13B6987
:104C6000FD229A743B69B3F8203101339AB23B6953
:104C7000A3F82021FDE03B6993F81331062B03D8FC
:104C80003B69FA229A74F4E03B69012283F82821F7
:104C90003B69DB7C002B03D13B69002283F8282190
:104CA0003B69DA7C3B691B7A9A4205D03B6993F8F1
:104CB0002831002B40F0DC80386900F0A9FC034665
:104CC000FB73FB7B002B14D0FB7B3969184600F08B
:104CD000D9FD386900F0F3FD97F90F203B699A740C
:104CE0003B69B3F8203101339AB23B69A3F8202124
:104CF000BFE03B6900229A743B69D3F83C314FF026
:104D0000FF311846FDF726F83B69062283F8132188
:104D10003B691B7D3B723B695A7D3B699B7D194614
:104D20001046F6F781FA03467B813B69DA7D3B69E1
:104D30001B7E19461046F6F777FA0346BB813B699E
:104D400093F82831002B74D03B691B7D013B052B68
:104D50006ED801A252F823F0714D0508714D050877
:104D6000894D0508A14D0508B94D0508D14D050827
:104D700007F1080319463869F0F770F903461A4637
:104D80003B6983F8272154E007F108031946386985
:104D9000F0F7F3F903461A463B6983F8272148E008
:104DA00007F1080319463869F0F73EFA03461A4638
:104DB0003B6983F827213CE007F10803194638696D
:104DC000F0F74EFC03461A463B6983F8272130E092
:104DD0007B89132B20D1BB8940F21F2293421BD128
:104DE000386900F06CFD3B69082283F82721002315
:104DF0007B6103E000BF7B6901337B617B691D4AF6
:104E00009342F7D93B69D3F83C01002300220021EB
:104E1000FCF790FCFFF78EFC07F108031946386990
:104E2000F0F737FC03461A463B6983F8272100E078
:104E300000BF3B6993F91230002B0DD03B6993F909
:104E4000123013F1080F07D03B6993F91230DBB22F
:104E50003969184600F016FD386900F030FD3B69ED
:104E6000D3F83C01002300220021FCF763FC00E0A2
:104E700000BFDBE63F420F0084B080B584B000AFD6
:104E8000786007F11C0080E80E000023BB737B688C
:104E9000D3F83C314FF0FF311846FCF75BFF7B68DD
:104EA0001B7A002B01D0FF23BB737B6893F927315A
:104EB000002B01D0FE23BB733B7F002B02D03B7F36
:104EC000F72B01D9F723BB73BB7B002B0ED097F9CF
:104ED0000E207B689A747B68D3F83C010023002283
:104EE0000021FCF727FC97F90E3029E17A6A7B68EC
:104EF000C3F818213A7F7B68DA747A7F7B681A7569
:104F0000FB8B1B0A9BB2DAB27B685A75FB8BDAB259
:104F10007B689A757B7F013B0F2B00F2FE8001A21C
:104F200052F823F0654F0508654F0508654F0508E1
:104F3000654F0508834F0508A54F05081B51050857
:104F40001B5105081B5105081B5105081B5105087D
:104F50001B5105081B5105081B510508C74F0508C3
:104F6000855005083B8C1B0A9BB2DAB27B68DA7568
:104F70003B8CDAB27B681A767B68062283F81321B1
:104F8000CBE07B6A1B88002B01D0FF2200E00022CF
:104F90007B68DA757B6800221A767B68062283F8C4
:104FA0001321BAE07B6A1B881B0A9BB2DAB27B68CA
:104FB000DA757B6A1B88DAB27B681A767B68062210
:104FC00083F81321A9E03B8C1B099BB27B727B7A8F
:104FD0005B00FB733B8C03F00F039BB2002B05D0EF
:104FE000FB7B0133FB737B7A01337B723B8C1B0AA7
:104FF0009BB2DAB27B68DA753B8CDAB27B681A76E0
:105000007B68FA7B5A767B68072283F8132100239A
:10501000BB8131E0BB8903F001039BB2002B0FD0B1
:105020007A6ABB895B089BB25B0013441A887B6871
:1050300093F813311946D2B27B680B44DA7410E04E
:105040007A6ABB895B089BB25B0013441B881B0A0E
:105050009AB27B6893F813311946D2B27B680B443D
:10506000DA747B6893F813310133DAB27B6883F822
:105070001321BB890133BB81FB7B9BB2BA899A4266
:10508000C8D34AE03B8C1B0A9BB2DAB27B68DA7564
:105090003B8CDAB27B681A763B8CDBB25B00DAB20F
:1050A0007B685A767B68072283F8132100237B8173
:1050B0002EE07A6A7B895B0013441B881B0A9AB234
:1050C0007B6893F813311946D2B27B680B44DA74CB
:1050D0007B6893F813310133DAB27B6883F81321CC
:1050E0007A6A7B895B0013441A887B6893F81331D2
:1050F0001946D2B27B680B44DA747B6893F813319B
:105100000133DAB27B6883F813217B8901337B8119
:105110003B8C7A899A42CCD300BF786800F0CFFBF1
:105120007B68D3F83C01002300220021FCF702FB3E
:105130007B68012283F827217B6800229A74002370
:1051400018461037BD46BDE8804004B0704700BF28
:1051500080B58CB002AF78607B687B627B6AD3F8E5
:105160002C3107F10C014FF0FF321846FCF710FD0F
:105170007B6A5B685B68B3F5964F0BD87B6A5B68AC
:105180005B6848F6B802B2FBF3F302331846FBF74C
:1051900045FD02E00320FBF741FDBB69009307F1E9
:1051A0000C030ECB786AFFF767FE4FF0FF3101204A
:1051B000FEF758F938627B6A00229A743B6A002B2A
:1051C00018D07B6A002283F827217B6AF8229A7420
:1051D0007B6AB3F8203101339AB27B6AA3F82021AD
:1051E000B8697B6A93F91230194600230322FEF74F
:1051F00085F999E0786A00F08FF97B6A93F81331AA
:10520000052B18D87B6A002283F827217B6AFA22B3
:105210009A747B6AB3F8203101339AB27B6AA3F89F
:105220002021B8697B6A93F91230194600230322C2
:10523000FEF764F978E07B6AD3F838010023009325
:10524000002300220321FEF7CBFB786A00F0F4F87C
:105250000346FB7797F91F30002B10D07B6A0022A2
:1052600083F827217B6AFA7F9A74B8697B6A93F97D
:105270001230194600230322FEF740F954E07B6AFE
:10528000FA7F9A747B6AD3F83C314FF0FF311846AD
:10529000FCF760FD7B6A1B7D013B0F2B2AD801A226
:1052A00052F823F0E5520508E5520508ED520508CD
:1052B000ED520508F5520508F5520508F5520508A6
:1052C000F5520508F5520508F5520508F55205088E
:1052D000F5520508F5520508F5520508F55205087E
:1052E000F5520508786A00F021F804E0786A00F0C9
:1052F00074F800E000BF7B6A002283F827217B6AF4
:1053000093F91230002B0ED17B6AD3F83C010023B5
:1053100000220021FCF70EFAB869002303226FF087
:105320000A01FEF7EBF800BF18E700BF90B585B0A3
:1053300000AF78600323BB730023FB7343E0FB7B68
:1053400003F00103DBB2002B1CD0FA7BBB7B1344C0
:105350007A681344D87C7B68D3F81821FB7B5B0800
:10536000DBB25B0013441B88D9B27B68D3F81821E9
:10537000FB7B5B08DBB25B00D41800F02BFA034622
:1053800023801DE07B68D3F81821FB7B5B08DBB230
:105390005B0013441B881B0A9BB2D8B2FA7BBB7B11
:1053A00013447A681344D97C7B68D3F81821FB7BBB
:1053B0005B08DBB25B00D41800F00CFA03462380D4
:1053C000FB7B0133FB737B685B7DFA7B9A42B6D330
:1053D00000BF00BF1437BD4690BD90B585B000AF8B
:1053E00078600323FB730023BB7318E0FB7B7A68B0
:1053F0001344D87CFB7B01337A681344D97C7B68E7
:10540000D3F81821BB7B5B00D41800F0E3F9034606
:105410002380FB7B0233FB73BB7B0133BB737B6855
:105420005B7D5B08DBB2BA7B9A42DFD300BF00BF73
:105430001437BD4690BD000080B584B000AF7860E1
:105440007B6893F81331023B7A681344DB7C1BB210
:105450001B021AB27B6893F81331013B79680B4445
:10546000DB7C1BB213431BB2BB817B6803F11302CD
:105470007B6893F81331023BDBB21946104600F00B
:10548000BBF903461A46BB89934209D07B68B3F83F
:10549000203101339AB27B68A3F82021FC2334E049
:1054A0007B681B7D5BB2002B09DA7B68B3F8203187
:1054B00001339AB27B68A3F82021FB2325E0002367
:1054C000FB730023BB730CE0BB7B124AD25C7B688E
:1054D0001B7D9A4202D10123FB7305E0BB7B0133A4
:1054E000BB73BB7B052BEFD9FB7B83F00103DBB2E6
:1054F000002B09D07B68B3F8203101339AB27B6866
:10550000A3F82021012300E0002318461037BD46F0
:1055100080BD00BF3480050890B587B002AF7860C9
:105520007B6893F84432012B04D17B685B68184692
:10553000FAF70EFC7B6893F84332002B09D07B68A6
:1055400003F5A0731846FFF7ACF94FF6FD73FB8126
:1055500019E07B6803F5A0727B6813331946104687
:10556000FFF740F903461A467B6883F813217B68EE
:10557000B3F81C3101339AB27B68A3F81C217B6815
:1055800093F81331FB817B6893F84432012B37D1B8
:105590000023BB6013E0BB680133BB60BB68052B15
:1055A00005D97B685B681846FAF727FB0FE0174BB5
:1055B0004FF080521A60BFF34F8FBFF36F8F7B683D
:1055C0005B681846FAF782FF0346202BE3D17B681D
:1055D00058687B6803F5937301221946FAF792FB2A
:1055E0000346002B0CD07B68D3F83441FDF71CFA3E
:1055F000024600230093002301212046FEF7F0F924
:10560000B7F90E3018461437BD4690BD04ED00E0E2
:1056100080B586B000AF78607B6893F81331023BA9
:105620007A681344DB7C1BB21B021AB27B6893F8C6
:105630001331013B79680B44DB7C1BB213431BB273
:10564000BB827B6803F113027B6893F81331023B42
:10565000DBB21946104600F0CFF803461A46BB8A63
:10566000934209D07B68B3F8203101339AB27B684A
:10567000A3F82021FC23A7E00023FB750023BB75C2
:105680000CE0BB7D524AD25C7B681B7D9A4202D102
:105690000123FB7505E0BB7D0133BB75BB7D052B8D
:1056A000EFD9FB7D83F00103DBB2002B09D07B68CF
:1056B000B3F8203101339AB27B68A3F8202101238B
:1056C00082E07B685A7D7B689B7D1946104600F01E
:1056D00081F803467B827B68DA7D7B681B7E1946F6
:1056E000104600F077F803463B827B681B7D013B48
:1056F000052B68D801A252F823F000BF1557050802
:105700002F57050849570508635705087D570508B1
:10571000975705083A8A7B8A11461846EEF7AAFF82
:105720000346FB73FB7B002B42D0FB7B4CE03A8AA9
:105730007B8A11461846EEF7CDFF0346FB73FB7BD1
:10574000002B37D0FB7B3FE03A8A7B8A1146184614
:10575000EEF7E2FF0346FB73FB7B002B2CD0FB7BB9
:1057600032E03A8A7B8A11461846EFF735F803464D
:10577000FB73FB7B002B21D0FB7B25E03A8A7B8AE5
:1057800011461846EFF7BBF80346FB73FB7B002B73
:1057900016D0FB7B18E03A8A7B8A11461846EFF751
:1057A000F1F80346FB73FB7B002B0BD0FB7B0BE07C
:1057B00000BF08E000BF06E000BF04E000BF02E059
:1057C00000BF00E000BF002318461837BD4680BD6B
:1057D0003480050880B485B000AF03460A46FB71EB
:1057E0001346BB71BB793B73FB797B73BB8918464E
:1057F0001437BD4680BC704780B487B000AF786076
:105800000B46FB704FF6FF737B610023FB7423E0B4
:10581000FB7C7A6813441B781A467B6953407B6192
:105820000123BB7412E07B6903F00103BB607B6959
:105830005B087B61BB68002B05D07B6983F4204348
:1058400083F001037B61BB7C0133BB74BB7C082B01
:10585000E9D9FB7C0133FB74FA7CFB789A42D7D3FD
:105860007B691B0AFB607B691B02FA6813437B613F
:105870007B699BB27B617B699BB218461C37BD4636
:1058800080BC704780B483B000AF03463960FB71C1
:105890003B681A7A3B68DA743B681B7D63F07F03D0
:1058A000DAB23B681A753B68FA795A753B6803228D
:1058B00083F8132100BF0C37BD4680BC704790B5FC
:1058C00087B002AF78607B681B78032B11D17B68AF
:1058D00093F82831002B0CD17B68002283F8132128
:1058E0007B68B3F81E3101339AB27B68A3F81E219E
:1058F00086E07B6803F113027B6893F81331194645
:105900001046FFF779FF0346FB81FB891B0A9AB219
:105910007B6893F813311946D2B27B680B44DA7472
:105920007B6893F813310133DAB27B6883F8132173
:105930007B6893F813311946FB89DAB27B680B4414
:10594000DA747B6893F813310133DAB27B6883F839
:1059500013217B68DB68002B0CD07B685B681846E2
:10596000FAF74EFD7B68D8687B681B8A01221946CE
:10597000F6F7F5FA7B6858687B6803F113017B68DA
:1059800093F813311A46FAF788F9FA210120FDF746
:1059900069FD00BF7B685B681B681B6803F0400300
:1059A000002BF7D07B68DB68002B0CD07B68D868B5
:1059B0007B681B8A00221946F6F7D1FA7B685B6880
:1059C0001846FAF750FD7B681B78042B0CD17B68D6
:1059D000D3F83841FDF728F802460023009300234E
:1059E00002212046FDF7FCFF7B68002283F813218B
:1059F0007B68B3F81E3101339AB27B68A3F81E218D
:105A00001437BD4690BD000080B586B002AF786007
:105A10000023BB600023FB6019E0174AFB6852F8C3
:105A200023305B687A689A420ED1134AFB6852F8B9
:105A30002330D3F8300107F108030093002300223C
:105A40000021FDF709FE08E0FB680133FB600B4B0A
:105A50001B781A46FB689342DFDBBB68002B07D03C
:105A6000074B4FF080521A60BFF34F8FBFF36F8F19
:105A700000BF1037BD4680BD8867002094670020B6
:105A800004ED00E090B587B002AF78600023BB6002
:105A90000023FB6043E02D4AFB6852F823305B682B
:105AA0007A689A4238D1294AFB6852F8233093F831
:105AB0004432012B3AD1254AFB6852F8233003F5D2
:105AC000A0722249FB6851F8233093F82631194619
:105AD0001046FEF745FE1D4AFB6852F82330586811
:105AE0001A4AFB6852F8233003F5937301221946D2
:105AF000FAF708F9154AFB6852F82330D3F8344115
:105B0000FCF7A0FF024607F10803002100910721DE
:105B10002046FDF765FF09E0FB680133FB600C4B95
:105B20001B781A46FB689342B5DB00E000BFBB68F8
:105B3000002B07D0074B4FF080521A60BFF34F8FF6
:105B4000BFF36F8F00BF1437BD4690BD886700203C
:105B50009467002004ED00E090B589B002AF786052
:105B600000233B6100237B6153E0344A7B6952F898
:105B700023305B687A689A4248D1304A7B6952F890
:105B8000233093F84432012B40D17B681B681B689B
:105B900003F00803082B0AD10023FB607B681B6815
:105BA0001B68FB607B681B685B68FB60FB687B684D
:105BB0001B681B6803F00603062B0AD10023BB6099
:105BC0007B681B681B68BB607B681B685B68BB608D
:105BD000BB681A4A7B6952F8233003F5937301229C
:105BE00019467868FAF78EF8144A7B6952F8233020
:105BF000D3F83441FCF726FF024607F110030021D9
:105C0000009107212046FDF7EBFE08E07B69013398
:105C10007B610B4B1B781A467B699342A5DB3B6982
:105C2000002B07D0074B4FF080521A60BFF34F8F05
:105C3000BFF36F8F00BF1C37BD4690BD8867002043
:105C40009467002004ED00E00EB44FF4017270B5CB
:105C500000259DB021AC54F8046BADF814201B95C1
:105C600002900690EAF7E4FA0B4B03900B934FF681
:105C7000FF7307900948ADF816303246234602A953
:105C800000680F951495019400F0FCF91DB0BDE873
:105C9000704003B0704700BFA15C05085C000020A5
:105CA0000020704703460244934200D1704703F836
:105CB000011BF9E72D4B70B51B680446834253D096
:105CC000C3691BB3DB6863B10025E369DB6859591D
:105CD000B1B90435802DF8D1E3692046D96800F0C8
:105CE00081F8E369196811B1204600F07BF8E36997
:105CF0009D685DB1294620462D6800F073F8F8E7ED
:105D00000E68204600F06EF83146E1E7616911B196
:105D1000204600F067F8E16911B1204600F062F812
:105D2000216B11B1204600F05DF8616B11B1204686
:105D300000F058F8A16B11B1204600F053F8A16CA7
:105D400011B1204600F04EF8616C11B1204600F010
:105D500049F8E16A11B1204600F044F8236A1BB10A
:105D60002046BDE87040184770BD00BF5C000020B1
:105D7000014B1868704700BF5C00002070B500261A
:105D80000C4D0D4C641BA410A64209D101F040FF3C
:105D900000260A4D0A4C641BA410A64205D170BD12
:105DA00055F8043B98470136EEE755F8043B984711
:105DB0000136F2E7E8810508E8810508E881050871
:105DC000EC810508704770470A44914200F1FF33A7
:105DD00000D1704710B511F8014B914203F8014F03
:105DE000F9D110BD38B50546002940D051F8043C22
:105DF0000C1F002BB8BFE41800F0DEF81C4A136833
:105E000033B9636014602846BDE8384000F0DAB862
:105E1000A34208D9206821188B4201BF19685B682A
:105E200009182160EDE71A465B680BB1A342FAD965
:105E300011685018A0420BD12068014450188342C9
:105E40001160E0D118685B68084410605360DAE7BD
:105E500002D90C232B60D6E7206821188B4201BFA2
:105E600019685B680918216063605460CBE738BD2E
:105E7000DC68002070B50F4E0C463168054611B93C
:105E800000F032FC30602146284600F02DFC431C17
:105E900003D14FF0FF34204670BDC41C24F003042E
:105EA000A042F8D0211A284600F01EFC0130F2D1A1
:105EB000EFE700BFD86800202DE9F843CD1C25F09E
:105EC000030508350C2D38BF0C25002D064601DBD7
:105ED000A94204D90C2333600020BDE8F883DFF821
:105EE000D48000F069F8D8F800301C4644BB29463D
:105EF0003046FFF7BFFF431C044658D1D8F8004096
:105F00002746002F43D1002C4BD02368394630461A
:105F100004EB030900F0E8FB814542D121683046DB
:105F20006D1A2946FFF7A6FF01303AD023682B44AB
:105F30002360D8F800305A6862BBC8F800700FE0E0
:105F40002268521B20D40B2A17D96119A34225605D
:105F500018BF5960636808BFC8F8001062514B60F1
:105F6000304600F02FF804F10B00231D20F007004D
:105F7000C21A1CBF1B1AA350AFE76268A3420CBF32
:105F8000C8F800205A60EBE723466468AEE73C4659
:105F90007F68B6E71A465B68A342FBD100235360D3
:105FA000DEE70C233046336000F00CF894E7056020
:105FB000D6E700BFDC6800200148FFF703BF00BF41
:105FC000D46800200148FFF7FEBE00BFD46800205F
:105FD00038B54B1C144603D14FF0FF35284638BD69
:105FE0009389CDB223F020039381636B52688BB108
:105FF000A36B934208DD23685A1E226003F8015CFC
:10600000636801336360E9E7214600F034FB002850
:10601000F1D0E1E72169236851B1994208D213F820
:10602000011CA94204D1013B013223606260D5E723
:10603000C4E90F3204F1440363630323A3632346DB
:1060400003F8465F23600123DCE710B50C46496B7B
:1060500069B104F14403994201D0FFF7C3FE002067
:10606000236C6063636013B1E36B236010BD23692D
:106070004FF0FF30236000236360A38943F02003C7
:10608000A381F3E72DE9F04F0C4600210646ADF55C
:10609000237DCDE94411AB490DF10408A091AA4933
:1060A000AA4FCDF81881A191009392F80090B9F110
:1060B000000F00F0598117F80930551C13F0080340
:1060C00019D06368002B0FDD23681A78BA5C1207B9
:1060D00001D42A46E9E7459A0133013245926268C4
:1060E0002360013A6260ECE721463046A19B984765
:1060F0000028E9D0EDE7B9F1250F40F08680419303
:10610000439353782A2B04BF1023951C4FF00A02A7
:1061100008BF4193AA461AF8011BA1F13003092BCD
:106120001ED9DFF82CB20322584600F0EDFA38B140
:1061300001235546419AA0EB0B0083401343419342
:1061400015F8013B782B06D8572B10D8252B5CD09F
:1061500056D8002B74D0032347930A23429387E039
:10616000439B554602FB031130394391D2E7A3F11B
:106170005802202AEFD801A151F822F04F620508F9
:106180005761050857610508A962050857610508A8
:1061900057610508576105085761050857610508EB
:1061A0005761050857610508BF620508A562050823
:1061B00007620508076205080762050857610508B8
:1061C00061620508576105085761050857610508B0
:1061D00057610508CF62050869620508476205082E
:1061E0005761050857610508CB6205085761050826
:1061F000A562050857610508576105084F62050843
:10620000453B022BA7D8052331E06368002B0DDD49
:1062100023681A784A4540F0A780013362682360FA
:10622000459B013A01336260459352E7214630466F
:10623000A19B98470028EBD04498002840F08C8020
:106240004FF0FF308CE0419A42F020024192419A97
:1062500042F40072419210226E2B429202D905E064
:1062600000234293032302E008234293042347932D
:106270006368002B39DD419B590604D423681A78E2
:10628000BA5C120738D4479B022B47DC6B46224688
:10629000304641A900F06AF8012865D002287FF451
:1062A00018AFC9E70A22D7E72946404600F0AAF905
:1062B000419B054643F0400341930123D7E7419BAF
:1062C00043F0400341930023D1E70223CFE74198F5
:1062D000C3063FF5FEAE009B459A191D00911B6851
:1062E000C0074CBF1A801A60F3E621463046A19BD6
:1062F00098470028BFD09FE7459A013245926268CF
:10630000013A002A626002DD01332360B6E72146CC
:106310003046A19B98470028B0D08DE7042B06DCBF
:106320006B462246304641A900F07AF8B4E7094BA3
:10633000002B3FF4CEAE6B462246304641A9AFF368
:106340000080A9E7D15F05084B6005085A80050861
:106350003A80050800000000A3895B063FF570AF96
:106360000DF5237DBDE8F08F4498F9E72DE9F8435A
:1063700015468A6880460C4632B98A69002A14BFDD
:106380004FF0FF3201228A6000272268DFF88C90EC
:10639000D1065FBF1A68111D19601668A06988B11F
:1063A000012807D12B681A7863699B5C53B9002FC9
:1063B00031D022E0022820D12B681B7819F8033055
:1063C0001B071AD423680137DA065EBF2B681B78D7
:1063D00006F8013B2A686B6801322A60A268013B1B
:1063E000013A6B60A26042B1002BD7DC29464046DF
:1063F000D4F8803198470028D0D0236813F01003D8
:1064000005D1E2680132E260A26902B13370002076
:1064100023693B442361BDE8F88300BF5A80050827
:106420002DE9F04F0C469846724B87B082461646CF
:1064300093E8070003AB83E807006F4BA1696F4A3D
:106440002746032908BF1A46A36801925A1EB2F5CF
:10645000AE7F81BF6FF4AE7503EB050940F25D13AB
:10646000A36057F81C3B98BF4FF000093D464FF022
:10647000000B43F450632360316803AB02220978B8
:1064800053F82B0000F040F928B3BBF1010F59D1AC
:1064900062682AB908212268616042F400722260B1
:1064A000226822F4A0622260A268511EA16092B10B
:1064B0003268511C3160127805F8012B7268013A7C
:1064C000002A726007DC31465046D4F8802190479C
:1064D000002840F085800BF1010BBBF1030FCBD1FD
:1064E00063680BB90A236360636845496069C91A28
:1064F00000F088F84FF0000BA3682268002B3DD015
:106500003168606991F800C010F80C00002835D09F
:10651000BCF1300F24D1100522D50BF1010BB9F1DC
:10652000000F03D0013309F1FF39A3607368013B09
:10653000002B73601BDD336801333360A368013BBC
:10654000A360D9E7BBF1020FAED1226802F4C061AB
:10655000B1F5007FC4D1102142F480726160A2E7DE
:1065600022F4106222600B7805F8013BDEE7314629
:106570005046D4F8803198470028DFD02368D905E9
:106580000DD5BD4209D915F8011C32465046D4F844
:106590007C3105F1FF3998474D46BD4228D022682D
:1065A00012F0100213D12A70394663685046019EDA
:1065B000B047D8F8003021681A1DC8F8002011F043
:1065C000200F1B680FD01860E3680133E3600020E0
:1065D0002369ED1B5D442B44236107B0BDE8F08FB8
:1065E0004FF0000BCAE7CA074CBF18801860EBE7F2
:1065F0000120F2E7B47D05087568050855690508AE
:106600004E80050870B50B7804465E2B0BBF4B78A7
:106610004A1C8A1C002108BF0121013804F1FF0532
:1066200000F8011FA842FBD10BB9501E70BD81F0CC
:1066300001011046E154024612F8015B2D2D05D0F0
:106640005D2D16D0002DF1D02B46F2E746785D2E59
:10665000FAD0B342F8DC1A46023001329642A15415
:10666000FBDCF21A013AB342A8BF00225D1CAB1852
:10667000E1E71046DAE72DE9F0410C46496B04F1F9
:10668000440399421BD14FF48061FFF715FC18B900
:106690004FF0FF30BDE8F0814FF48063A36394F8BE
:1066A0004630606380F8FF3394F8453000F2FD30E7
:1066B000437094F84430037020600020EAE7A66B32
:1066C00077003A4600F02EF805460028E0D000EBAF
:1066D0000608014632464046FFF776FBC4E90D57EF
:1066E000C4F80080E9E7000038B50023054D0446F2
:1066F00008462B60F4F75CFD431C02D12B6803B104
:10670000236038BDD0680020034610B5C9B20244EA
:106710009342184601D1002003E0047801338C42F3
:10672000F6D110BD2DE9F041074614460D4621B9BA
:106730001146BDE8F041FFF7BFBB2AB9FFF752FB96
:1067400025462846BDE8F08100F006F98442064659
:1067500002D8B4EB500FF4D821463846FFF7ACFB13
:10676000804608B94546ECE7B4422246294628BF90
:106770003246FFF729FB29463846FFF733FBF1E79E
:10678000242B2DE9F0478646904601D8012B06D1EF
:10679000FFF7EEFA162303600020BDE8F0870D46F0
:1067A00033482A4615F8014B065D16F00806F8D165
:1067B0002D2C10D101262C78951C33F0100215D108
:1067C000302C0DD12A7802F0DF02582A08D16C78DB
:1067D000023510230AE02B2C04BF2C78951CECE723
:1067E000002BF6D1302C14BF0A230823002206F117
:1067F000004C0CF1FF3CBCFBF3F9104603FB19CA3B
:10680000A4F13007092F0FD83C46A3421BDD571CCB
:1068100007D0814514D301D1A24511DB012200FB31
:10682000034015F8014BEBE7A4F14107192F01D8FC
:10683000373CEAE7A4F16107192F04D8573CE4E795
:106840004FF0FF32EDE7531C08D122236046CEF80B
:106850000030B8F1000FA0D0691E06E006B140423A
:10686000B8F1000F99D0002AF6D1C8F8001094E7CB
:106870005A800508FFF784BF2DE9F04386460D4690
:10688000334E284615F8014B375D17F00807F8D14D
:106890002D2C10D101272C78851C33F0100015D138
:1068A000302C0DD1287800F0DF00582808D16C7802
:1068B000023510230AE02B2C04BF2C78851CECE752
:1068C000002BF6D1302C14BF0A2308234FF0FF38D9
:1068D000B8FBF3F8002603FB08F930466FEA090914
:1068E000A4F1300CBCF1090F10D86446A3421EDDA0
:1068F000B6F1FF3F07D0804516D301D1A14513DB88
:10690000012600FB034015F8014BE9E7A4F1410C17
:10691000BCF1190F01D8373CE8E7A4F1610CBCF1D8
:10692000190F04D8573CE1E74FF0FF36EBE7731C33
:1069300006D122233046CEF8003032B9BDE8F083CC
:1069400007B14042002AF9D006B1691E1160F5E78F
:106950005A800508FFF790BF51F8043C181F002B20
:10696000BCBF0B58C01870472DE9F84314461D46AC
:106970008046894600F018F9224606460F462B4607
:1069800020462946EAF7B2F8C8BB00220023404659
:106990004946EAF779F8B8B1002200232046294693
:1069A000EAF772F8002841D12046294600F060F845
:1069B00028B30022002320462946EAF76FF8F0B1F9
:1069C000FFF7D6F9222319E03046394600F050F897
:1069D000C8B94046494600F04BF8A0B120462946C8
:1069E00000F046F878B132463B4630463946EAF781
:1069F0007DF80028E4D0FFF7BBF92123036030467F
:106A00003946BDE8F8830022002330463946EAF7CC
:106A10003BF80028F3D04046494600F029F800280A
:106A2000EDD02046294600F023F8C8E70026014FA4
:106A3000E5E700BF0000F03F00F0E4BD38B50546D3
:106A400000F01CF8294604462846EAF7B1FB68B96D
:106A500000212846EAF784FB40B1FFF789F921239A
:106A6000002103600846EAF791FA0446204638BD43
:106A700041F0004000F58010C00F704720F0004248
:106A8000B2F1FF4F2DE9F041034604460AD3014617
:106A9000EAF7C8F901462046EAF7BCF80446204662
:106AA000BDE8F081002AFAD0002806DA0146EAF7AC
:106AB000AFF80146EAF76AFAF0E710F0FF413CD080
:106AC000C2150024192026464FF08071C3F3160327
:106AD000A2F17F0543F40003D20758BF5B006D109D
:106AE0005B0072189A42CFBF1A46561864189A1A59
:106AF00001384FEA42034FEA5101F2D1BAB1154EC3
:106B0000154F30683968EAF783F8D6F800800146F7
:106B10004046EAF72FFB50B130683968EAF77AF857
:106B2000366801463046EAF71BFB70B10234641048
:106B300004F17C5404EBC554B1E75B0018020A462B
:106B400001F10101F9D55242BBE7013424F00104FF
:106B5000EDE700BF608105085C810508C0F3C753FD
:106B60007F3B162B014610B514DC002B07DA0133EE
:106B700000F0004101D141F07E51084610BD084AA5
:106B80001A410242F9D04FF480011941014421EA2F
:106B90000201F2E7802BF0D1EAF73CF80146ECE77E
:106BA000FFFF7F00000000002DE9F04F91B0CDE91C
:106BB00000238B46DDE9001828F00047824657EA9B
:106BC000010012D153468BF40022DB185241984247
:106BD000934B934180F0CD84DDE900235046594624
:106BE000E9F734FB11B0BDE8F08F8E4B2BF0004578
:106BF0009D425E46D1460BD805D1BAF1000FEBD1CC
:106C0000AF42E9D801E09F4202D89F420FD171B153
:106C100006F1404606F5801656EA0906DCD1DDE9A4
:106C20000032DB1882F4002252419E42D0E7002E4F
:106C30002B4642DA7C4A974256D8A2F154729742C8
:106C400040F2A6843A15A2F2FF32142A18DDC2F1EE
:106C5000340221FA02F404FA02F28A4240F09884E3
:106C600004F00104C4F10204002959D1B8F1804FA5
:106C700049D152465B4650465946E9F79DFCB1E77B
:106C800000294CD1C2F1140247FA02F404FA02F2CC
:106C9000BA4240F07A8404F00104C4F10204634A69
:106CA0009742E3D1B8F1000F80F26B8452465B4605
:106CB00000205E49E9F7AAFD94E7002481BB594A08
:106CC0009742ECD105F1404303F5801353EA0903E1
:106CD00000F04F84564B9D4208D9B8F1000F80F266
:106CE0004C84002000217DE70224E7E7B8F1000F83
:106CF0004FF000004FF00001BFF674AFDDE9000374
:106D000003F100416EE74B4A904509D1002E07DBA5
:106D10005046594611B0BDE8F04F00F0A7BE002420
:106D200050465946029300F069FC029BB9F1000FEE
:106D300027D13E4A26F0404C944500D00DBBB8F117
:106D4000000F05DA02460B4600203849E9F75EFDE0
:106D5000002EBFF647AF05F1404505F580152543E8
:106D600008D102460B4610461946E9F76DFA02466D
:106D70000B469FE7012C7FF435AF01F10043194624
:106D800030E7F20F013A52EA040C02D152465B4658
:106D9000E9E74FF00009013C144314BFDFF88CA071
:106DA000DFF894A0B7F1844FCDE9029A40F2048154
:106DB000224B9F421E4B13D99D4208D8B8F1000FB9
:106DC00008DA002011B0BDE8F04F00F049BEB8F17C
:106DD000000FF6DC002011B0BDE8F04F00F03BBE24
:106DE0009D420CD2DDE9020100220023E9F756FEA4
:106DF000003818BF0120B8F1000FECDAE2E70B4BC6
:106E000000229D421CD9DDE902010023E9F746FE7C
:106E1000003818BF0120B8F1000FD3DCDBE700BF5A
:106E20000000F0FF0000F07FFFFF3F430000F03F55
:106E3000FFFFEF3F0000E03F0000F0BF0000F04325
:106E4000594BE9F701FA50A3D3E9002304460D4654
:106E5000E9F7B2FB4EA3D3E9002306460F462046CE
:106E60002946E9F7A9FB002282468B46204629469F
:106E70004E4BE9F7A1FB02460B4647A1D1E90001C1
:106E8000E9F7E2F922462B46E9F796FB02460B4664
:106E900000204749E9F7D8F92246804689462B4623
:106EA00020462946E9F788FB02460B4640464946FC
:106EB000E9F782FB3AA3D3E90023E9F77DFB024619
:106EC0000B4650465946E9F7BFF9002402460B46E7
:106ED0008046894630463946E9F7B8F932463B469E
:106EE00020460D46E9F7B0F902460B4640464946B2
:106EF000E9F7AAF9DDE90023CDE90423002304938F
:106F0000DDE904AB06460F46DDE900015B4652466B
:106F1000E9F79AF922462B46E9F74EFBDDE9002313
:106F20008046894630463946E9F746FB02460B461D
:106F300040464946E9F78AF95B4606460F465246FF
:106F400020462946E9F738FB0B460246804689462B
:106F500030463946E9F77AF9164B044699420D4610
:106F60008B4640F3FD8101F13F4303F5E00303430A
:106F700000F0DC81DDE9020100220023E9F78EFD4B
:106F8000003818BF01201DE7000000604715F73FDB
:106F900044DF5DF80BAE543E555555555555D53F1C
:106FA000FE822B654715F73F0000F03F0000D03F01
:106FB0000000E03FFFFF8F40D34A3240002A40F0FC
:106FC0007A81D24B0022E9F7F7FA6FF034040B46CE
:106FD0001A15A2F2FF3222440A92CD4AC3F31303D8
:106FE00043F07F55934245F4401508DDC94A93426A
:106FF00040F363810A9BA5F5801501330A930026AF
:10700000F3000B93C44B294603EBC603D3E90034CA
:107010001A46CDE9083423468246E9F715F9524667
:107020002B46CDE90C01DDE90801E9F70FF902462D
:107030000B460020B949E9F7E9FB02460B46CDE9CA
:107040000E01DDE90C01E9F7B7FACDE90601DDE94A
:107050000634CDE9043400230022AB466D1045F020
:107060000055049305F50025DDE9048905EB864309
:107070004046494614461D46E9F79EFA02460B462D
:10708000DDE90C01E9F7E0F8DDE9082306460F46E3
:1070900020462946E9F7D8F802460B46504659469D
:1070A000E9F7D2F842464B46E9F786FA02460B4624
:1070B00030463946E9F7C8F8DDE90E23E9F77CFAEE
:1070C000DDE90623CDE9080110461946E9F774FA0F
:1070D0007BA3D3E9002304460D46E9F76DFA7AA3B2
:1070E000D3E90023E9F7B2F822462B46E9F764FA20
:1070F00077A3D3E90023E9F7A9F822462B46E9F75D
:107100005BFA75A3D3E90023E9F7A0F822462B46E2
:10711000E9F752FA72A3D3E90023E9F797F8224678
:107120002B46E9F749FA70A3D3E90023E9F78EF873
:10713000224606460F462B4620462946E9F73CFAEA
:1071400002460B4630463946E9F736FA04460D4604
:10715000DDE9060142464B46E9F778F8DDE9082308
:10716000E9F72AFA22462B46E9F770F842468246AA
:107170008B464B4640464946E9F71EFA0022684BCB
:1071800006460F46E9F762F852465B46E9F75EF8B5
:1071900000240D4622460B4640464946E9F70CFAC4
:1071A000002280468946204629465D4BE9F74CF887
:1071B00032463B46E9F748F802460B4650465946E8
:1071C000E9F742F8DDE90623E9F7F6F92246064633
:1071D0000F46DDE908012B46E9F7EEF902460B46BA
:1071E00030463946E9F732F8002406460F46024693
:1071F0000B4640464946E9F729F83DA3D3E9002369
:1072000020460D46E9F7D8F942464B46CDE906013E
:1072100020462946E9F718F802460B46304639461B
:10722000E9F712F834A3D3E90023E9F7C5F934A349
:10723000D3E9002306460F4620462946E9F7BCF964
:1072400002460B4630463946E9F700F80B9A354BB3
:1072500000241344D3E90023E8F7F8FF82460A9894
:107260008B46E9F73FF906460F460B9A2E4B13441F
:10727000D3E900895246DDE906015B46E8F7E6FFFF
:1072800042464B46E8F7E2FF32463B46E8F7DEFF70
:1072900032463B4620460D46E8F7D6FF42464B466F
:1072A000E8F7D2FFDDE90623E8F7CEFF02460B46FA
:1072B000504659461CE600248AE60126A0E600BF97
:1072C000EF4E454A287ECA3F65DBC9934A86CD3FCB
:1072D00001411DA96074D13F4D268F515555D53FB1
:1072E000FFAB6FDBB66DDB3F033333333333E33F49
:1072F000000000E009C7EE3FFD033ADC09C7EE3F9E
:10730000F5015B14E02F3EBE0000F07F000040431B
:107310008E98030079B60B00888105080000F03FC5
:107320000000084068810508788105089AA3D3E920
:10733000002330463946E8F789FF4246CDE900018F
:107340004B4620462946E8F77FFF02460B46DDE91B
:107350000001E9F7C1FB00287FF40CAEA04B22E04E
:10736000A04C21F00043A34219D99F4B0B44034387
:1073700009D0DDE9020100220023E9F78FFB003884
:1073800018BF012027E542464B46E8F75DFF32462D
:107390003B46E9F797FB0028EBD1944B03E0944A76
:1073A000934240F2E1804FF4801A1B15A3F2FE33A2
:1073B0004AFA03FADA44CAF30A518E48A1F2FF31BD
:1073C000084100EA0A03CAF3130AC1F114014AF49E
:1073D000801A40464AFA01FABBF1000F49464FF0C5
:1073E0000002B8BFCAF1000AE8F72EFF80468946BE
:1073F000002432463B4640464946E8F727FF68A34B
:10740000D3E9002320460D46E9F7D6F842464B461D
:10741000CDE9000120462946E8F716FF02460B4653
:1074200030463946E8F710FF5FA3D3E90023E9F7B8
:10743000C3F85FA3D3E90023804689462046294646
:10744000E9F7BAF802460B4640464946E8F7FEFE21
:1074500004460D4602460B46DDE90001E8F7F6FE5C
:10746000DDE9002380468946E8F7EEFE02460B463A
:1074700020462946E8F7E8FE424606460F464B46B8
:1074800040464946E9F798F84BA3D3E90023044660
:107490000D46E9F791F84AA3D3E90023E8F7D4FEB3
:1074A00022462B46E9F788F847A3D3E90023E8F7FB
:1074B000CDFE22462B46E9F77FF845A3D3E900230A
:1074C000E8F7C2FE22462B46E9F776F842A3D3E955
:1074D0000023E8F7BBFE22462B46E9F76DF802468B
:1074E0000B4640464946E8F7AFFE04460D460246C5
:1074F0000B4640464946E9F75FF80022CDE9000116
:107500004FF0804320462946E8F79EFE02460B4690
:10751000DDE90001E9F77AF9324604460D463B46BB
:1075200040464946E9F748F832463B46E8F78EFEC2
:1075300002460B4620462946E8F786FE42464B4661
:10754000E8F782FE02460B4600202B49E8F77CFE56
:1075500001EB0A54B4F5801F09DA524600F0ECF949
:10756000DDE90223FFF789BBDDF810A040E72146E3
:10757000F6E700202049FFF735BBDDE90001FFF702
:1075800031BB50465946FFF72DBB0C46FFF787BB72
:107590000024FFF769BB00BFFE822B654715973CAF
:1075A00000000000432EE63FEF39FAFE422EE63F90
:1075B000396CA80C615C20BED0A4BE726937663EEF
:1075C000F16BD2C541BDBB3E2CDE25AF6A56113FE3
:1075D00093BDBE166CC1663F3E5555555555C53FCA
:1075E00000009040FFCB904000346F3F00CC9040B3
:1075F0000000E03F0000F0FF0000F03F21F00043FA
:1076000019467047F8B521F00046B6F1FF4F034622
:1076100005D820F00042B2F1FF4F074604D91846C2
:10762000E9F7F8FA034610E0B1F17E5F03D1BDE857
:10763000F84000F06FB88C1704F0020444EAD074EC
:107640002AB9022C4BD0032C4BD01846F8BD1EB9DA
:10765000002F4CDB274BF8E7B6F1FF4F0ED1B2F10C
:10766000FF4F04F1FF3405D1022C3CD8224B53F8D4
:107670002430EAE7022C38D8204BF8E7B2F1FF4F6C
:10768000E6D0921BB2F1F45F4FEAE25017DA00291C
:1076900001DA3C3015DB1846E9F778FC00F046F9D2
:1076A00000F038F80346012C0DD0022C0ED0002C2F
:1076B000CBD013491846E9F7ADFA12490CE00D4B4F
:1076C000F1E70023EFE703F10043BEE70C4918465A
:1076D000E9F7A0FA01460B48E9F79AFAA2E7094B45
:1076E000B3E7094BB1E7094BAFE70023ADE7084B20
:1076F000ABE700BFDB0FC93FA481050898810508EF
:107700002EBDBB33DB0F4940DB0F49C0DB0F493FC8
:10771000DB0FC9BF2DE9F04120F00045B5F1A14FC5
:10772000044680460ED3B5F1FF4F04D90146E9F770
:1077300071FA044603E0002840F3CE80674C2046EF
:10774000BDE8F081664B9D420ED8B5F1445F08D28A
:107750006449E9F75FFA4FF07E51E9F71FFD002811
:10776000EDD14FF0FF361CE000F0E0F85E4B044630
:107770009D427CD8A3F5D0039D4267D80146E9F726
:1077800049FA4FF07E51E9F743FA4FF08041054640
:107790002046E9F73FFA01462846E9F7F7FB0026BD
:1077A000044621462046E9F73DFB01460746E9F736
:1077B00039FB05464D49E9F735FB4D49E9F72AFA0A
:1077C0002946E9F72FFB4B49E9F724FA2946E9F75F
:1077D00029FB4949E9F71EFA2946E9F723FB4749FE
:1077E000E9F718FA2946E9F71DFB4549E9F712FAC6
:1077F0003946E9F717FB434907462846E9F712FBE4
:107800004149E9F705FA2946E9F70CFB3F49E9F751
:10781000FFF92946E9F706FB3D49E9F7F9F9294659
:10782000E9F700FB3B49E9F7F3F92946E9F7FAFAEA
:1078300001463846E9F7EEF92146E9F7F3FA731CF9
:10784000014633D12046E9F7E3F972E74FF07E5164
:10785000E9F7DEF94FF07E5105462046E9F7DAF9FF
:1078600001462846E9F792FB0126044699E72A4B90
:107870009D4214D84FF07F51E9F7CAF94FF07F517C
:1078800005462046E9F7CEFA4FF07E51E9F7C2F9F6
:1078900001462846E9F77AFB0226044681E70146BD
:1078A0001E48E9F773FB032604467AE71C4B53F89E
:1078B0002610E9F7ADF92146E9F7AAF9194B014677
:1078C00053F82600E9F7A4F9B8F1000F0446BFF613
:1078D00036AF00F1004432E7134C30E7DB0FC93F0D
:1078E000FFFFDF3ECAF24971FFFF973FD769853C32
:1078F00059DA4B3D356B883D6E2EBA3D2549123E17
:10790000ABAAAA3E21A215BD6BF16E3D95879D3DA8
:10791000388EE33DCDCC4C3EFFFF1B40000080BFC6
:10792000B0810508C0810508DB0FC9BF20F0004009
:1079300070470000000000002DE9F0481646C1F332
:107940000A5283468C460B4682B921F0004303431A
:1079500035D02D4B0022E8F72FFE2C4B83469E425C
:107960008C460DDA24A3D3E9002319E040F2FF7717
:10797000BA4209D10246E8F769FC83468C461EE00C
:107980000B46C1F30A52363A4CF250318E420ADDB0
:107990001BA3D3E90023654663F31E0529461C4853
:1079A000E8F70AFEE9E740F2FE7132448A42EFDC72
:1079B000002A08DD6FF31E5343EA0255AC465846D1
:1079C0006146BDE8F08812F1350F09DA0CF000438A
:1079D00043F0D27141F4B7310E4841F01F01C1E7C5
:1079E00036326FF31E5343EA0255584629460022A9
:1079F000094BD5E7AFF3008059F3F8C21F6EA5011C
:107A00009C7500883CE4377E00005043B03CFFFF8B
:107A10009C75008859F3F8C20000903C70B504468C
:107A20000D461646FEF7A4F929460660204670BDAD
:107A300013B50446194610460CB103F10043CDE9D5
:107A40000023DDE90023E8F7B7FD222202B0BDE8FC
:107A50001040FFF7E3BF00224FF08053FFF7E8BF6D
:107A600000224FF0E043FFF7E3BF0000654A2DE935
:107A7000F84F8A4306460F460B4604460ED102468F
:107A8000E8F79AFD02460B4630463946E8F7DEFB3A
:107A900006460F4630463946BDE8F88F00290CDC13
:107AA00021F000420243F5D089B10246E8F7CCFB51
:107AB00002460B46E8F7AAFEEAE70A1515D10021AF
:107AC00009E0E30A153A6405002BFAD0F7E70A4605
:107AD000FAE75B000131D802FBD5481E121AC1F14A
:107AE000200024FA00F003438C400027A2F2FF3864
:107AF0001621D2074FF400103A46C3F3130343F4A0
:107B000080135CBF5B0003EBD4734FEA430358BFA1
:107B1000640003EBD4734FEA6808640015189D42B3
:107B2000DEBF2A185B1B3F18E50F013905EB430345
:107B30004FEA44044FEA5000F0D10D4620264FF0A2
:107B40000040934200EB010C02DC13D1A44511D894
:107B5000BCF1000F0CEB00013EDA00293CDB02F126
:107B6000010E9B1A7246A44588BF03F1FF33A4EBB4
:107B70000C0405444FEAD47C013E0CEB43034FEA6E
:107B800044044FEA5000DCD11C431AD01E4CDFF8ED
:107B90007C90D4E90001D9E90023E8F755FBD4E94A
:107BA00000AB02460B4650465946E8F781FF40B10C
:107BB000D4E90001D9E90023B5F1FF3F0ED13546E4
:107BC00001377B1003F17F5303F5001303EB0851DA
:107BD0006B0843EAC7705BE79646C2E7E8F736FBF7
:107BE000D4E900AB02460B4650465946E8F756FF2B
:107BF00020B1AB1C08BF01370235E2E76B1C23F054
:107C00000105DEE70000F07FD8810508D081050876
:107C1000F8B500BFF8BC08BC9E467047F8B500BF79
:087C2000F8BC08BC9E46704749
:107C2800494D555F526561645461736B00000000F3
:107C3800253032582E253032582E25303258000043
:107C480030312E30322E303000000000686561740B
:107C58005461736B00000000686561745175657547
:107C6800650000006C65645175657565000000006D
:107C78004C45445461736B00000C01400010030331
:107C880000000000000C0140002003030000000079
:107C980064656661756C745461736B005744546114
:107CA800736B000050435F5253545461736B000070
:107CB800627574746F6E5461736B000062757474CE
:107CC8006F6E53656D000000666C61736854696D72
:107CD8006572000073656E735461736B0000000079
:107CE80073656E7353656D00636F6E73756D546164
:107CF800736B0000536D616C6C5F456467655F561C
:107D0800325F4672656552544F5300004D6F746F71
:107D1800725461736B0000004D6F746F725175651A
:107D2800756500004D6F746F7253656D446F6E65B5
:107D38000000000049444C4500000000546D7220CA
:107D480053766300546D72510000000051756575DB
:107D5800654D6F6462757354656C656772616D001B
:107D68005461736B4D6F64627573536C6176650013
:107D78005461736B4D6F646275734D617374657292
:107D8800000000004D6F6442757353706872000004
:107D98007854696D657254696D656F75740000007B
:107DA80054696D6572543335000000005080050831
:107DB8005380050856800508287C05080000000047
:107DC80000000000000000000000000000040000A7
:107DD800180000000000000000000000547C0508A6
:107DE800000000000000000000000000000000008B
:107DF8000002000018000000000000000000000061
:107E0800607C050800000000000000000000000081
:107E18000000000000000000987C05080000000039
:107E28000000000000000000000000000008000042
:107E3800180000000000000000000000A47C0508F5
:107E4800000000000000000000000000000000002A
:107E580000020000310000000000000000000000E7
:107E6800AC7C0508000000000000000000000000D5
:107E780000000000000200001A00000000000000DE
:107E880000000000B87C05080000000000000000A9
:107E980000000000000000000002000018000000C0
:107EA8000000000000000000C47C0508000000007D
:107EB8000000000000000000DC7C05080000000055
:107EC80000000000000000000000000000030000A7
:107ED800180000000000000000000000E87C050811
:107EE800000000000000000000000000F07C050811
:107EF800000000000000000000000000000000007A
:107F0800000200001800000000000000000000004F
:107F1800147D0508000000000000000000000000BB
:107F2800000000000002000018000000000000002F
:107F380000000000207D050800000000000000008F
:107F48000000000000000000000000002C7D050873
:107F58000000000000000000000000000101000116
:107F68000000010001010100000000010101010001
:107F780000000001010100010000010000000000F4
:107F880000000000010203040607080900000000C1
:107F98000102030402030405060708090A0B0C0D75
:107FA8000E0F10100102000002030405060708095D
:107FB8000A0B0C0D0E0F101001020000547D05086D
:107FC80000000000000000000000000000000000A9
:107FD80000000000687D05080000000000000000A7
:107FE8000000000000000000000400001A0000006B
:107FF8000000000000000000787D05080000000077
:108008000000000000000000000000000002000066
:108018001A00000000000000000000008C7D050828
:10802800000000000000000000000000010203043E
:108038000506686C4C00412D46612D663839303193
:108048003233343536375D002B2D00303000785808
:108058000000202020202020202020282828282830
:108068002020202020202020202020202020202008
:108078002020881010101010101010101010101060
:108088001010040404040404040404041010101060
:10809800101010414141414141010101010101011B
:1080A800010101010101010101010101011010108B
:1080B80010101042424242424202020202020202EE
:1080C800020202020202020202020202021010105E
:1080D8001020000000000000000000000000000068
:1080E8000000000000000000000000000000000088
:1080F8000000000000000000000000000000000078
:108108000000000000000000000000000000000067
:108118000000000000000000000000000000000057
:108128000000000000000000000000000000000047
:108138000000000000000000000000000000000037
:108148000000000000000000000000000000000027
:10815800000000006042A20D0000803F0000000007
:10816800000000000000000006D0CF43EBFD4C3EAD
:1081780000000000000000000000004003B8E23FDB
:10818800000000000000F03F000000000000F83F81
:1081980000000080DB0F4940DB0F49C0DB0F49BFFF
:1081A800E4CB1640E4CB16C06937AC3168212233E2
:1081B800B40F14336821A2333863ED3EDA0F493F18
:1081C8005E987B3FDA0FC93F59F3F8C21F6EA501CD
:0881D800000000000000F03F70
:0881E0005080FE7F0100000049
:0481E8001502040870
:0481EC00F101040891
:1081F00000E8070800004600FBFF55000A000200E7
:10820000983A04293200204E0500050000000100C4
:10821000282301000000010000004600FBFF55007C
:108220000A000200983A04293200204E0500050099
:108230000000010028230100000001000024F400D8
:108240001000000001000000AAAAAAAA60000020F5
:108250000000000098670020006800206868002087
:10826000000000000000000000000000000000000E
:1082700000000000000000000000000000000000FE
:1082800000000000000000000000000000000000EE
:0C829000000000000000000000000000E2
:040000050804B2CD6C
:00000001FF
